adm_id,harvest_year,yield,harvest_area,production,country_code,latitude,longitude,awc,bulk_density,drainage_class,prec_sum,tmin_mean,tmax_mean,tavg_mean,rad_mean,et0_mean,vpd_mean,cwb_mean,ndvi_mean,ndvi_max,fpar_mean,fpar_max
ZM-A2-0101,2001,1.895,32286.331,61178.347,ZM,-14.80884,27.9318,12.637,1.383,5,1051.519,16.04291780821918,26.467490410958906,20.831846575342464,20546202.94520548,4.6755808219178085,19.79692602739726,-1.7947068493150684,0.5401136363636364,0.787,46.41647222222222,65.265
ZM-A2-0101,2002,1.641,27657.64,45389.605,ZM,-14.80884,27.9318,12.637,1.383,5,705.593,16.210509589041095,26.96901369863014,21.26251780821918,20987054.84931507,4.938246575342466,21.21548493150685,-3.0051150684931507,0.4692826086956522,0.748,42.968444444444444,69.483
ZM-A2-0101,2003,2.97,37832.311,112367.903,ZM,-14.80884,27.9318,12.637,1.383,5,924.924,16.04284109589041,26.59424109589041,20.889084931506847,20919295.169863015,4.805372602739726,20.49161369863014,-2.2713342465753428,0.5127111111111111,0.788,47.17886111111111,68.852
ZM-A2-0101,2004,2.266,35453.936,80335.031,ZM,-14.80884,27.9318,12.637,1.383,5,897.398,15.817928961748635,26.318554644808746,20.61112568306011,20386399.29781421,4.66163387978142,19.595303278688526,-2.209726775956284,0.5044782608695652,0.826,45.20288888888889,65.597
ZM-A2-0101,2005,1.004,42266.299,42453.352,ZM,-14.80884,27.9318,12.637,1.383,5,669.809,16.44886301369863,27.49655890410959,21.659846575342467,21552705.038356163,5.203871232876712,23.06988219178082,-3.3687780821917808,0.4606086956521739,0.764,40.91433333333333,63.943
ZM-A2-0101,2006,2.011,44392.595,89261.977,ZM,-14.80884,27.9318,12.637,1.383,5,819.875,16.02364383561644,26.53270410958904,20.864383561643837,20531034.32328767,4.731038356164383,20.04532328767123,-2.4848054794520547,0.5108888888888888,0.782,46.40863888888889,69.021
ZM-A2-0101,2007,3.12,40397.494,126043.549,ZM,-14.80884,27.9318,12.637,1.383,5,1167.821,15.98234520547945,26.533597260273975,20.823745205479455,20424106.315068495,4.718712328767123,20.10017808219178,-1.5192027397260275,0.5062,0.828,44.565444444444445,66.758
ZM-A2-0101,2008,1.223,55104.032,67380.084,ZM,-14.80884,27.9318,12.637,1.383,5,970.523,15.504434426229507,26.487644808743166,20.52622131147541,20927060.79781421,4.857158469945356,21.064382513661204,-2.2054562841530054,0.5112391304347826,0.78,45.12766666666667,65.859
ZM-A2-0101,2009,1.562,57467.152,89790.445,ZM,-14.80884,27.9318,12.637,1.383,5,1005.487,15.56592602739726,26.00550684931507,20.303372602739724,20368862.60410959,4.5714273972602735,18.72404383561644,-1.8166684931506851,0.5166739130434782,0.771,45.94327777777778,65.533
ZM-A2-0101,2010,2.973,70341.67,209099.841,ZM,-14.80884,27.9318,12.637,1.383,5,1146.529,16.205824657534247,26.65770684931507,20.96381917808219,20234273.120547947,4.66638904109589,19.719128767123287,-1.525213698630137,0.5062444444444444,0.769,45.657833333333336,66.928
ZM-A2-0101,2011,2.15,68363.042,146973.027,ZM,-14.80884,27.9318,12.637,1.383,5,848.183,15.745712328767125,26.76149589041096,20.794479452054794,21128616.646575343,4.754386301369863,20.61633698630137,-2.4305972602739727,0.49995652173913047,0.744,44.68477777777778,66.228
ZM-A2-0101,2012,2.322,57507.757,133561.736,ZM,-14.80884,27.9318,12.637,1.383,5,963.562,15.895204918032785,26.90310382513661,20.993617486338795,20812607.756830603,4.801120218579235,21.195450819672132,-2.1684371584699456,0.49597826086956526,0.728,44.71702777777778,67.652
ZM-A2-0101,2013,1.902,75405.179,143426.397,ZM,-14.80884,27.9318,12.637,1.383,5,865.667,16.246413698630136,27.11328767123288,21.248290410958905,21043553.038356163,4.916553424657534,21.780087671232877,-2.54486301369863,0.4823333333333333,0.749,43.56772222222222,68.641
ZM-A2-0101,2014,2.571,81501.86,209534.867,ZM,-14.80884,27.9318,12.637,1.383,5,865.548,16.458835616438357,27.094476712328767,21.449309589041096,20891448.0,4.9952575342465755,22.087095890410957,-2.6238931506849315,0.46302173913043476,0.778,41.379,67.594
ZM-A2-0101,2015,1.417,78060.674,110625.07,ZM,-14.80884,27.9318,12.637,1.383,5,845.3100000000001,15.998136986301368,27.146942465753426,21.21837808219178,21313513.74657534,4.917356164383562,21.62830684931507,-2.6014383561643837,0.49541304347826093,0.755,43.70611111111111,67.117
ZM-A2-0101,2016,2.242,68089.994,152649.575,ZM,-14.80884,27.9318,12.637,1.383,5,862.332,16.422021857923497,27.21551092896175,21.491803278688526,21059193.781420764,4.978147540983606,21.932112021857925,-2.6220491803278687,0.4737173913043478,0.788,43.214444444444446,68.337
ZM-A2-0101,2017,1.942,94121.437,182746.768,ZM,-14.80884,27.9318,12.637,1.383,5,1229.852,16.17465205479452,26.29689315068493,20.821695890410957,19720396.10410959,4.536769863013698,19.173002739726027,-1.1673123287671234,0.5177391304347826,0.778,44.60636111111111,66.005
ZM-A2-0105,2001,1.564,2125.669,3323.862,ZM,-14.4187,28.36645,12.1,1.355,5,1044.228,15.87553698630137,25.943476712328767,20.465271232876713,20492364.512328766,4.643854794520548,18.615986301369862,-1.7829561643835616,0.52415,0.783,45.284888888888894,64.152
ZM-A2-0105,2002,1.273,7880.36,10035.395,ZM,-14.4187,28.36645,12.1,1.355,5,749.184,16.010536986301368,26.356180821917807,20.839723287671234,20878140.430136986,4.887441095890411,19.82629315068493,-2.834882191780822,0.47775555555555554,0.751,43.99897222222222,72.071
ZM-A2-0105,2003,3.18,3846.929,12235.127,ZM,-14.4187,28.36645,12.1,1.355,5,869.0500000000001,15.817320547945206,26.115720547945205,20.505046575342465,20861427.501369864,4.7760630136986295,19.378553424657536,-2.395104109589041,0.5200227272727272,0.815,47.20769444444445,69.306
ZM-A2-0105,2004,4.053,3065.905,12424.738,ZM,-14.4187,28.36645,12.1,1.355,5,854.538,15.637472677595627,25.883322404371587,20.2713825136612,20416455.11748634,4.662459016393442,18.67685792349727,-2.327655737704918,0.5083636363636364,0.779,45.62163888888889,66.882
ZM-A2-0105,2005,3.14,5763.701,18096.948,ZM,-14.4187,28.36645,12.1,1.355,5,641.936,16.314917808219178,27.062375342465753,21.362008219178083,21592167.482191782,5.245,22.096413698630137,-3.4862712328767125,0.46120000000000005,0.747,41.68308333333333,64.241
ZM-A2-0105,2006,2.343,2852.405,6684.023,ZM,-14.4187,28.36645,12.1,1.355,5,827.184,15.789361643835617,25.984317808219178,20.45333698630137,20457386.608219177,4.685909589041096,18.768635616438356,-2.4196520547945206,0.5114666666666666,0.789,46.33394444444444,69.639
ZM-A2-0105,2007,3.847,6700.709,25776.082,ZM,-14.4187,28.36645,12.1,1.355,5,1159.531,15.805693150684933,26.069523287671235,20.476057534246575,20439054.468493152,4.716728767123287,19.05607397260274,-1.5399315068493151,0.5077619047619047,0.847,45.608555555555554,68.724
ZM-A2-0105,2008,3.172,8660.968,27476.916,ZM,-14.4187,28.36645,12.1,1.355,5,980.683,15.319931693989071,25.848693989071037,20.09994262295082,20942862.013661202,4.833150273224044,19.629377049180327,-2.153688524590164,0.4952857142857143,0.792,45.38941666666667,66.567
ZM-A2-0105,2009,3.139,6656.428,20894.916,ZM,-14.4187,28.36645,12.1,1.355,5,1058.029,15.423227397260273,25.41382191780822,19.893298630136986,20258697.66849315,4.526621917808219,17.447112328767123,-1.6279123287671233,0.5198636363636363,0.791,47.286833333333334,68.935
ZM-A2-0105,2010,2.019,4080.074,8237.202,ZM,-14.4187,28.36645,12.1,1.355,5,1166.533,15.977123287671231,26.084824657534245,20.542021917808217,20185538.739726026,4.630517808219178,18.496120547945203,-1.43453698630137,0.5239111111111111,0.794,47.08088888888889,69.732
ZM-A2-0105,2011,4.294,6417.091,27551.889,ZM,-14.4187,28.36645,12.1,1.355,5,777.52,15.593419178082192,26.283898630136985,20.476605479452054,21145167.07671233,4.749035616438356,19.581150684931508,-2.6188438356164383,0.5166086956521739,0.755,45.955000000000005,68.599
ZM-A2-0105,2012,3.333,5312.632,17705.498,ZM,-14.4187,28.36645,12.1,1.355,5,941.351,15.710019125683061,26.448270491803274,20.658715846994536,20810904.158469945,4.804718579234973,20.19538524590164,-2.23272131147541,0.5195652173913043,0.768,45.75963888888889,68.254
ZM-A2-0105,2013,2.604,7158.486,18638.59,ZM,-14.4187,28.36645,12.1,1.355,5,820.361,16.06171780821918,26.571879452054798,20.874583561643835,21032426.098630138,4.909641095890411,20.631780821917808,-2.662076712328767,0.48513953488372097,0.757,44.05913888888889,70.841
ZM-A2-0105,2014,2.83,7265.191,20559.018,ZM,-14.4187,28.36645,12.1,1.355,5,855.556,16.221076712328767,26.518616438356165,21.024087671232877,20888063.378082193,4.975983561643836,20.794991780821917,-2.6319945205479454,0.452,0.817,42.81086111111111,70.152
ZM-A2-0105,2015,2.191,7575.879,16599.219,ZM,-14.4187,28.36645,12.1,1.355,5,892.125,15.85281095890411,26.604180821917808,20.834479452054794,21303505.61780822,4.898358904109589,20.41670684931507,-2.454180821917808,0.5029777777777777,0.768,44.587583333333335,68.803
ZM-A2-0105,2016,1.99,6956.395,13845.073,ZM,-14.4187,28.36645,12.1,1.355,5,865.659,16.259926229508196,26.740117486338796,21.13770218579235,21060283.38661202,4.9781939890710385,20.89881693989071,-2.6130054644808745,0.4811818181818182,0.767,44.39055555555555,69.952
ZM-A2-0105,2017,3.137,8912.145,27955.511,ZM,-14.4187,28.36645,12.1,1.355,5,1162.328,16.0536301369863,25.839876712328767,20.50464109589041,19624289.11506849,4.5296520547945205,18.1964301369863,-1.3451917808219178,0.5373953488372093,0.818,46.63763888888889,66.748
ZM-A2-0106,2001,0.726,9494.099,6894.08,ZM,-14.0812,28.49417,12.479,1.342,5,1148.332,15.90835890410959,26.51807397260274,20.68157808219178,20330726.997260273,4.605698630136986,19.865695890410958,-1.4595835616438357,0.5853953488372093,0.787,50.01272222222222,64.604
ZM-A2-0106,2002,1.739,9395.961,16336.535,ZM,-14.0812,28.49417,12.479,1.342,5,856.305,16.052394520547946,26.85550684931507,21.00938904109589,20660563.545205478,4.801997260273973,20.845635616438358,-2.4559561643835615,0.544804347826087,0.773,49.10633333333333,69.215
ZM-A2-0106,2003,2.223,23029.335,51194.54,ZM,-14.0812,28.49417,12.479,1.342,5,1047.494,15.82627397260274,26.547205479452053,20.636139726027398,20662766.10958904,4.690106849315068,20.15727123287671,-1.8202602739726026,0.5728,0.786,51.45088888888889,68.26
ZM-A2-0106,2004,2.418,22948.264,55487.974,ZM,-14.0812,28.49417,12.479,1.342,5,995.223,15.665620218579235,26.32768579234973,20.426024590163934,20230679.05464481,4.5932704918032785,19.570983606557377,-1.8740819672131148,0.5701739130434783,0.794,50.37661111111111,67.135
ZM-A2-0106,2005,1.132,23513.223,26609.867,ZM,-14.0812,28.49417,12.479,1.342,5,731.614,16.283153424657534,27.439797260273973,21.470391780821917,21404274.652054794,5.111632876712329,22.79737808219178,-3.1072109589041097,0.5126521739130435,0.789,45.59575,64.416
ZM-A2-0106,2006,2.033,35450.077,72062.26,ZM,-14.0812,28.49417,12.479,1.342,5,994.65,15.79415890410959,26.39284109589041,20.580021917808217,20268886.10410959,4.605972602739726,19.55992602739726,-1.880904109589041,0.5609333333333334,0.761,50.83472222222222,69.892
ZM-A2-0106,2007,1.653,29248.17,48357.178,ZM,-14.0812,28.49417,12.479,1.342,5,1199.14,15.854345205479452,26.56047397260274,20.683052054794523,20283353.473972604,4.66508493150685,20.088260273972605,-1.3797698630136985,0.5695652173913043,0.807,49.19225,68.408
ZM-A2-0106,2008,2.308,41781.419,96450.949,ZM,-14.0812,28.49417,12.479,1.342,5,1034.708,15.39303005464481,26.33251912568306,20.31064207650273,20770931.715846993,4.765437158469946,20.607150273224043,-1.9383661202185793,0.5551777777777778,0.779,48.69225,65.899
ZM-A2-0106,2009,1.875,44375.181,83213.598,ZM,-14.0812,28.49417,12.479,1.342,5,1163.336,15.565309589041096,25.97895890410959,20.186093150684933,20052909.920547944,4.508868493150685,18.662827397260273,-1.3216465753424658,0.5695869565217392,0.749,49.819694444444444,64.716
ZM-A2-0106,2010,2.019,43038.797,86874.905,ZM,-14.0812,28.49417,12.479,1.342,5,1222.296,15.98498904109589,26.572575342465754,20.72811232876712,20123214.865753423,4.6027945205479455,19.60096712328767,-1.2540383561643835,0.5542222222222223,0.775,48.906555555555556,66.062
ZM-A2-0106,2011,2.124,47272.133,100406.944,ZM,-14.0812,28.49417,12.479,1.342,5,935.114,15.610797260273973,26.660999999999998,20.592528767123287,20913938.02739726,4.667030136986301,20.27569315068493,-2.1050739726027397,0.5554782608695652,0.755,48.70616666666667,68.197
ZM-A2-0106,2012,2.763,43824.685,121098.587,ZM,-14.0812,28.49417,12.479,1.342,5,1057.408,15.722234972677596,26.79774043715847,20.772420765027324,20560419.88797814,4.6960382513661205,20.853185792349727,-1.8069453551912569,0.5390869565217391,0.736,47.41983333333334,66.821
ZM-A2-0106,2013,2.566,45744.046,117359.952,ZM,-14.0812,28.49417,12.479,1.342,5,902.167,16.077446575342467,26.9773095890411,21.01314520547945,20847806.249315068,4.815890410958904,21.424583561643836,-2.3442000000000003,0.5399333333333334,0.762,48.00491666666667,69.57
ZM-A2-0106,2014,2.874,67628.917,194354.776,ZM,-14.0812,28.49417,12.479,1.342,5,987.43,16.229701369863015,26.938838356164382,21.16141095890411,20644387.7630137,4.860049315068493,21.61880273972603,-2.154761643835616,0.5243043478260869,0.827,45.67472222222222,66.673
ZM-A2-0106,2015,1.808,73518.858,132925.957,ZM,-14.0812,28.49417,12.479,1.342,5,985.769,15.922282191780821,27.043742465753425,21.0055698630137,21079734.230136987,4.813767123287671,21.266208219178083,-2.113030136986301,0.5437173913043478,0.807,47.559694444444446,67.082
ZM-A2-0106,2016,2.698,68105.266,183745.278,ZM,-14.0812,28.49417,12.479,1.342,5,988.876,16.27884699453552,27.080043715846994,21.252371584699453,20842473.63114754,4.864308743169399,21.575666666666667,-2.1624617486338797,0.5202888888888889,0.81,46.84458333333333,68.53
ZM-A2-0106,2017,2.563,82936.404,212549.682,ZM,-14.0812,28.49417,12.479,1.342,5,1274.927,16.109983561643837,26.353643835616438,20.714942465753424,19522947.567123286,4.496046575342466,19.229271232876712,-1.0030958904109588,0.5607173913043478,0.795,47.91536111111111,67.056
ZM-A2-0110,2001,1.236,7098.0,8774.82,ZM,-13.96444,29.41313,11.978,1.353,5,1212.214,15.491978082191782,25.341641095890413,19.891712328767124,20060834.41369863,4.436904109589041,17.791194520547947,-1.1157698630136985,0.5942045454545455,0.784,49.88691666666667,64.846
ZM-A2-0110,2002,2.063,14014.0,28909.0,ZM,-13.96444,29.41313,11.978,1.353,5,866.972,15.603687671232876,25.56928493150685,20.1527698630137,20410269.28219178,4.612887671232877,18.413912328767125,-2.237621917808219,0.5477173913043478,0.763,47.91569444444444,66.365
ZM-A2-0110,2003,3.779,32101.91,121315.55,ZM,-13.96444,29.41313,11.978,1.353,5,1041.82,15.358931506849316,25.32507397260274,19.812753424657533,20325401.82191781,4.4963205479452055,17.93705205479452,-1.6420191780821918,0.589304347826087,0.792,51.438722222222225,67.229
ZM-A2-0110,2004,5.452,23230.528,126642.917,ZM,-13.96444,29.41313,11.978,1.353,5,1031.238,15.232177595628414,25.08172131147541,19.605685792349725,19873741.37704918,4.410295081967213,17.3525956284153,-1.5927049180327868,0.5920869565217391,0.783,50.955777777777776,65.051
ZM-A2-0110,2005,3.266,27345.0,89308.5,ZM,-13.96444,29.41313,11.978,1.353,5,719.196,15.782594520547946,26.169950684931504,20.580482191780824,21228125.438356165,4.933079452054795,20.332994520547945,-2.962679452054794,0.5272608695652174,0.858,46.37544444444445,64.208
ZM-A2-0110,2006,5.584,35060.0,195781.0,ZM,-13.96444,29.41313,11.978,1.353,5,1091.353,15.387336986301369,25.18712602739726,19.785115068493152,19996465.06027397,4.42781095890411,17.359986301369865,-1.4378027397260273,0.5843695652173914,0.787,50.33102777777778,66.887
ZM-A2-0110,2007,4.664,29995.282,139906.634,ZM,-13.96444,29.41313,11.978,1.353,5,1229.077,15.433931506849316,25.25395342465753,19.812106849315068,19912946.9260274,4.458638356164384,17.641616438356163,-1.0913041095890412,0.5729555555555556,0.787,49.54088888888889,67.204
ZM-A2-0110,2008,3.148,17195.0,54130.0,ZM,-13.96444,29.41313,11.978,1.353,5,1074.362,15.018319672131147,24.991483606557377,19.467234972677595,20426318.098360654,4.557073770491803,18.11041530054645,-1.6216584699453553,0.5618,0.756,49.34463888888889,66.331
ZM-A2-0110,2009,3.9,22550.65,87956.252,ZM,-13.96444,29.41313,11.978,1.353,5,1194.345,15.214550684931506,24.72167397260274,19.42718630136986,19745450.297260273,4.31073698630137,16.4377698630137,-1.038558904109589,0.5818913043478261,0.749,50.45502777777778,63.782
ZM-A2-0110,2010,2.98,18297.843,54519.422,ZM,-13.96444,29.41313,11.978,1.353,5,1274.531,15.582005479452054,25.299391780821917,19.914331506849315,19812349.793150686,4.4037999999999995,17.3267698630137,-0.9119342465753425,0.5705777777777777,0.82,49.68161111111111,64.27
ZM-A2-0110,2011,3.764,34535.894,130000.201,ZM,-13.96444,29.41313,11.978,1.353,5,907.7090000000001,15.26964109589041,25.419424657534247,19.815849315068494,20712241.31780822,4.510860273972603,18.056364383561643,-2.023986301369863,0.5714565217391304,0.749,49.65727777777778,65.732
ZM-A2-0110,2012,3.287,23775.815,78159.825,ZM,-13.96444,29.41313,11.978,1.353,5,1047.083,15.3495,25.610437158469946,19.99491530054645,20350316.521857925,4.547904371584699,18.709297814207652,-1.6870218579234975,0.5582173913043479,0.746,48.73861111111111,66.268
ZM-A2-0110,2013,3.252,25181.694,81880.02,ZM,-13.96444,29.41313,11.978,1.353,5,896.1419999999999,15.651186301369863,25.852983561643835,20.259501369863013,20675977.715068493,4.686197260273973,19.45542191780822,-2.231013698630137,0.5561304347826087,0.754,49.218555555555554,68.397
ZM-A2-0110,2014,4.423,29530.093,130616.547,ZM,-13.96444,29.41313,11.978,1.353,5,925.842,15.819920547945205,25.839605479452054,20.416054794520548,20378614.052054796,4.715350684931507,19.63360273972603,-2.1787972602739725,0.5430888888888888,0.841,47.288,66.179
ZM-A2-0110,2015,2.619,19909.38,52134.436,ZM,-13.96444,29.41313,11.978,1.353,5,979.578,15.582498630136987,25.977021917808216,20.321405479452054,20896390.35890411,4.685780821917808,19.409350684931507,-2.0020054794520545,0.5561521739130434,0.742,48.80558333333333,67.871
ZM-A2-0110,2016,3.299,20349.591,67125.257,ZM,-13.96444,29.41313,11.978,1.353,5,939.933,15.858319672131147,26.005357923497264,20.53871038251366,20685248.773224045,4.729153005464481,19.590707650273224,-2.161030054644809,0.5419782608695652,0.806,47.73888888888889,68.46
ZM-A2-0110,2017,3.267,29422.98,96130.696,ZM,-13.96444,29.41313,11.978,1.353,5,1253.227,15.655665753424659,25.227416438356162,19.964186301369864,19270551.975342467,4.31472602739726,17.15770684931507,-0.881227397260274,0.5822826086956522,0.811,48.85908333333333,65.028
ZM-A2-0111,2001,1.176,9796.0,11523.24,ZM,-13.16297,30.15812,12.056,1.353,5,1247.299,14.930115068493151,25.03708767123288,19.40438904109589,20093103.95068493,4.359621917808219,17.68861369863014,-0.9423643835616439,0.5937111111111111,0.772,51.00202777777778,64.936
ZM-A2-0111,2002,1.127,5636.0,6353.0,ZM,-13.16297,30.15812,12.056,1.353,5,1039.095,14.963169863013698,25.10517808219178,19.5431698630137,20180363.619178083,4.42951506849315,17.865819178082194,-1.5826794520547944,0.5785217391304348,0.786,51.11822222222222,68.112
ZM-A2-0111,2003,1.489,9524.0,14185.51,ZM,-13.16297,30.15812,12.056,1.353,5,1193.373,14.804334246575344,25.020663013698627,19.32326301369863,20337204.92328767,4.403761643835616,17.717487671232877,-1.1342465753424658,0.5889347826086957,0.762,51.561527777777776,67.088
ZM-A2-0111,2004,1.592,11880.23,18907.896,ZM,-13.16297,30.15812,12.056,1.353,5,1301.155,14.66552732240437,24.626404371584698,19.05891256830601,19734564.5,4.264363387978142,16.799609289617486,-0.709295081967213,0.5982608695652174,0.782,52.43508333333333,67.095
ZM-A2-0111,2005,1.051,10955.0,11513.45,ZM,-13.16297,30.15812,12.056,1.353,5,873.936,15.053452054794521,25.6,19.90808219178082,21166329.97260274,4.730572602739726,19.444101369863013,-2.336227397260274,0.5573913043478261,0.76,50.27875,67.219
ZM-A2-0111,2006,2.138,11119.0,23769.0,ZM,-13.16297,30.15812,12.056,1.353,5,1298.3220000000001,14.809819178082192,24.805805479452058,19.254854794520547,20019232.683561645,4.320539726027397,17.031706849315068,-0.7634931506849315,0.5957608695652175,0.775,52.49766666666667,68.864
ZM-A2-0111,2007,1.514,15114.55,22890.093,ZM,-13.16297,30.15812,12.056,1.353,5,1419.846,14.857890410958904,24.828408219178083,19.26626575342466,19787517.87260274,4.323260273972603,17.19675890410959,-0.4332712328767123,0.5937173913043479,0.771,50.91083333333333,67.484
ZM-A2-0111,2008,1.694,14333.0,24274.0,ZM,-13.16297,30.15812,12.056,1.353,5,1173.892,14.513874316939892,24.606183060109288,19.01714480874317,20311932.99453552,4.42318306010929,17.65451092896175,-1.215827868852459,0.5835217391304347,0.83,51.34166666666667,68.108
ZM-A2-0111,2009,2.224,15618.14,34732.141,ZM,-13.16297,30.15812,12.056,1.353,5,1286.1,14.716794520547946,24.486504109589042,19.029202739726028,19832588.983561642,4.2519835616438355,16.43314794520548,-0.7284219178082192,0.5993777777777778,0.787,52.215916666666665,65.519
ZM-A2-0111,2010,3.103,25644.247,79567.025,ZM,-13.16297,30.15812,12.056,1.353,5,1375.003,15.063106849315067,25.028994520547947,19.504128767123287,20000058.493150685,4.366564383561644,17.38555890410959,-0.5994328767123288,0.5871777777777778,0.769,51.23663888888889,66.154
ZM-A2-0111,2011,3.188,17273.73,55064.667,ZM,-13.16297,30.15812,12.056,1.353,5,1058.062,14.751287671232877,24.9680301369863,19.30372602739726,20705945.449315067,4.399602739726028,17.504027397260273,-1.5008027397260275,0.5906521739130435,0.771,51.974833333333336,67.81
ZM-A2-0111,2012,3.066,19517.816,59837.479,ZM,-13.16297,30.15812,12.056,1.353,5,1221.44,14.802617486338796,25.1483087431694,19.440601092896177,20176457.590163935,4.393691256830601,18.09948087431694,-1.0564234972677595,0.587391304347826,0.755,50.772999999999996,65.225
ZM-A2-0111,2013,2.958,14964.834,44266.564,ZM,-13.16297,30.15812,12.056,1.353,5,1016.831,15.065063013698628,25.481542465753428,19.785372602739727,20678637.597260274,4.568408219178083,19.104027397260275,-1.7825698630136988,0.5804565217391304,0.777,51.20663888888889,69.536
ZM-A2-0111,2014,3.115,18169.013,56595.985,ZM,-13.16297,30.15812,12.056,1.353,5,1103.602,15.233216438356164,25.420827397260275,19.885145205479454,20340534.728767123,4.565221917808219,19.05690684931507,-1.5416547945205479,0.5755217391304348,0.78,51.02625,68.85
ZM-A2-0111,2015,2.077,19205.992,39882.998,ZM,-13.16297,30.15812,12.056,1.353,5,1079.956,15.098323287671233,25.545315068493153,19.843761643835617,20737558.271232877,4.540232876712329,18.885928767123286,-1.5814493150684932,0.5868695652173913,0.763,51.90244444444445,68.816
ZM-A2-0111,2016,2.736,17205.107,47080.585,ZM,-13.16297,30.15812,12.056,1.353,5,1149.053,15.230713114754098,25.524978142076503,19.959243169398906,20770347.008196723,4.589855191256831,18.941043715846995,-1.4503661202185791,0.5909130434782608,0.879,50.61072222222222,67.847
ZM-A2-0111,2017,2.435,22195.448,54037.568,ZM,-13.16297,30.15812,12.056,1.353,5,1354.443,15.144816438356164,24.92872602739726,19.549441095890412,19387605.76712329,4.245364383561644,16.98865205479452,-0.5345616438356164,0.610108695652174,0.826,51.441805555555554,65.339
ZM-A2-0113,2001,1.338,16648.0,22270.14,ZM,-15.00979,27.15114,12.814,1.408,5,1131.917,16.228490410958905,27.226361643835613,21.250950684931507,20648745.454794522,4.737441095890411,21.494482191780822,-1.6362986301369864,0.5757045454545454,0.817,50.249694444444444,71.195
ZM-A2-0113,2002,1.273,18189.0,23155.0,ZM,-15.00979,27.15114,12.814,1.408,5,741.257,16.453794520547945,27.784353424657535,21.75475068493151,21176986.726027396,5.021539726027397,23.09951506849315,-2.9906986301369862,0.4968260869565217,0.762,45.42597222222222,72.607
ZM-A2-0113,2003,1.358,21985.36,29860.06,ZM,-15.00979,27.15114,12.814,1.408,5,1011.442,16.363498630136984,27.38761917808219,21.42524109589041,21000951.010958903,4.897613698630137,22.390013698630135,-2.1265397260273975,0.5483333333333333,0.796,50.18808333333333,71.566
ZM-A2-0113,2004,1.728,21091.43,36439.522,ZM,-15.00979,27.15114,12.814,1.408,5,984.448,16.07748087431694,27.075106557377048,21.102098360655738,20519568.8852459,4.736084699453552,21.282262295081967,-2.04633606557377,0.5362,0.822,49.12241666666667,69.122
ZM-A2-0113,2005,0.789,19602.0,15471.58,ZM,-15.00979,27.15114,12.814,1.408,5,775.747,16.659679452054796,28.184961643835617,22.0866301369863,21563873.287671234,5.228821917808219,24.667580821917806,-3.1034876712328763,0.4732608695652174,0.782,41.62277777777778,66.257
ZM-A2-0113,2006,1.509,18008.0,27177.0,ZM,-15.00979,27.15114,12.814,1.408,5,939.614,16.231884931506848,27.15486301369863,21.24871506849315,20589869.24657534,4.767493150684931,21.456794520547945,-2.193208219178082,0.5438636363636363,0.785,49.00577777777778,72.193
ZM-A2-0113,2007,1.906,21452.377,40897.991,ZM,-15.00979,27.15114,12.814,1.408,5,1165.419,16.21692602739726,27.310558904109588,21.34063287671233,20523075.665753424,4.801709589041096,21.960882191780822,-1.6087808219178084,0.5498666666666666,0.824,48.33958333333333,70.827
ZM-A2-0113,2008,1.459,28220.0,41171.0,ZM,-15.00979,27.15114,12.814,1.408,5,1106.0049999999999,15.7425956284153,27.345584699453553,21.049273224043716,20980065.06830601,4.924322404371584,22.99605191256831,-1.9024508196721313,0.5524565217391304,0.781,48.05158333333333,69.279
ZM-A2-0113,2009,1.447,35774.34,51769.113,ZM,-15.00979,27.15114,12.814,1.408,5,1027.063,15.786865753424658,26.89347397260274,20.847616438356166,20524306.93972603,4.68441095890411,20.710942465753423,-1.870539726027397,0.5539999999999999,0.796,48.67219444444444,69.156
ZM-A2-0113,2010,2.654,41832.476,111010.496,ZM,-15.00979,27.15114,12.814,1.408,5,1190.484,16.425175342465753,27.444556164383563,21.453646575342468,20365399.88219178,4.7490575342465755,21.48198082191781,-1.4874575342465755,0.5516086956521739,0.794,48.455527777777775,68.886
ZM-A2-0113,2011,2.659,35944.085,95567.656,ZM,-15.00979,27.15114,12.814,1.408,5,994.025,15.942156164383562,27.432542465753425,21.203402739726027,21042219.843835615,4.77952602739726,22.096564383561645,-2.0561698630136984,0.5389782608695652,0.815,47.18413888888889,69.257
ZM-A2-0113,2012,2.458,34109.441,83851.565,ZM,-15.00979,27.15114,12.814,1.408,5,1029.994,16.143948087431696,27.59187704918033,21.444937158469944,20819331.010928962,4.837650273224043,22.745598360655734,-2.0234590163934425,0.5250217391304348,0.781,46.494166666666665,70.134
ZM-A2-0113,2013,1.507,48546.516,73162.28,ZM,-15.00979,27.15114,12.814,1.408,5,971.497,16.484816438356162,27.82054794520548,21.69890410958904,21063341.88219178,4.949969863013699,23.300931506849317,-2.2883342465753422,0.5107727272727273,0.772,45.63130555555556,70.123
ZM-A2-0113,2014,2.143,52311.153,112099.652,ZM,-15.00979,27.15114,12.814,1.408,5,959.15,16.67030136986301,27.81267671232877,21.887649315068494,20933324.5,5.010142465753424,23.62532876712329,-2.3823342465753425,0.5012222222222222,0.814,44.35352777777778,69.38
ZM-A2-0113,2015,0.915,56894.58,52084.835,ZM,-15.00979,27.15114,12.814,1.408,5,902.452,16.272912328767124,27.91935616438356,21.72418082191781,21340850.328767125,4.988904109589042,23.425654794520547,-2.516432876712329,0.5102608695652174,0.775,45.32666666666667,68.433
ZM-A2-0113,2016,2.143,53494.557,114647.023,ZM,-15.00979,27.15114,12.814,1.408,5,1027.871,16.68468579234973,27.857759562841533,21.91584426229508,21039436.45081967,5.010754098360655,23.424920765027323,-2.202363387978142,0.5115869565217391,0.803,45.97083333333333,71.287
ZM-A2-0113,2017,1.818,61196.384,111278.797,ZM,-15.00979,27.15114,12.814,1.408,5,1323.264,16.347912328767123,26.9814301369863,21.2535698630137,19846044.864383563,4.61133698630137,20.779153424657533,-0.9859561643835616,0.5360888888888888,0.817,46.41841666666667,69.553
ZM-A2-0201,2001,1.158,1308.0,1514.185,ZM,-12.29436,27.73533,10.692,1.337,5,1334.017,15.72990684931507,26.82152602739726,20.78730410958904,20814213.139726028,4.66998904109589,21.052378082191783,-1.0151479452054795,0.559025,0.795,48.268166666666666,68.203
ZM-A2-0201,2002,0.954,837.583,798.745,ZM,-12.29436,27.73533,10.692,1.337,5,1179.792,15.978498630136986,26.95762739726027,21.02759178082192,20850028.197260275,4.742041095890411,21.307775342465753,-1.5097342465753425,0.5410243902439024,0.8,48.23619444444444,69.076
ZM-A2-0201,2003,2.074,2215.22,4594.199,ZM,-12.29436,27.73533,10.692,1.337,5,1279.58,15.799052054794522,26.947032876712328,20.87712876712329,21184563.00547945,4.7662219178082195,21.37845479452055,-1.260523287671233,0.556186046511628,0.789,49.294222222222224,69.423
ZM-A2-0201,2004,2.334,2613.466,6099.478,ZM,-12.29436,27.73533,10.692,1.337,5,1220.893,15.58021038251366,26.591614754098362,20.595054644808744,20734866.50546448,4.643669398907104,20.458863387978145,-1.307896174863388,0.5727317073170731,0.845,49.566805555555554,69.35
ZM-A2-0201,2005,1.506,3275.896,4933.0,ZM,-12.29436,27.73533,10.692,1.337,5,954.082,16.13821369863014,27.407153424657537,21.455627397260272,21601480.734246574,4.992032876712329,22.835591780821918,-2.3781095890410957,0.5425,0.772,47.06572222222222,69.124
ZM-A2-0201,2006,2.163,2975.938,6435.635,ZM,-12.29436,27.73533,10.692,1.337,5,1303.598,15.67122191780822,26.576575342465755,20.713594520547947,20834372.920547944,4.639972602739726,20.193142465753425,-1.0684712328767123,0.5629523809523809,0.792,47.864555555555555,70.312
ZM-A2-0201,2007,1.735,2714.169,4709.888,ZM,-12.29436,27.73533,10.692,1.337,5,1152.755,15.851328767123286,27.058043835616438,21.105180821917806,20840117.575342465,4.787515068493151,21.72561095890411,-1.6292821917808218,0.5635,0.863,47.202555555555556,71.206
ZM-A2-0201,2008,2.308,2495.354,5758.089,ZM,-12.29436,27.73533,10.692,1.337,5,1148.696,15.423467213114753,26.799497267759563,20.71201912568306,21083349.286885247,4.830795081967213,21.99791530054645,-1.6922814207650274,0.5612,0.819,48.66416666666667,69.598
ZM-A2-0201,2009,1.56,2935.703,4579.619,ZM,-12.29436,27.73533,10.692,1.337,5,1352.047,15.550709589041096,26.616654794520546,20.64964109589041,20723302.287671234,4.6561150684931505,20.59584931506849,-0.9518767123287671,0.580195652173913,0.805,49.85897222222222,72.929
ZM-A2-0201,2010,1.928,3532.929,6812.55,ZM,-12.29436,27.73533,10.692,1.337,5,1397.94,15.87031506849315,27.03496164383562,21.060041095890412,20964548.65479452,4.760101369863014,21.31697808219178,-0.9301287671232877,0.570911111111111,0.805,48.07144444444444,71.232
ZM-A2-0201,2011,2.109,3737.231,7880.855,ZM,-12.29436,27.73533,10.692,1.337,5,1183.523,15.464553424657534,26.71175616438356,20.634657534246575,21019858.646575343,4.625668493150685,20.526134246575342,-1.3831397260273972,0.5665348837209302,0.783,48.07486111111111,70.608
ZM-A2-0201,2012,2.309,1609.239,3715.918,ZM,-12.29436,27.73533,10.692,1.337,5,1265.069,15.71134699453552,26.91720218579235,20.936631147540982,20814836.472677596,4.688234972677596,21.3045956284153,-1.231762295081967,0.5503170731707316,0.817,46.490611111111114,67.614
ZM-A2-0201,2013,1.988,1407.955,2798.547,ZM,-12.29436,27.73533,10.692,1.337,5,1216.351,15.950257534246575,26.979328767123288,20.97418904109589,21074322.860273972,4.7593945205479455,21.559019178082192,-1.4269260273972602,0.5564651162790698,0.778,47.46611111111111,71.445
ZM-A2-0201,2014,2.445,1354.126,3311.283,ZM,-12.29436,27.73533,10.692,1.337,5,1258.221,16.089213698630136,26.947690410958902,21.094306849315068,20835511.97260274,4.748043835616438,21.629802739726028,-1.30086301369863,0.554404761904762,0.806,48.91222222222222,73.557
ZM-A2-0201,2015,2.381,1403.231,3341.732,ZM,-12.29436,27.73533,10.692,1.337,5,1275.266,15.923430136986301,26.921536986301373,20.932945205479452,21050198.771232877,4.711695890410959,21.039635616438357,-1.2178164383561643,0.5708636363636364,0.82,47.85652777777778,70.294
ZM-A2-0201,2016,2.653,1008.969,2676.474,ZM,-12.29436,27.73533,10.692,1.337,5,1362.487,16.144065573770494,27.04384972677596,21.170169398907102,21200309.825136613,4.811786885245902,21.684193989071037,-1.0891448087431694,0.5534883720930233,0.86,47.59,70.298
ZM-A2-0201,2017,2.045,1364.184,2789.995,ZM,-12.29436,27.73533,10.692,1.337,5,1372.751,15.947550684931507,26.535726027397263,20.795257534246577,20270139.284931507,4.548446575342465,19.93693698630137,-0.7874849315068494,0.592,0.852,49.160722222222226,71.013
ZM-A2-0202,2001,1.93,2200.089,4246.469,ZM,-12.49694,27.77058,10.547,1.338,5,1336.91,15.683241095890411,26.874490410958906,20.773794520547945,20865405.468493152,4.6626739726027395,21.104205479452055,-0.9999068493150686,0.5751951219512195,0.787,48.45752777777778,67.405
ZM-A2-0202,2002,1.205,2037.185,2454.952,ZM,-12.49694,27.77058,10.547,1.338,5,1148.703,15.925594520547945,27.014386301369864,21.02267123287671,20927456.293150686,4.739504109589041,21.39460821917808,-1.592372602739726,0.5658636363636363,0.789,49.04897222222222,69.147
ZM-A2-0202,2003,2.731,7038.581,19219.976,ZM,-12.49694,27.77058,10.547,1.338,5,1254.755,15.750380821917808,26.993758904109587,20.859920547945205,21229920.010958903,4.757468493150685,21.4266602739726,-1.3197835616438356,0.5735454545454546,0.783,50.122638888888886,69.064
ZM-A2-0202,2004,1.663,5346.553,8889.342,ZM,-12.49694,27.77058,10.547,1.338,5,1239.386,15.520478142076502,26.63310382513661,20.56725956284153,20780923.224043716,4.633030054644809,20.49615300546448,-1.2467295081967213,0.5900888888888889,0.842,50.18252777777778,68.846
ZM-A2-0202,2005,0.842,3470.104,2921.074,ZM,-12.49694,27.77058,10.547,1.338,5,925.8580000000001,16.074030136986302,27.465419178082193,21.4402301369863,21670370.093150686,4.988268493150685,22.93755068493151,-2.4516712328767123,0.5616363636363636,0.818,48.62547222222222,68.622
ZM-A2-0202,2006,2.203,4539.366,10001.186,ZM,-12.49694,27.77058,10.547,1.338,5,1290.466,15.617309589041097,26.629594520547943,20.689772602739726,20885154.860273972,4.6326465753424655,20.26519178082192,-1.097123287671233,0.5882499999999999,0.829,50.1495,69.995
ZM-A2-0202,2007,1.905,3370.942,6421.084,ZM,-12.49694,27.77058,10.547,1.338,5,1140.258,15.788602739726027,27.09767123287671,21.06833698630137,20889303.13150685,4.775345205479452,21.753372602739724,-1.6513506849315067,0.584186046511628,0.808,49.34272222222222,69.591
ZM-A2-0202,2008,1.846,3845.842,7099.894,ZM,-12.49694,27.77058,10.547,1.338,5,1163.686,15.344453551912567,26.820420765027322,20.6636912568306,21144708.603825137,4.816959016393443,21.997934426229506,-1.6374890710382515,0.5788222222222222,0.832,50.23313888888889,68.568
ZM-A2-0202,2009,1.589,5164.823,8208.085,ZM,-12.49694,27.77058,10.547,1.338,5,1355.005,15.490835616438355,26.642052054794522,20.609468493150686,20765873.17260274,4.6415561643835614,20.5851698630137,-0.929213698630137,0.5961739130434782,0.811,52.2625,70.329
ZM-A2-0202,2010,1.85,9291.631,17191.92,ZM,-12.49694,27.77058,10.547,1.338,5,1420.528,15.82868493150685,27.089986301369862,21.042383561643835,21012750.638356164,4.752715068493151,21.370701369863013,-0.8608575342465753,0.5865111111111111,0.822,50.64644444444444,70.314
ZM-A2-0202,2011,1.999,9476.996,18940.384,ZM,-12.49694,27.77058,10.547,1.338,5,1159.384,15.397758904109589,26.760536986301368,20.606994520547946,21110973.82739726,4.624156164383562,20.59147397260274,-1.4477616438356165,0.5972826086956522,0.816,50.39866666666667,67.547
ZM-A2-0202,2012,2.649,3923.071,10392.78,ZM,-12.49694,27.77058,10.547,1.338,5,1245.169,15.634918032786885,26.96908743169399,20.90268306010929,20885200.784153007,4.681360655737705,21.363521857923498,-1.27925956284153,0.591,0.806,50.87002777777778,69.097
ZM-A2-0202,2013,3.799,4896.733,18602.808,ZM,-12.49694,27.77058,10.547,1.338,5,1204.9279999999999,15.88844109589041,27.022986301369862,20.949698630136986,21130936.471232876,4.751635616438356,21.598561643835616,-1.45046301369863,0.577,0.795,50.651611111111116,71.012
ZM-A2-0202,2014,3.019,4230.173,12772.187,ZM,-12.49694,27.77058,10.547,1.338,5,1228.931,16.037419178082192,26.999021917808218,21.08507397260274,20907893.61369863,4.747558904109589,21.713706849315066,-1.3806246575342465,0.5838636363636364,0.808,50.59291666666667,68.106
ZM-A2-0202,2015,2.205,3931.361,8667.07,ZM,-12.49694,27.77058,10.547,1.338,5,1276.29,15.849369863013699,26.97547671232877,20.913013698630138,21131250.023287673,4.706871232876712,21.109309589041096,-1.210186301369863,0.6014545454545455,0.801,51.081361111111114,69.405
ZM-A2-0202,2016,3.064,3382.494,10362.513,ZM,-12.49694,27.77058,10.547,1.338,5,1351.136,16.082379781420766,27.08327868852459,21.142893442622952,21276984.221311476,4.807344262295082,21.71944262295082,-1.1157158469945354,0.5848863636363636,0.85,50.804388888888894,69.5
ZM-A2-0202,2017,2.563,4135.148,10598.601,ZM,-12.49694,27.77058,10.547,1.338,5,1360.683,15.903786301369863,26.595227397260274,20.78427397260274,20303731.8,4.5408,20.027698630136985,-0.8129013698630138,0.6201111111111112,0.857,51.94252777777778,67.901
ZM-A2-0203,2001,1.089,2590.161,2820.181,ZM,-12.71993,27.93407,10.547,1.338,5,1301.237,15.373323287671232,27.149183561643834,20.844013698630135,20748646.89041096,4.5698410958904105,21.528060273972603,-1.0048082191780823,0.5574324324324325,0.801,46.427305555555556,68.533
ZM-A2-0203,2002,1.546,2323.982,3593.054,ZM,-12.71993,27.93407,10.547,1.338,5,1058.491,15.57796712328767,27.285268493150685,21.084920547945206,20852309.96712329,4.65006301369863,21.895112328767123,-1.7500876712328768,0.5503170731707316,0.793,46.904777777777774,69.397
ZM-A2-0203,2003,1.429,3583.692,5121.016,ZM,-12.71993,27.93407,10.547,1.338,5,1140.548,15.400498630136985,27.22135616438356,20.882246575342464,21064767.62739726,4.648487671232877,21.743564383561644,-1.5236986301369861,0.5539767441860466,0.794,46.95233333333333,69.868
ZM-A2-0203,2004,1.573,4799.431,7550.152,ZM,-12.71993,27.93407,10.547,1.338,5,1276.265,15.174909836065574,26.854696721311473,20.579360655737705,20627109.691256832,4.528147540983606,20.8124043715847,-1.041084699453552,0.5691555555555555,0.805,47.8275,70.762
ZM-A2-0203,2005,1.132,2521.0,2854.576,ZM,-12.71993,27.93407,10.547,1.338,5,857.05,15.719854794520549,27.75269589041096,21.47222191780822,21578546.112328768,4.893142465753425,23.491950684931506,-2.5450602739726027,0.5419090909090909,0.802,45.410944444444446,68.946
ZM-A2-0203,2006,3.059,2609.946,7984.679,ZM,-12.71993,27.93407,10.547,1.338,5,1178.431,15.302520547945205,26.89538904109589,20.719457534246576,20765413.93972603,4.5402438356164385,20.700827397260273,-1.3116657534246576,0.5585116279069767,0.822,46.682249999999996,71.159
ZM-A2-0203,2007,1.901,2981.942,5669.938,ZM,-12.71993,27.93407,10.547,1.338,5,1068.994,15.450257534246575,27.33937534246575,21.07808767123288,20729138.67671233,4.666309589041096,22.152909589041094,-1.7375589041095891,0.5573255813953488,0.808,46.312194444444444,72.055
ZM-A2-0203,2008,2.297,1918.554,4406.768,ZM,-12.71993,27.93407,10.547,1.338,5,1103.676,14.95829781420765,27.022795081967214,20.647273224043715,21030983.161202185,4.704409836065574,22.30730601092896,-1.6889016393442624,0.5445,0.819,45.23416666666667,68.712
ZM-A2-0203,2009,1.85,4479.772,8288.846,ZM,-12.71993,27.93407,10.547,1.338,5,1300.861,15.159989041095889,26.827049315068493,20.603764383561643,20602657.106849317,4.53013698630137,20.79598082191781,-0.9661342465753425,0.5618444444444445,0.807,47.54775,69.948
ZM-A2-0203,2010,2.615,4383.634,11461.971,ZM,-12.71993,27.93407,10.547,1.338,5,1465.878,15.541726027397258,27.354961643835615,21.086709589041096,20866861.298630137,4.6590273972602745,21.75020821917808,-0.642923287671233,0.5546444444444444,0.778,46.34988888888889,69.667
ZM-A2-0203,2011,2.432,4141.408,10070.36,ZM,-12.71993,27.93407,10.547,1.338,5,1104.769,15.050515068493151,27.036375342465753,20.63364109589041,21115412.482191782,4.552320547945206,21.074457534246573,-1.5255561643835616,0.5611777777777778,0.815,45.75930555555556,69.696
ZM-A2-0203,2012,2.867,3630.091,10409.166,ZM,-12.71993,27.93407,10.547,1.338,5,1163.025,15.239428961748635,27.210612021857926,20.88077868852459,20814883.989071038,4.579620218579235,21.707469945355193,-1.4019562841530053,0.5548222222222222,0.803,46.46986111111111,70.55
ZM-A2-0203,2013,2.862,3396.022,9720.413,ZM,-12.71993,27.93407,10.547,1.338,5,1181.252,15.532849315068493,27.272101369863016,20.974808219178083,21009729.578082193,4.6476,21.992109589041096,-1.4112931506849313,0.54675,0.808,46.26247222222222,72.253
ZM-A2-0203,2014,3.063,3944.681,12084.157,ZM,-12.71993,27.93407,10.547,1.338,5,1150.692,15.721161643835616,27.29330684931507,21.163827397260274,20850683.715068493,4.677580821917808,22.289753424657533,-1.525,0.5414523809523809,0.826,45.631499999999996,68.3
ZM-A2-0203,2015,2.298,3085.974,7090.624,ZM,-12.71993,27.93407,10.547,1.338,5,1222.971,15.44338904109589,27.221021917808223,20.924676712328765,21070204.15890411,4.6063835616438356,21.486049315068495,-1.255778082191781,0.5666428571428571,0.818,47.47291666666667,70.293
ZM-A2-0203,2016,2.82,4409.658,12436.875,ZM,-12.71993,27.93407,10.547,1.338,5,1274.773,15.71579781420765,27.309330601092896,21.145669398907103,21199518.06830601,4.708983606557378,22.036786885245903,-1.2259972677595627,0.5490232558139535,0.795,47.102805555555555,70.896
ZM-A2-0203,2017,2.773,3900.725,10818.194,ZM,-12.71993,27.93407,10.547,1.338,5,1302.581,15.639895890410958,26.895175342465752,20.876158904109587,20127696.750684932,4.456334246575342,20.56723287671233,-0.8876191780821918,0.56735,0.81,48.72077777777778,70.205
ZM-A2-0204,2001,1.103,561.674,619.378,ZM,-12.76344,28.27936,10.547,1.338,5,1331.267,15.776591780821919,27.301249315068493,21.096764383561645,20771967.391780823,4.67898904109589,21.881613698630137,-1.0316821917808219,0.5758684210526316,0.798,49.09747222222222,67.553
ZM-A2-0204,2002,1.664,636.396,1058.701,ZM,-12.76344,28.27936,10.547,1.338,5,1113.838,15.9719698630137,27.458172602739726,21.331901369863015,20861646.175342467,4.764117808219178,22.322687671232877,-1.7125068493150684,0.5784318181818182,0.803,50.85163888888889,69.518
ZM-A2-0204,2003,3.565,3361.202,11983.331,ZM,-12.76344,28.27936,10.547,1.338,5,1128.477,15.748723287671233,27.333882191780823,21.08128493150685,21066884.465753425,4.749986301369863,21.988098630136985,-1.658268493150685,0.5697727272727273,0.84,50.69061111111111,69.753
ZM-A2-0204,2004,1.877,660.777,1240.51,ZM,-12.76344,28.27936,10.547,1.338,5,1246.077,15.54665300546448,27.01951912568306,20.790830601092896,20619752.601092897,4.63581693989071,21.192423497267757,-1.2312349726775957,0.5662325581395349,0.815,49.95086111111111,68.616
ZM-A2-0204,2005,1.23,1500.316,1845.254,ZM,-12.76344,28.27936,10.547,1.338,5,910.771,16.127742465753425,27.929364383561644,21.710602739726028,21590510.495890412,5.021068493150685,23.955424657534245,-2.5258054794520546,0.5539090909090909,0.823,47.753277777777775,67.591
ZM-A2-0204,2006,1.465,2053.594,3009.027,ZM,-12.76344,28.27936,10.547,1.338,5,1174.069,15.708561643835617,27.068802739726024,20.949476712328767,20766607.805479452,4.650928767123288,21.086090410958903,-1.4343013698630136,0.5453170731707317,0.814,48.644111111111116,69.225
ZM-A2-0204,2007,1.732,3346.7,5795.974,ZM,-12.76344,28.27936,10.547,1.338,5,1119.261,15.818306849315068,27.49604657534247,21.27492602739726,20701259.260273974,4.774402739726027,22.519024657534246,-1.7079342465753424,0.5489268292682927,0.78,48.10211111111111,71.07
ZM-A2-0204,2008,1.569,1303.016,2044.358,ZM,-12.76344,28.27936,10.547,1.338,5,1040.415,15.346601092896174,27.113745901639344,20.831464480874317,20995442.18579235,4.80033606557377,22.52783879781421,-1.9576721311475411,0.5357954545454545,0.795,46.57047222222222,68.585
ZM-A2-0204,2009,1.506,1922.914,2895.305,ZM,-12.76344,28.27936,10.547,1.338,5,1307.763,15.56802191780822,26.995246575342463,20.832098630136986,20632123.22739726,4.650797260273972,21.174630136986302,-1.0678849315068493,0.5571304347826087,0.814,47.87905555555555,70.363
ZM-A2-0204,2010,1.861,2871.901,5344.871,ZM,-12.76344,28.27936,10.547,1.338,5,1483.088,15.940246575342465,27.531556164383563,21.326720547945204,20887869.797260273,4.780334246575342,22.15022191780822,-0.7170794520547945,0.5403636363636364,0.777,46.949222222222225,68.945
ZM-A2-0204,2011,1.794,2852.36,5117.225,ZM,-12.76344,28.27936,10.547,1.338,5,1144.675,15.444038356164382,27.213904109589045,20.864591780821918,21191319.320547946,4.664887671232877,21.489794520547946,-1.5287917808219178,0.5432888888888889,0.773,47.61877777777778,70.529
ZM-A2-0204,2012,2.711,2794.607,7576.012,ZM,-12.76344,28.27936,10.547,1.338,5,1185.368,15.621426229508197,27.345745901639344,21.08348907103825,20796978.101092897,4.674136612021858,22.026784153005465,-1.4354262295081968,0.5349090909090909,0.782,47.07230555555556,69.592
ZM-A2-0204,2013,2.482,2646.288,6569.092,ZM,-12.76344,28.27936,10.547,1.338,5,1181.689,15.961972602739726,27.493553424657538,21.260098630136987,21048458.21917808,4.76732602739726,22.563917808219177,-1.529821917808219,0.5455555555555556,0.781,47.415305555555555,71.984
ZM-A2-0204,2014,2.932,3441.657,10090.561,ZM,-12.76344,28.27936,10.547,1.338,5,1163.906,16.096802739726026,27.458087671232875,21.403427397260273,20854901.383561645,4.789928767123288,22.736150684931506,-1.6011452054794522,0.509,0.793,45.378055555555555,68.826
ZM-A2-0204,2015,2.096,3361.697,7046.548,ZM,-12.76344,28.27936,10.547,1.338,5,1222.539,15.837912328767123,27.396739726027395,21.180898630136987,21089967.463013697,4.707876712328767,21.887690410958903,-1.358454794520548,0.5530714285714285,0.86,47.77425,70.991
ZM-A2-0204,2016,2.751,2215.408,6095.247,ZM,-12.76344,28.27936,10.547,1.338,5,1218.5819999999999,16.111628415300547,27.50510655737705,21.41341530054645,21251185.224043716,4.827407103825136,22.494857923497268,-1.4979480874316942,0.5323255813953488,0.82,47.138333333333335,71.012
ZM-A2-0204,2017,2.462,2862.114,7047.547,ZM,-12.76344,28.27936,10.547,1.338,5,1318.542,16.0385698630137,27.096816438356164,21.134772602739726,20158141.09041096,4.576320547945206,21.024443835616438,-0.9638767123287671,0.5558,0.808,48.69127777777778,69.045
ZM-A2-0205,2001,1.152,2996.596,3452.068,ZM,-13.00819,28.32199,10.547,1.338,5,1231.627,15.827649315068491,27.034561643835616,21.046282191780822,20959901.97260274,4.738432876712329,21.189712328767122,-1.3641123287671233,0.540825,0.795,45.82575,68.885
ZM-A2-0205,2002,1.131,2066.404,2337.13,ZM,-13.00819,28.32199,10.547,1.338,5,1014.608,16.031109589041094,27.22762465753425,21.302901369863015,21073593.11780822,4.8444821917808225,21.77001095890411,-2.0647342465753424,0.5266279069767442,0.857,45.751416666666664,69.6
ZM-A2-0205,2003,1.154,4418.082,5098.383,ZM,-13.00819,28.32199,10.547,1.338,5,1052.065,15.788032876712327,27.028736986301368,21.000224657534247,21245810.602739725,4.802838356164384,21.218572602739727,-1.920468493150685,0.5387272727272727,0.776,46.15422222222222,69.721
ZM-A2-0205,2004,2.064,4191.707,8653.075,ZM,-13.00819,28.32199,10.547,1.338,5,1172.035,15.583584699453551,26.741658469945357,20.725128415300546,20789228.55191257,4.684907103825137,20.507565573770492,-1.4826256830601092,0.5509777777777778,0.797,46.97155555555556,70.773
ZM-A2-0205,2005,0.9,9062.907,8159.035,ZM,-13.00819,28.32199,10.547,1.338,5,858.059,16.19561095890411,27.69168219178082,21.675112328767124,21789115.468493152,5.113375342465754,23.344156164383563,-2.7625287671232877,0.5272222222222223,0.793,43.711055555555554,67.298
ZM-A2-0205,2006,1.569,12987.733,20381.578,ZM,-13.00819,28.32199,10.547,1.338,5,1058.219,15.746838356164382,26.807641095890414,20.89597808219178,20925603.12876712,4.706876712328767,20.472841095890413,-1.8076465753424655,0.5232790697674419,0.786,45.1805,70.031
ZM-A2-0205,2007,1.212,5985.986,7257.844,ZM,-13.00819,28.32199,10.547,1.338,5,1060.987,15.864586301369862,27.204572602739727,21.192309589041095,20879418.701369863,4.835342465753425,21.76684109589041,-1.9285287671232878,0.5413181818181818,0.795,44.84213888888889,69.778
ZM-A2-0205,2008,2.056,5983.503,12303.583,ZM,-13.00819,28.32199,10.547,1.338,5,986.1,15.406289617486339,26.85124316939891,20.776371584699454,21201277.289617486,4.872256830601093,21.838622950819673,-2.1779945355191255,0.5172380952380953,0.835,43.41547222222223,65.843
ZM-A2-0205,2009,2.137,5695.951,12172.841,ZM,-13.00819,28.32199,10.547,1.338,5,1210.768,15.628109589041097,26.726246575342465,20.763517808219177,20782738.89589041,4.711432876712329,20.493298630136987,-1.3942602739726027,0.5456818181818183,0.771,46.380944444444445,69.499
ZM-A2-0205,2010,2.002,6261.93,12533.36,ZM,-13.00819,28.32199,10.547,1.338,5,1358.961,15.989432876712328,27.2424,21.243945205479452,21040535.424657535,4.839849315068493,21.398994520547944,-1.116668493150685,0.5453333333333333,0.811,45.70525,69.479
ZM-A2-0205,2011,2.15,5548.057,11927.207,ZM,-13.00819,28.32199,10.547,1.338,5,1036.732,15.517986301369861,26.98728493150685,20.842912328767124,21399907.147945207,4.731082191780822,20.965498630136988,-1.8907205479452056,0.5409565217391304,0.753,45.10344444444444,70.667
ZM-A2-0205,2012,2.933,4889.453,14339.824,ZM,-13.00819,28.32199,10.547,1.338,5,1081.032,15.668956284153005,27.085418032786887,21.031696721311473,20984633.325136613,4.730691256830601,21.384147540983605,-1.777051912568306,0.5263023255813953,0.751,45.03158333333333,69.498
ZM-A2-0205,2013,2.728,3548.037,9680.555,ZM,-13.00819,28.32199,10.547,1.338,5,1123.411,16.025539726027397,27.245260273972605,21.229241095890412,21246742.997260273,4.839021917808219,21.9557698630137,-1.7611835616438356,0.5331627906976745,0.81,45.32780555555556,71.367
ZM-A2-0205,2014,3.017,4425.435,13353.565,ZM,-13.00819,28.32199,10.547,1.338,5,1106.5620000000001,16.154610958904108,27.219323287671234,21.372084931506848,21049495.832876712,4.8696684931506855,22.158728767123286,-1.8379917808219177,0.527159090909091,0.801,44.4375,69.909
ZM-A2-0205,2015,2.549,3226.255,8224.128,ZM,-13.00819,28.32199,10.547,1.338,5,1125.577,15.896076712328767,27.173613698630138,21.16246301369863,21323409.79452055,4.786608219178082,21.369849315068493,-1.702835616438356,0.5513488372093024,0.792,47.24377777777778,70.502
ZM-A2-0205,2016,2.172,4426.461,9615.318,ZM,-13.00819,28.32199,10.547,1.338,5,1112.644,16.174784153005465,27.257961748633882,21.37654644808743,21431049.158469945,4.895527322404371,21.90101912568306,-1.855516393442623,0.5356,0.798,45.83097222222222,70.936
ZM-A2-0205,2017,2.507,3085.65,7735.659,ZM,-13.00819,28.32199,10.547,1.338,5,1239.66,16.108438356164385,26.86642739726027,21.103361643835616,20318936.88493151,4.6472,20.467542465753425,-1.2508712328767122,0.5619761904761905,0.796,47.099833333333336,68.017
ZM-A2-0206,2001,1.012,4419.75,4472.753,ZM,-12.9245,27.50815,10.853,1.339,5,1293.433,15.602413698630137,27.743501369863015,21.018238356164385,20585386.797260273,4.612731506849315,22.73009863013699,-1.0690794520547946,0.6473023255813953,0.819,53.32169444444444,70.279
ZM-A2-0206,2002,0.979,5678.25,5561.25,ZM,-12.9245,27.50815,10.853,1.339,5,1105.529,15.789386301369863,27.92807397260274,21.276446575342465,20786888.147945207,4.705657534246575,23.20538904109589,-1.6768109589041098,0.633,0.807,54.51680555555556,73.351
ZM-A2-0206,2003,1.502,9117.458,13691.46,ZM,-12.9245,27.50815,10.853,1.339,5,1191.19,15.685334246575342,27.860895890410962,21.10435890410959,20953424.41369863,4.708682191780822,23.12091506849315,-1.4451479452054796,0.636695652173913,0.832,54.92466666666667,72.965
ZM-A2-0206,2004,1.852,7255.26,13435.939,ZM,-12.9245,27.50815,10.853,1.339,5,1179.427,15.412704918032787,27.510765027322407,20.805131147540983,20496724.704918034,4.582459016393443,22.192745901639345,-1.35998087431694,0.6427333333333334,0.799,55.34008333333333,72.655
ZM-A2-0206,2005,0.778,6048.0,4703.88,ZM,-12.9245,27.50815,10.853,1.339,5,918.09,15.96111506849315,28.437627397260275,21.712772602739726,21424919.64109589,4.94737808219178,24.97887945205479,-2.43206301369863,0.6292608695652174,0.836,54.001083333333334,74.118
ZM-A2-0206,2006,2.002,6408.75,12832.5,ZM,-12.9245,27.50815,10.853,1.339,5,1160.72,15.51366301369863,27.528205479452055,20.93584383561644,20579655.679452054,4.592879452054794,22.06170684931507,-1.4128246575342467,0.6364666666666667,0.829,55.17002777777778,74.442
ZM-A2-0206,2007,1.663,4697.754,7810.293,ZM,-12.9245,27.50815,10.853,1.339,5,1118.664,15.655693150684932,27.968153424657533,21.261865753424658,20668766.010958903,4.718191780821918,23.461221917808217,-1.653358904109589,0.6415777777777778,0.816,54.31344444444445,73.931
ZM-A2-0206,2008,1.706,5330.25,9095.25,ZM,-12.9245,27.50815,10.853,1.339,5,1121.128,15.228677595628415,27.751997267759563,20.895866120218578,20939536.923497267,4.776147540983606,23.90748907103825,-1.7129562841530055,0.6315869565217391,0.85,53.002250000000004,72.138
ZM-A2-0206,2009,1.315,11597.392,15253.699,ZM,-12.9245,27.50815,10.853,1.339,5,1326.068,15.381928767123286,27.50109589041096,20.808610958904108,20498168.734246574,4.592605479452055,22.198002739726025,-0.9595424657534247,0.6368695652173912,0.806,54.57663888888889,73.02
ZM-A2-0206,2010,1.538,12598.24,19377.601,ZM,-12.9245,27.50815,10.853,1.339,5,1376.301,15.757668493150685,27.97230136986301,21.27510410958904,20699292.6630137,4.698556164383562,23.043564383561645,-0.9278684931506849,0.6353777777777777,0.85,54.337250000000004,72.565
ZM-A2-0206,2011,1.446,13260.693,19169.785,ZM,-12.9245,27.50815,10.853,1.339,5,1100.902,15.291539726027398,27.704410958904113,20.86374794520548,20882704.77260274,4.603657534246575,22.509013698630138,-1.5874876712328767,0.6382608695652173,0.815,53.054833333333335,72.08
ZM-A2-0206,2012,2.492,19240.139,47944.464,ZM,-12.9245,27.50815,10.853,1.339,5,1200.353,15.494314207650273,27.87333333333333,21.11195081967213,20646851.215846993,4.636770491803278,23.1545956284153,-1.3571174863387978,0.6291304347826088,0.809,52.949305555555554,71.443
ZM-A2-0206,2013,2.481,16075.927,39885.804,ZM,-12.9245,27.50815,10.853,1.339,5,1239.799,15.80262191780822,27.925808219178084,21.194783561643835,20874912.73150685,4.708350684931506,23.364364383561647,-1.311641095890411,0.6270869565217392,0.816,53.11372222222222,74.671
ZM-A2-0206,2014,2.149,17418.478,37430.252,ZM,-12.9245,27.50815,10.853,1.339,5,1197.61,15.9662,27.936227397260275,21.37693698630137,20689181.16438356,4.722838356164384,23.62974794520548,-1.4417150684931508,0.6264888888888889,0.832,53.125416666666666,72.108
ZM-A2-0206,2015,1.73,22894.518,39617.337,ZM,-12.9245,27.50815,10.853,1.339,5,1236.656,15.724,27.938232876712327,21.1792,20987276.457534246,4.696728767123288,23.068969863013702,-1.3086301369863014,0.6303043478260869,0.814,52.70216666666667,73.564
ZM-A2-0206,2016,2.295,14939.031,34291.315,ZM,-12.9245,27.50815,10.853,1.339,5,1318.614,15.979120218579235,27.992327868852456,21.393620218579233,21031294.355191257,4.768920765027322,23.568486338797815,-1.1661502732240439,0.6238222222222222,0.843,53.07947222222222,74.024
ZM-A2-0206,2017,2.33,20248.511,47176.488,ZM,-12.9245,27.50815,10.853,1.339,5,1350.672,15.841328767123288,27.44778082191781,21.011194520547946,20032756.432876714,4.498679452054795,21.662608219178082,-0.7982082191780822,0.6512173913043479,0.842,53.29397222222222,70.932
ZM-A2-0207,2001,0.813,6941.404,5640.902,ZM,-13.25034,28.63262,11.022,1.34,5,1204.818,15.544816438356165,26.6236,20.52047671232877,20661985.00547945,4.678235616438356,20.587057534246576,-1.3773643835616438,0.5916585365853658,0.786,52.39819444444444,70.79
ZM-A2-0207,2002,0.82,5325.596,4364.87,ZM,-13.25034,28.63262,11.022,1.34,5,1010.77,15.732224657534246,26.82172876712329,20.778958904109587,20794555.597260274,4.793487671232877,21.16350410958904,-2.024254794520548,0.5847111111111112,0.794,51.95230555555556,72.43
ZM-A2-0207,2003,1.504,9354.168,14066.537,ZM,-13.25034,28.63262,11.022,1.34,5,1075.095,15.500260273972604,26.597879452054794,20.463260273972605,20930463.29041096,4.735715068493151,20.578917808219177,-1.7902493150684933,0.5907555555555556,0.783,52.251888888888885,70.134
ZM-A2-0207,2004,1.83,10112.713,18504.959,ZM,-13.25034,28.63262,11.022,1.34,5,1109.512,15.295617486338797,26.30901912568306,20.193158469945356,20496187.158469945,4.619674863387978,19.885647540983605,-1.5882213114754098,0.5863111111111111,0.781,52.174,70.716
ZM-A2-0207,2005,0.996,9552.093,9510.975,ZM,-13.25034,28.63262,11.022,1.34,5,875.2330000000001,15.860027397260273,27.206457534246574,21.081142465753427,21516209.82739726,5.040101369863014,22.510016438356168,-2.6422027397260273,0.5605111111111111,0.786,49.417027777777776,68.993
ZM-A2-0207,2006,1.47,10876.267,15986.422,ZM,-13.25034,28.63262,11.022,1.34,5,1094.787,15.453909589041094,26.442873972602737,20.3825397260274,20575798.901369862,4.652183561643835,20.01331506849315,-1.6527671232876713,0.5903333333333334,0.813,52.035222222222224,72.495
ZM-A2-0207,2007,1.467,13988.37,20519.983,ZM,-13.25034,28.63262,11.022,1.34,5,1080.073,15.55231506849315,26.683293150684932,20.57166301369863,20575172.846575342,4.746679452054795,20.853761643835615,-1.7875753424657534,0.5910444444444445,0.805,51.36175,72.706
ZM-A2-0207,2008,1.84,16211.497,29826.317,ZM,-13.25034,28.63262,11.022,1.34,5,1026.163,15.12287431693989,26.39033606557377,20.209169398907104,20895323.513661202,4.801008196721312,21.12637431693989,-1.9972841530054644,0.5844444444444444,0.817,51.33038888888889,70.674
ZM-A2-0207,2009,1.526,15645.229,23871.455,ZM,-13.25034,28.63262,11.022,1.34,5,1198.936,15.33981095890411,26.283701369863014,20.19694794520548,20432561.279452056,4.641002739726027,19.826241095890413,-1.3562465753424657,0.5953999999999999,0.8,52.059416666666664,70.815
ZM-A2-0207,2010,2.053,20212.058,41500.573,ZM,-13.25034,28.63262,11.022,1.34,5,1263.565,15.684665753424659,26.791890410958906,20.664698630136986,20674962.915068492,4.75353698630137,20.674432876712327,-1.2917150684931507,0.5844888888888888,0.792,51.340138888888895,70.939
ZM-A2-0207,2011,2.252,21431.722,48258.377,ZM,-13.25034,28.63262,11.022,1.34,5,997.861,15.295460273972603,26.623254794520545,20.375512328767122,21134311.38630137,4.695210958904109,20.530342465753424,-1.961345205479452,0.5874347826086956,0.792,51.675777777777775,73.388
ZM-A2-0207,2012,1.943,21686.898,42135.043,ZM,-13.25034,28.63262,11.022,1.34,5,1047.115,15.439420765027323,26.746262295081966,20.575062841530055,20670828.027322404,4.698718579234972,21.05992349726776,-1.8377486338797815,0.5806222222222223,0.783,50.44788888888889,71.556
ZM-A2-0207,2013,2.326,18483.835,42984.924,ZM,-13.25034,28.63262,11.022,1.34,5,1023.375,15.779216438356164,26.946158904109588,20.79828493150685,21002085.85479452,4.819326027397261,21.70778904109589,-2.015558904109589,0.5747045454545454,0.809,51.1515,74.115
ZM-A2-0207,2014,2.49,16536.971,41174.652,ZM,-13.25034,28.63262,11.022,1.34,5,1082.1299999999999,15.89642191780822,26.861169863013696,20.899972602739727,20742053.208219178,4.833287671232877,21.75050410958904,-1.8685479452054794,0.5589555555555555,0.799,49.665333333333336,71.616
ZM-A2-0207,2015,1.47,17287.843,25409.013,ZM,-13.25034,28.63262,11.022,1.34,5,1078.019,15.642901369863013,26.890616438356165,20.741646575342465,21112252.01369863,4.778731506849315,21.160769863013698,-1.8252547945205477,0.598804347826087,0.885,52.41861111111111,73.044
ZM-A2-0207,2016,2.237,16042.2,35887.45,ZM,-13.25034,28.63262,11.022,1.34,5,1103.815,15.908661202185792,26.94571038251366,20.93320218579235,21106344.54918033,4.855530054644809,21.583538251366118,-1.8396420765027321,0.5715333333333333,0.845,50.368138888888886,71.988
ZM-A2-0207,2017,2.045,21052.174,43060.029,ZM,-13.25034,28.63262,11.022,1.34,5,1235.913,15.815391780821919,26.50893698630137,20.605794520547946,20014037.824657533,4.603142465753424,20.010539726027396,-1.2170794520547947,0.6069777777777777,0.861,51.72472222222222,71.483
ZM-A2-0208,2001,0.874,5505.901,4814.38,ZM,-13.58296,28.06868,14.424,1.322,5,1257.874,15.87952602739726,27.231824657534247,20.84672602739726,20510547.202739727,4.688353424657534,21.601912328767124,-1.242123287671233,0.6268181818181818,0.831,52.71961111111111,68.716
ZM-A2-0208,2002,2.61,16695.039,43568.465,ZM,-13.58296,28.06868,14.424,1.322,5,970.388,16.11069589041096,27.520221917808218,21.17610410958904,20726048.084931508,4.83778904109589,22.475599999999996,-2.1791917808219177,0.5945434782608696,0.812,52.4575,74.605
ZM-A2-0208,2003,3.094,21612.895,66861.71,ZM,-13.58296,28.06868,14.424,1.322,5,1138.413,15.86849589041096,27.225326027397262,20.808243835616437,20808081.452054795,4.7575671232876715,21.70968219178082,-1.638627397260274,0.6074888888888889,0.801,54.630361111111114,72.087
ZM-A2-0208,2004,3.725,18343.64,68329.397,ZM,-13.58296,28.06868,14.424,1.322,5,1148.796,15.646877049180327,26.901486338797813,20.53365300546448,20311583.37978142,4.628846994535519,20.906775956284154,-1.4900601092896173,0.6083260869565218,0.805,53.40988888888889,72.708
ZM-A2-0208,2005,3.367,19826.777,66762.783,ZM,-13.58296,28.06868,14.424,1.322,5,862.217,16.267879452054792,27.99044383561644,21.55469315068493,21376399.002739727,5.096490410958904,24.11827123287671,-2.7342520547945206,0.5627391304347826,0.814,49.85388888888889,71.961
ZM-A2-0208,2006,3.503,18781.923,65795.74,ZM,-13.58296,28.06868,14.424,1.322,5,1039.589,15.771671232876711,26.99412602739726,20.704331506849314,20441555.515068494,4.661594520547945,20.98150136986301,-1.8134054794520549,0.5936,0.807,53.45941666666667,74.44
ZM-A2-0208,2007,2.752,19464.106,53566.907,ZM,-13.58296,28.06868,14.424,1.322,5,1154.426,15.88394794520548,27.336482191780824,20.939005479452057,20465134.410958905,4.764427397260274,22.049564383561645,-1.6016164383561644,0.5993333333333333,0.825,51.88472222222222,73.205
ZM-A2-0208,2008,1.858,13032.581,24215.051,ZM,-13.58296,28.06868,14.424,1.322,5,1065.659,15.465245901639344,27.121879781420766,20.5984043715847,20867896.68032787,4.856,22.5441174863388,-1.944363387978142,0.595304347826087,0.807,50.972027777777775,70.915
ZM-A2-0208,2009,3.121,27632.329,86236.752,ZM,-13.58296,28.06868,14.424,1.322,5,1241.479,15.65549589041096,26.85471506849315,20.51029589041096,20278382.0,4.644202739726027,20.788980821917807,-1.242890410958904,0.5958913043478261,0.794,52.27130555555556,70.322
ZM-A2-0208,2010,2.44,19786.885,48282.258,ZM,-13.58296,28.06868,14.424,1.322,5,1258.866,15.999531506849314,27.35494794520548,20.980493150684932,20493617.660273973,4.744583561643835,21.595449315068493,-1.295635616438356,0.5855111111111111,0.795,51.01108333333334,70.082
ZM-A2-0208,2011,2.982,31863.098,95004.829,ZM,-13.58296,28.06868,14.424,1.322,5,1031.48,15.610076712328766,27.252035616438356,20.713983561643836,20948463.430136986,4.710901369863014,21.639764383561644,-1.8849287671232877,0.5809782608695653,0.798,50.209611111111116,71.398
ZM-A2-0208,2012,2.888,28404.403,82019.229,ZM,-13.58296,28.06868,14.424,1.322,5,1097.95,15.7486912568306,27.371765027322407,20.913024590163936,20562169.162568305,4.719549180327869,22.174784153005465,-1.7196857923497266,0.5728478260869565,0.783,49.713055555555556,72.602
ZM-A2-0208,2013,2.701,23670.516,63934.557,ZM,-13.58296,28.06868,14.424,1.322,5,1093.917,16.091602739726028,27.50163287671233,21.0790301369863,20866195.57260274,4.821076712328767,22.583405479452054,-1.8240438356164381,0.5728444444444444,0.799,50.38891666666667,74.053
ZM-A2-0208,2014,2.945,28433.454,83736.656,ZM,-13.58296,28.06868,14.424,1.322,5,1167.1970000000001,16.232676712328765,27.493671232876714,21.244391780821918,20667659.78082192,4.859361643835617,22.90428493150685,-1.6615616438356164,0.5551111111111111,0.812,48.93175,71.18
ZM-A2-0208,2015,2.133,21490.567,45835.678,ZM,-13.58296,28.06868,14.424,1.322,5,1116.895,15.949898630136985,27.541526027397257,21.07121369863014,21027272.320547946,4.811342465753425,22.349553424657536,-1.7513561643835616,0.5748260869565217,0.839,49.78263888888889,71.46
ZM-A2-0208,2016,2.661,26653.153,70921.433,ZM,-13.58296,28.06868,14.424,1.322,5,1172.783,16.28413387978142,27.559540983606556,21.287024590163934,20902481.467213117,4.875508196721311,22.755024590163934,-1.6711830601092896,0.55025,0.809,48.89208333333333,71.727
ZM-A2-0208,2017,3.637,29310.461,106592.208,ZM,-13.58296,28.06868,14.424,1.322,5,1294.352,16.164117808219178,27.063183561643836,20.92379178082192,19836287.16438356,4.605309589041096,20.9739397260274,-1.0591397260273974,0.5924130434782608,0.855,50.302166666666665,72.433
ZM-A2-0209,2001,1.245,715.326,890.462,ZM,-12.5493,28.24072,10.547,1.338,5,1363.132,15.804849315068495,27.289479452054795,21.01278904109589,20712335.071232878,4.65432602739726,21.991958904109588,-0.919717808219178,0.5798536585365854,0.851,47.86197222222222,67.967
ZM-A2-0209,2002,0.789,938.604,740.299,ZM,-12.5493,28.24072,10.547,1.338,5,1187.736,16.00653698630137,27.396364383561647,21.221257534246575,20765484.183561645,4.73033698630137,22.209764383561645,-1.4762657534246575,0.5731590909090909,0.82,48.96791666666667,69.43
ZM-A2-0209,2003,2.322,1882.268,4371.189,ZM,-12.5493,28.24072,10.547,1.338,5,1206.981,15.830909589041097,27.387723287671232,21.06662465753425,21038915.334246576,4.745624657534247,22.251249315068492,-1.438827397260274,0.5589285714285714,0.778,48.61872222222222,70.676
ZM-A2-0209,2004,1.86,1789.383,3328.435,ZM,-12.5493,28.24072,10.547,1.338,5,1316.487,15.623841530054644,27.00685519125683,20.768732240437156,20589709.74863388,4.623245901639344,21.274622950819673,-1.0262868852459015,0.5571428571428572,0.771,49.104888888888894,70.77
ZM-A2-0209,2005,0.673,3263.684,2194.836,ZM,-12.5493,28.24072,10.547,1.338,5,959.025,16.148287671232875,27.85698904109589,21.615120547945207,21532443.73150685,4.980912328767123,23.821287671232877,-2.353446575342466,0.5569090909090909,0.806,47.30316666666667,68.271
ZM-A2-0209,2006,2.076,4526.406,9395.973,ZM,-12.5493,28.24072,10.547,1.338,5,1318.384,15.756649315068492,27.066320547945207,20.906909589041096,20758511.23287671,4.643802739726028,21.155087671232877,-1.0317917808219177,0.5625476190476191,0.804,48.78202777777778,69.354
ZM-A2-0209,2007,2.258,2902.072,6552.159,ZM,-12.5493,28.24072,10.547,1.338,5,1193.943,15.88105205479452,27.471232876712328,21.239068493150686,20676892.89041096,4.758487671232877,22.56356164383562,-1.4874109589041096,0.5711395348837209,0.81,48.243750000000006,70.777
ZM-A2-0209,2008,1.454,3530.984,5134.642,ZM,-12.5493,28.24072,10.547,1.338,5,1142.296,15.427275956284152,27.15156557377049,20.82985792349727,20947676.909836065,4.788489071038251,22.704270491803282,-1.6674617486338799,0.5567209302325581,0.794,48.39947222222222,68.994
ZM-A2-0209,2009,1.512,2687.726,4064.27,ZM,-12.5493,28.24072,10.547,1.338,5,1376.749,15.611276712328767,27.014049315068494,20.810098630136984,20628078.15890411,4.638208219178082,21.332164383561643,-0.8662931506849315,0.5812,0.818,50.10480555555555,70.038
ZM-A2-0209,2010,2.084,3061.183,6379.993,ZM,-12.5493,28.24072,10.547,1.338,5,1525.581,15.978895890410957,27.505956164383566,21.2776301369863,20883816.55890411,4.764405479452055,22.269665753424658,-0.5847315068493151,0.5749333333333333,0.845,48.754333333333335,69.223
ZM-A2-0209,2011,2.775,3626.911,10064.433,ZM,-12.5493,28.24072,10.547,1.338,5,1226.098,15.509457534246575,27.1612301369863,20.810895890410958,21072801.739726026,4.635221917808219,21.429882191780823,-1.276049315068493,0.5816222222222223,0.812,49.15580555555555,68.438
ZM-A2-0209,2012,4.271,3949.695,16868.29,ZM,-12.5493,28.24072,10.547,1.338,5,1331.026,15.704114754098361,27.346707650273224,21.05613661202186,20726454.06010929,4.662030054644809,22.126456284153008,-1.0253469945355191,0.5765348837209302,0.777,49.88111111111111,71.124
ZM-A2-0209,2013,2.56,2237.868,5728.206,ZM,-12.5493,28.24072,10.547,1.338,5,1193.239,16.009832876712327,27.471904109589044,21.19854794520548,21016510.90410959,4.7534,22.602002739726025,-1.4842520547945204,0.5683636363636363,0.81,48.663555555555554,70.233
ZM-A2-0209,2014,3.907,2524.798,9864.225,ZM,-12.5493,28.24072,10.547,1.338,5,1233.139,16.15498904109589,27.422602739726027,21.32748219178082,20795414.043835618,4.75872602739726,22.685764383561644,-1.38026301369863,0.5640952380952381,0.812,49.30894444444445,71.123
ZM-A2-0209,2015,2.642,2366.738,6253.466,ZM,-12.5493,28.24072,10.547,1.338,5,1325.656,15.91952602739726,27.355054794520544,21.11005205479452,20984857.89041096,4.682104109589042,21.861164383561643,-1.0501698630136986,0.5866046511627907,0.829,49.76477777777777,69.893
ZM-A2-0209,2016,3.209,1827.276,5863.08,ZM,-12.5493,28.24072,10.547,1.338,5,1333.024,16.16651092896175,27.495308743169396,21.351863387978142,21164355.01912568,4.8111256830601095,22.575789617486336,-1.168983606557377,0.5659767441860465,0.799,49.09630555555556,72.276
ZM-A2-0209,2017,2.824,2193.435,6195.231,ZM,-12.5493,28.24072,10.547,1.338,5,1392.805,16.0704,27.071367123287672,21.07283287671233,20155781.328767125,4.557501369863014,21.05371506849315,-0.7415972602739725,0.591325,0.844,50.351416666666665,69.235
ZM-A2-0210,2001,3.68,81.0,298.08,ZM,-12.90501,28.50903,10.549,1.338,5,1320.446,15.723060273972603,26.810375342465754,20.822868493150683,20892211.235616438,4.722753424657534,20.990854794520548,-1.1050931506849315,0.5415952380952381,0.795,45.09502777777778,69.049
ZM-A2-0210,2002,2.055,145.0,298.0,ZM,-12.90501,28.50903,10.549,1.338,5,1121.612,15.91794794520548,26.977635616438356,21.061553424657532,20994902.156164385,4.818367123287671,21.449745205479452,-1.7454575342465752,0.52725,0.785,44.49747222222223,67.437
ZM-A2-0210,2003,4.494,210.0,943.75,ZM,-12.90501,28.50903,10.549,1.338,5,1108.761,15.682109589041097,26.81895890410959,20.791975342465754,21185534.10136986,4.790515068493151,21.036690410958904,-1.752813698630137,0.53225,0.785,45.23752777777778,67.159
ZM-A2-0210,2004,2.519,2806.78,7070.345,ZM,-12.90501,28.50903,10.549,1.338,5,1205.262,15.490319672131148,26.526827868852457,20.513396174863388,20729806.918032788,4.674912568306011,20.3153087431694,-1.3818469945355192,0.5245348837209303,0.803,45.27022222222222,67.083
ZM-A2-0210,2005,1.415,4871.0,6890.1,ZM,-12.90501,28.50903,10.549,1.338,5,925.698,16.058095890410957,27.38521095890411,21.391679452054795,21712337.98630137,5.06926301369863,22.868476712328768,-2.533104109589041,0.5107272727272728,0.816,42.337944444444446,64.491
ZM-A2-0210,2006,2.469,6322.0,15608.0,ZM,-12.90501,28.50903,10.549,1.338,5,1153.862,15.660758904109588,26.612027397260274,20.690386301369863,20861430.852054793,4.6974465753424655,20.311235616438356,-1.5361808219178084,0.5169545454545454,0.8,43.99388888888889,67.767
ZM-A2-0210,2007,2.16,6345.98,13707.232,ZM,-12.90501,28.50903,10.549,1.338,5,1123.594,15.753898630136986,26.945819178082193,20.947983561643834,20806484.41369863,4.809928767123288,21.444980821917806,-1.7315890410958903,0.5146428571428571,0.763,43.15380555555556,67.699
ZM-A2-0210,2008,2.304,3298.0,7597.0,ZM,-12.90501,28.50903,10.549,1.338,5,1037.054,15.299120218579235,26.596087431693988,20.537939890710383,21089450.43715847,4.83933606557377,21.529273224043717,-2.0058551912568308,0.5125333333333333,0.814,43.14797222222222,65.171
ZM-A2-0210,2009,2.215,6506.7,14412.982,ZM,-12.90501,28.50903,10.549,1.338,5,1265.84,15.533539726027398,26.52043561643836,20.559197260273972,20750457.61369863,4.701750684931507,20.324353424657534,-1.233695890410959,0.5288888888888889,0.76,44.63052777777778,67.162
ZM-A2-0210,2010,1.769,8860.216,15670.805,ZM,-12.90501,28.50903,10.549,1.338,5,1406.106,15.894309589041095,27.029909589041093,21.039495890410958,20997610.326027397,4.826832876712329,21.2264,-0.9744876712328767,0.5212444444444444,0.775,44.322,66.842
ZM-A2-0210,2011,3.297,8093.052,26684.818,ZM,-12.90501,28.50903,10.549,1.338,5,1103.395,15.419994520547945,26.752191780821917,20.620106849315068,21336146.97260274,4.715895890410959,20.718780821917807,-1.692895890410959,0.5252391304347827,0.798,44.53141666666667,69.091
ZM-A2-0210,2012,2.599,5087.632,13222.899,ZM,-12.90501,28.50903,10.549,1.338,5,1132.719,15.596153005464481,26.869437158469946,20.830349726775957,20894220.663934425,4.721696721311476,21.204603825136612,-1.6268360655737706,0.5138372093023256,0.762,44.63497222222222,68.671
ZM-A2-0210,2013,2.254,3832.526,8639.208,ZM,-12.90501,28.50903,10.549,1.338,5,1163.204,15.940323287671232,27.06152602739726,21.041473972602738,21196787.430136986,4.833920547945206,21.843501369863013,-1.6470602739726028,0.5048372093023256,0.81,44.23027777777778,70.284
ZM-A2-0210,2014,2.882,4024.515,11598.172,ZM,-12.90501,28.50903,10.549,1.338,5,1151.202,16.052016438356166,26.980016438356166,21.144164383561645,20960176.126027398,4.8473863013698635,21.88704383561644,-1.6934082191780824,0.4895116279069767,0.795,43.05005555555555,67.921
ZM-A2-0210,2015,2.068,3799.478,7858.448,ZM,-12.90501,28.50903,10.549,1.338,5,1184.386,15.808797260273973,26.947586301369864,20.950049315068494,21242656.545205478,4.768093150684932,21.131268493150685,-1.5231999999999999,0.5162954545454546,0.814,45.11394444444445,69.486
ZM-A2-0210,2016,3.579,3749.49,13419.021,ZM,-12.90501,28.50903,10.549,1.338,5,1177.15,16.058792349726776,27.03867486338798,21.158762295081967,21386257.341530055,4.882073770491803,21.6592868852459,-1.6658169398907103,0.4965,0.802,44.24922222222222,69.573
ZM-A2-0210,2017,2.372,2859.464,6781.456,ZM,-12.90501,28.50903,10.549,1.338,5,1298.533,15.999742465753425,26.653405479452054,20.89034794520548,20292836.12876712,4.636095890410958,20.266416438356163,-1.0784712328767123,0.5403255813953489,0.85,46.01847222222222,67.431
ZM-A2-0302,2001,1.078,39534.0,42622.56,ZM,-13.52979,32.45161,11.192,1.378,5,1012.582,17.24787397260274,27.594539726027396,21.82669315068493,20270242.112328768,4.980717808219178,21.718293150684932,-2.2065205479452055,0.5420666666666667,0.795,46.75888888888889,67.551
ZM-A2-0302,2002,1.225,37645.0,46104.0,ZM,-13.52979,32.45161,11.192,1.378,5,926.921,17.155742465753427,27.5110301369863,21.79962465753425,20062326.134246577,4.976246575342466,21.46408493150685,-2.4367369863013697,0.5203777777777778,0.793,46.49316666666667,69.656
ZM-A2-0302,2003,1.261,41495.03,52317.99,ZM,-13.52979,32.45161,11.192,1.378,5,991.942,17.00456712328767,27.459375342465755,21.668764383561644,20498639.271232877,4.99192602739726,21.4157698630137,-2.274276712328767,0.5275909090909091,0.762,47.51441666666667,70.087
ZM-A2-0302,2004,1.559,44102.79,68741.345,ZM,-13.52979,32.45161,11.192,1.378,5,1053.727,16.961680327868855,27.094112021857924,21.410718579234974,19790819.86885246,4.84333606557377,20.38217213114754,-1.9643005464480874,0.541608695652174,0.815,48.38280555555556,70.406
ZM-A2-0302,2005,0.99,49931.0,49419.09,ZM,-13.52979,32.45161,11.192,1.378,5,654.583,17.435879452054795,28.33675616438356,22.428983561643836,21096819.024657533,5.417561643835617,24.108983561643836,-3.624183561643836,0.4897173913043478,0.745,43.77827777777778,66.227
ZM-A2-0302,2006,1.513,47716.0,72194.0,ZM,-13.52979,32.45161,11.192,1.378,5,1118.955,17.101539726027397,27.2749698630137,21.56433698630137,20236737.401369862,4.918915068493151,20.706402739726027,-1.8532849315068491,0.5311111111111111,0.766,47.83847222222222,69.971
ZM-A2-0302,2007,1.489,43443.986,64699.971,ZM,-13.52979,32.45161,11.192,1.378,5,1103.989,17.070638356164384,27.160794520547945,21.4942,19896317.473972604,4.846610958904109,20.578320547945207,-1.8219835616438356,0.5227333333333333,0.805,46.151472222222225,68.387
ZM-A2-0302,2008,1.659,47339.0,78519.0,ZM,-13.52979,32.45161,11.192,1.378,5,993.427,16.853795081967213,27.002849726775956,21.34546174863388,20448496.30054645,4.954464480874317,21.053234972677597,-2.2401830601092896,0.5021590909090908,0.775,45.30441666666667,68.395
ZM-A2-0302,2009,1.562,63349.55,98979.178,ZM,-13.52979,32.45161,11.192,1.378,5,1076.318,17.015969863013698,27.082810958904112,21.453649315068493,20144351.61369863,4.8392328767123285,20.299819178082192,-1.8904164383561646,0.5296304347826087,0.768,47.56505555555556,68.879
ZM-A2-0302,2010,2.252,66474.758,149703.604,ZM,-13.52979,32.45161,11.192,1.378,5,999.849,17.448756164383564,27.573073972602742,21.958909589041095,20116739.350684933,4.985657534246576,21.30821095890411,-2.246345205479452,0.5145333333333333,0.767,46.131083333333336,68.627
ZM-A2-0302,2011,2.014,69679.745,140357.825,ZM,-13.52979,32.45161,11.192,1.378,5,950.644,17.13776712328767,27.70771506849315,21.886005479452056,20877679.405479454,5.0632027397260275,22.10186301369863,-2.458698630136986,0.5180217391304348,0.777,46.173944444444444,70.481
ZM-A2-0302,2012,2.298,66500.708,152823.748,ZM,-13.52979,32.45161,11.192,1.378,5,1103.455,16.98294262295082,27.491060109289617,21.72338524590164,20329919.36885246,4.973745901639345,21.707868852459015,-1.958841530054645,0.5171555555555555,0.753,45.80455555555555,69.399
ZM-A2-0302,2013,2.115,67752.724,143271.782,ZM,-13.52979,32.45161,11.192,1.378,5,932.394,17.32245205479452,28.034687671232877,22.202830136986304,20800604.594520546,5.230709589041096,23.31052876712329,-2.676205479452055,0.4845434782608696,0.79,43.30130555555556,71.379
ZM-A2-0302,2014,2.472,71609.838,176987.786,ZM,-13.52979,32.45161,11.192,1.378,5,883.71,17.57711232876712,28.123484931506848,22.395054794520547,20422463.04109589,5.226964383561644,23.457402739726025,-2.805841095890411,0.48144444444444445,0.804,43.531777777777776,70.719
ZM-A2-0302,2015,1.696,73131.992,124016.641,ZM,-13.52979,32.45161,11.192,1.378,5,749.639,17.76207123287671,28.602254794520547,22.73706575342466,20902063.353424657,5.382427397260274,24.70927671232877,-3.3286219178082197,0.4869565217391304,0.76,43.51861111111111,70.751
ZM-A2-0302,2016,1.908,62794.544,119802.416,ZM,-13.52979,32.45161,11.192,1.378,5,825.638,17.883866120218578,28.55667486338798,22.790286885245905,20836402.95081967,5.412385245901639,24.313043715846995,-3.1565437158469947,0.46528888888888886,0.794,43.96988888888889,73.365
ZM-A2-0302,2017,2.17,89177.955,193549.321,ZM,-13.52979,32.45161,11.192,1.378,5,1150.957,17.597849315068494,27.68453698630137,22.14148493150685,19682910.9260274,4.954567123287671,21.434912328767123,-1.801260273972603,0.5251555555555556,0.769,46.92044444444444,70.135
ZM-A2-0304,2001,1.114,26151.0,29123.91,ZM,-12.2958,33.04529,11.677,1.391,5,908.931,16.640186301369862,27.09090410958904,21.20891780821918,20220683.408219177,4.931378082191781,21.00407397260274,-2.4411561643835618,0.5280227272727273,0.773,45.54186111111111,62.325
ZM-A2-0304,2002,1.152,27241.0,31374.0,ZM,-12.2958,33.04529,11.677,1.391,5,883.818,16.62750684931507,27.012816438356165,21.186334246575342,19940374.81369863,4.900443835616438,20.497857534246574,-2.4790246575342465,0.5209777777777778,0.77,45.90697222222222,65.68
ZM-A2-0304,2003,1.011,31278.0,31630.1,ZM,-12.2958,33.04529,11.677,1.391,5,861.095,16.53740821917808,27.125161643835614,21.176934246575343,20532083.860273972,4.945186301369863,20.870967123287674,-2.5860219178082193,0.519695652173913,0.766,46.65558333333334,63.476
ZM-A2-0304,2004,1.326,27003.589,35812.427,ZM,-12.2958,33.04529,11.677,1.391,5,953.995,16.505543715846997,26.870360655737706,21.038174863387976,19895648.256830603,4.840994535519126,20.127765027322404,-2.234450819672131,0.5211521739130435,0.805,46.670833333333334,65.742
ZM-A2-0304,2005,1.087,29733.0,32317.92,ZM,-12.2958,33.04529,11.677,1.391,5,601.043,16.94212602739726,27.819134246575345,21.762635616438356,21004948.643835615,5.321975342465754,22.859857534246576,-3.675282191780822,0.48532608695652174,0.713,45.336777777777776,64.041
ZM-A2-0304,2006,1.401,33647.0,47151.0,ZM,-12.2958,33.04529,11.677,1.391,5,990.463,16.610084931506847,26.849690410958907,21.101109589041094,20147282.350684933,4.869043835616439,20.035539726027398,-2.1554465753424656,0.5202888888888889,0.708,46.516416666666665,64.231
ZM-A2-0304,2007,1.13,37346.898,42204.854,ZM,-12.2958,33.04529,11.677,1.391,5,984.354,16.614764383561646,26.747495890410956,21.031964383561643,20023899.443835616,4.834534246575343,19.84889315068493,-2.1376739726027396,0.5054318181818181,0.697,45.613277777777775,63.026
ZM-A2-0304,2008,1.669,34967.0,58357.0,ZM,-12.2958,33.04529,11.677,1.391,5,899.856,16.36266393442623,26.55369398907104,20.841762295081967,20283344.542349726,4.886308743169399,20.2475218579235,-2.427685792349727,0.4979545454545455,0.802,44.37236111111111,62.87
ZM-A2-0304,2009,1.737,60850.96,105698.583,ZM,-12.2958,33.04529,11.677,1.391,5,986.424,16.458142465753426,26.661178082191782,20.957969863013698,20127458.408219177,4.797569863013699,19.669312328767123,-2.0950383561643835,0.5119130434782609,0.722,45.374027777777776,61.252
ZM-A2-0304,2010,2.061,56352.227,116156.824,ZM,-12.2958,33.04529,11.677,1.391,5,817.943,16.9356602739726,27.217268493150684,21.497082191780823,20447671.76712329,5.015290410958904,20.90913424657534,-2.774350684931507,0.5077826086956522,0.784,45.477833333333336,64.688
ZM-A2-0304,2011,2.044,62337.077,127437.04,ZM,-12.2958,33.04529,11.677,1.391,5,850.798,16.641649315068495,27.249676712328768,21.381005479452053,20534957.832876712,4.9481315068493155,21.196901369863014,-2.617178082191781,0.5032173913043478,0.729,44.75925,63.299
ZM-A2-0304,2012,1.881,55269.342,103980.405,ZM,-12.2958,33.04529,11.677,1.391,5,934.59,16.58325956284153,27.130543715846997,21.273784153005465,20407656.759562843,4.962087431693989,21.063013661202184,-2.408562841530055,0.5068260869565218,0.736,44.71233333333333,61.744
ZM-A2-0304,2013,2.13,57974.404,123504.027,ZM,-12.2958,33.04529,11.677,1.391,5,941.332,16.967367123287673,27.595753424657538,21.734567123287672,20653681.9369863,5.152150684931507,22.26171232876712,-2.573158904109589,0.4844347826086956,0.765,42.71341666666667,64.428
ZM-A2-0304,2014,2.594,74284.524,192719.809,ZM,-12.2958,33.04529,11.677,1.391,5,900.528,17.069553424657535,27.410353424657536,21.683490410958903,20327846.712328766,5.078347945205479,21.660679452054794,-2.6111479452054795,0.48202173913043483,0.806,42.808055555555555,61.151
ZM-A2-0304,2015,2.244,67936.223,152475.261,ZM,-12.2958,33.04529,11.677,1.391,5,848.894,17.187117808219178,27.744312328767126,21.966498630136986,20644768.147945207,5.153150684931507,22.41608219178082,-2.8274136986301373,0.4821086956521739,0.699,43.32436111111111,64.666
ZM-A2-0304,2016,2.259,57325.797,129496.373,ZM,-12.2958,33.04529,11.677,1.391,5,855.097,17.18227595628415,27.594784153005467,21.86795081967213,20977299.893442623,5.226669398907104,21.98448087431694,-2.890338797814208,0.47286666666666666,0.727,44.21561111111111,65.709
ZM-A2-0304,2017,3.266,90769.749,296474.004,ZM,-12.2958,33.04529,11.677,1.391,5,1024.307,17.190594520547947,27.2778301369863,21.699506849315068,19877669.35890411,4.934054794520548,20.937153424657534,-2.127734246575342,0.4993695652173913,0.735,44.02166666666667,64.195
ZM-A2-0305,2001,1.046,7400.0,7742.7,ZM,-13.44172,31.93438,11.35,1.542,5,983.501,19.01153698630137,29.814238356164385,23.9864602739726,20267485.34520548,5.0279561643835615,25.779939726027397,-2.3334328767123287,0.5705333333333333,0.827,49.934666666666665,73.346
ZM-A2-0305,2002,1.239,6041.0,7484.0,ZM,-13.44172,31.93438,11.35,1.542,5,859.8050000000001,19.01861095890411,30.010890410958904,24.178430136986304,20051293.72328767,5.0987260273972606,26.407608219178083,-2.743095890410959,0.5497727272727273,0.826,51.37255555555556,78.12
ZM-A2-0305,2003,1.178,8875.29,10454.89,ZM,-13.44172,31.93438,11.35,1.542,5,962.944,18.769235616438355,29.784947945205477,23.87425205479452,20451910.457534246,5.068449315068493,25.736369863013696,-2.4302465753424656,0.5598,0.858,51.23533333333333,76.045
ZM-A2-0305,2004,0.802,3988.0,3199.532,ZM,-13.44172,31.93438,11.35,1.542,5,1035.133,18.778185792349728,29.510612021857924,23.69325956284153,19859911.62431694,4.949879781420765,24.812573770491802,-2.1216475409836066,0.5898260869565217,0.83,54.251194444444444,76.697
ZM-A2-0305,2005,0.393,6541.0,2572.42,ZM,-13.44172,31.93438,11.35,1.542,5,627.569,19.376208219178082,30.94271780821918,24.89096712328767,21098360.621917807,5.529246575342466,29.599553424657532,-3.8098794520547945,0.5197173913043478,0.841,47.09302777777778,72.825
ZM-A2-0305,2006,0.927,5393.0,4997.0,ZM,-13.44172,31.93438,11.35,1.542,5,968.189,19.034131506849313,29.794613698630137,23.973534246575344,20311696.057534248,5.091931506849315,25.565575342465753,-2.439358904109589,0.5726,0.803,52.826861111111114,77.384
ZM-A2-0305,2007,0.747,6386.623,4768.035,ZM,-13.44172,31.93438,11.35,1.542,5,1183.762,18.946408219178082,29.5346602739726,23.784175342465755,19961043.083561644,4.982457534246575,24.972731506849318,-1.7392739726027397,0.5727555555555556,0.819,51.45686111111111,74.906
ZM-A2-0305,2008,1.167,5393.0,6292.0,ZM,-13.44172,31.93438,11.35,1.542,5,941.134,18.723262295081966,29.40472404371585,23.66245081967213,20432606.37704918,5.07851912568306,25.5505956284153,-2.5071147540983607,0.554088888888889,0.816,50.22463888888889,74.955
ZM-A2-0305,2009,1.551,6663.82,10335.687,ZM,-13.44172,31.93438,11.35,1.542,5,995.749,18.796747945205478,29.35792602739726,23.653416438356164,20104990.10136986,4.948780821917809,24.40430684931507,-2.220701369863014,0.5728260869565218,0.813,51.900555555555556,75.403
ZM-A2-0305,2010,1.731,7170.471,12414.545,ZM,-13.44172,31.93438,11.35,1.542,5,1047.584,19.256265753424657,29.871208219178083,24.180205479452052,20056890.052054796,5.075430136986301,25.56860821917808,-2.20533698630137,0.5525333333333333,0.823,50.54208333333334,74.934
ZM-A2-0305,2011,1.52,7537.097,11459.926,ZM,-13.44172,31.93438,11.35,1.542,5,909.404,18.926312328767125,30.049249315068494,24.08802465753425,20895496.553424656,5.140175342465754,26.483364383561643,-2.6486575342465755,0.5576,0.807,51.17444444444445,77.058
ZM-A2-0305,2012,1.667,6543.206,10905.562,ZM,-13.44172,31.93438,11.35,1.542,5,1089.851,18.790188524590164,29.861754098360656,23.957890710382514,20280175.43989071,5.049284153005464,26.19228961748634,-2.0715491803278687,0.5565555555555556,0.806,50.452666666666666,74.109
ZM-A2-0305,2013,1.297,7400.182,9598.452,ZM,-13.44172,31.93438,11.35,1.542,5,878.133,19.20493698630137,30.53902465753425,24.532235616438356,20806730.80821918,5.32687397260274,28.46540821917808,-2.921030136986301,0.5098478260869566,0.816,46.50186111111111,76.134
ZM-A2-0305,2014,2.003,8664.816,17353.565,ZM,-13.44172,31.93438,11.35,1.542,5,868.45,19.522994520547947,30.642046575342466,24.76375616438356,20452231.901369862,5.362547945205479,28.715501369863013,-2.983232876712329,0.5192888888888889,0.861,46.91816666666667,73.895
ZM-A2-0305,2015,1.19,9299.146,11068.405,ZM,-13.44172,31.93438,11.35,1.542,5,726.54,19.648443835616437,31.117764383561646,25.084906849315068,20767661.583561644,5.449353424657534,30.051038356164387,-3.4588328767123286,0.555804347826087,0.805,50.50077777777778,76.128
ZM-A2-0305,2016,1.242,7654.865,9507.6,ZM,-13.44172,31.93438,11.35,1.542,5,793.358,19.755024590163934,31.02724043715847,25.12374316939891,20758133.915300548,5.475762295081967,29.444628415300546,-3.308117486338798,0.5210869565217391,0.815,48.346694444444445,76.021
ZM-A2-0305,2017,1.729,10932.51,18900.277,ZM,-13.44172,31.93438,11.35,1.542,5,1152.583,19.506013698630134,30.04639178082192,24.423520547945202,19662143.826027397,5.082964383561643,25.971276712328766,-1.9252027397260272,0.571195652173913,0.829,51.44030555555556,74.228
ZM-A2-0306,2001,1.005,10402.0,10455.3,ZM,-14.46372,30.86593,10.98,1.502,5,1033.141,18.37112328767123,28.145361643835617,22.811794520547945,19827815.493150685,4.979268493150685,22.139457534246574,-2.148745205479452,0.5664318181818182,0.871,50.24944444444444,74.233
ZM-A2-0306,2002,0.749,10684.0,8005.0,ZM,-14.46372,30.86593,10.98,1.502,5,764.164,18.485687671232878,28.612221917808217,23.179605479452057,19969511.471232876,5.248520547945206,23.683758904109588,-3.154920547945206,0.48175555555555555,0.805,43.39577777777778,71.869
ZM-A2-0306,2003,0.918,12989.62,11918.07,ZM,-14.46372,30.86593,10.98,1.502,5,914.012,18.126539726027396,28.211805479452053,22.732164383561642,20148491.591780823,5.0856301369863015,22.642868493150687,-2.581487671232877,0.5521086956521739,0.853,50.26313888888889,77.801
ZM-A2-0306,2004,2.152,9765.797,21017.254,ZM,-14.46372,30.86593,10.98,1.502,5,1003.175,18.057281420765026,27.905726775956282,22.518516393442624,19637994.975409836,4.945155737704917,21.649221311475408,-2.20424043715847,0.5795333333333333,0.862,52.852666666666664,77.441
ZM-A2-0306,2005,0.688,13546.0,9326.12,ZM,-14.46372,30.86593,10.98,1.502,5,687.804,18.72184383561644,29.240049315068493,23.647975342465756,20834202.9260274,5.590961643835617,25.80421095890411,-3.706567123287671,0.46143478260869564,0.822,40.872638888888886,71.559
ZM-A2-0306,2006,1.307,17158.0,22422.0,ZM,-14.46372,30.86593,10.98,1.502,5,938.98,18.306235616438357,28.095901369863014,22.724405479452052,19865792.545205478,5.041460273972603,22.093084931506848,-2.4689123287671233,0.5553555555555556,0.855,50.47036111111111,78.308
ZM-A2-0306,2007,1.154,13928.267,16071.382,ZM,-14.46372,30.86593,10.98,1.502,5,1062.408,18.345605479452054,28.08200273972603,22.685328767123288,19664918.538356163,5.007443835616439,22.125098630136986,-2.09673698630137,0.5333863636363637,0.844,46.48883333333333,73.475
ZM-A2-0306,2008,0.585,12726.0,7441.0,ZM,-14.46372,30.86593,10.98,1.502,5,996.582,17.906352459016393,27.742483606557375,22.311726775956284,20078886.765027322,5.054002732240438,22.259371584699455,-2.331101092896175,0.5298181818181819,0.854,47.11222222222222,73.42
ZM-A2-0306,2009,1.022,15851.99,16204.323,ZM,-14.46372,30.86593,10.98,1.502,5,1110.105,18.04509315068493,27.55352602739726,22.27991506849315,19577581.897260275,4.856706849315069,20.681742465753427,-1.8153232876712329,0.562695652173913,0.844,50.482,76.397
ZM-A2-0306,2010,1.574,18384.284,28933.012,ZM,-14.46372,30.86593,10.98,1.502,5,1145.126,18.525394520547945,28.200238356164384,22.894375342465754,19538963.06027397,4.999717808219178,21.920526027397262,-1.862386301369863,0.5457555555555555,0.801,49.31005555555556,73.401
ZM-A2-0306,2011,1.445,16491.906,23828.662,ZM,-14.46372,30.86593,10.98,1.502,5,766.088,18.302068493150685,28.516339726027397,22.937019178082192,20700414.6,5.161964383561644,23.471279452054794,-3.0630931506849315,0.5525869565217392,0.83,50.042722222222224,75.656
ZM-A2-0306,2012,2.143,17426.362,37336.106,ZM,-14.46372,30.86593,10.98,1.502,5,978.225,18.187226775956283,28.414909836065572,22.85427049180328,20029084.084699452,5.127808743169399,23.37277868852459,-2.455062841530055,0.524804347826087,0.792,46.74372222222222,75.128
ZM-A2-0306,2013,1.937,18619.154,36066.195,ZM,-14.46372,30.86593,10.98,1.502,5,742.735,18.562079452054792,29.068326027397262,23.408304109589043,20545040.038356163,5.387917808219178,25.45223287671233,-3.353027397260274,0.5123695652173913,0.813,46.49816666666666,76.908
ZM-A2-0306,2014,1.771,18755.078,33223.337,ZM,-14.46372,30.86593,10.98,1.502,5,698.377,18.85775890410959,29.222293150684933,23.669912328767122,20223262.284931507,5.492824657534247,25.913457534246575,-3.57946301369863,0.5090217391304348,0.843,45.709583333333335,75.386
ZM-A2-0306,2015,1.276,16854.477,21512.807,ZM,-14.46372,30.86593,10.98,1.502,5,812.417,18.762660273972603,29.44194520547945,23.737753424657537,20581908.7369863,5.480882191780822,26.323490410958904,-3.255082191780822,0.5333260869565217,0.851,47.38697222222223,75.714
ZM-A2-0306,2016,1.649,19292.872,31815.258,ZM,-14.46372,30.86593,10.98,1.502,5,796.24,19.04845901639344,29.616286885245902,24.010038251366122,20412330.94535519,5.537562841530055,26.479469945355195,-3.3620437158469945,0.5,0.855,45.970555555555556,79.117
ZM-A2-0306,2017,1.801,27126.218,48857.564,ZM,-14.46372,30.86593,10.98,1.502,5,1078.77,18.61374794520548,28.317942465753426,23.073134246575343,19025855.69178082,4.948671232876713,22.22181369863014,-1.99313698630137,0.5695,0.845,49.132222222222225,72.769
ZM-A2-0307,2001,1.211,37584.0,45506.43,ZM,-14.22625,31.36492,11.818,1.47,5,996.828,17.384427397260275,27.220073972602737,21.75348493150685,20134981.701369863,4.849994520547946,20.622550684931507,-2.118958904109589,0.5228181818181818,0.76,45.975861111111115,67.388
ZM-A2-0307,2002,1.316,39399.0,51863.0,ZM,-14.22625,31.36492,11.818,1.47,5,831.365,17.335372602739728,27.424380821917808,21.927761643835616,20182676.230136987,5.004775342465753,21.35659178082192,-2.7270630136986305,0.47384444444444446,0.786,43.23561111111111,68.017
ZM-A2-0307,2003,1.014,38491.11,39033.3,ZM,-14.22625,31.36492,11.818,1.47,5,999.054,17.082824657534246,27.128665753424656,21.565304109589043,20325089.2630137,4.884,20.66708493150685,-2.1468657534246574,0.5170869565217392,0.813,46.510666666666665,72.17
ZM-A2-0307,2004,1.474,36271.34,53459.183,ZM,-14.22625,31.36492,11.818,1.47,5,1008.796,17.08816393442623,26.8931693989071,21.43109836065574,19793168.535519127,4.780426229508197,19.92163387978142,-2.024153005464481,0.5267608695652174,0.792,47.98561111111111,70.718
ZM-A2-0307,2005,0.731,39841.0,29142.98,ZM,-14.22625,31.36492,11.818,1.47,5,701.757,17.60666301369863,28.038931506849313,22.411290410958905,21106087.052054796,5.357504109589041,23.350465753424658,-3.434882191780822,0.44078260869565217,0.767,39.717166666666664,64.489
ZM-A2-0307,2006,1.214,47914.0,58159.0,ZM,-14.22625,31.36492,11.818,1.47,5,1003.55,17.315854794520547,27.03240821917808,21.618506849315068,20147003.05479452,4.873397260273973,20.1892,-2.123945205479452,0.5206666666666666,0.8,47.34672222222222,71.192
ZM-A2-0307,2007,0.968,53746.046,52046.508,ZM,-14.22625,31.36492,11.818,1.47,5,1203.573,17.30649589041096,26.958539726027396,21.52694794520548,19855059.342465755,4.817487671232877,20.08690684931507,-1.520027397260274,0.5050222222222222,0.818,44.59558333333334,68.987
ZM-A2-0307,2008,1.123,50451.0,56665.0,ZM,-14.22625,31.36492,11.818,1.47,5,1032.889,16.973308743169397,26.707934426229507,21.252472677595627,20312860.538251366,4.904920765027322,20.40041530054645,-2.0828196721311474,0.47855555555555557,0.757,43.32502777777778,66.641
ZM-A2-0307,2009,1.149,69912.34,80341.346,ZM,-14.22625,31.36492,11.818,1.47,5,1067.688,17.140205479452057,26.628413698630133,21.3046,19904104.004109588,4.732021917808219,19.202676712328767,-1.8068493150684932,0.5093695652173913,0.75,46.52583333333334,68.817
ZM-A2-0307,2010,1.698,69835.614,118584.598,ZM,-14.22625,31.36492,11.818,1.47,5,1120.719,17.56797808219178,27.22327397260274,21.844057534246577,19822285.271232877,4.858767123287671,20.340334246575342,-1.788304109589041,0.4881818181818182,0.76,45.69777777777777,68.488
ZM-A2-0307,2011,1.836,78716.844,144487.738,ZM,-14.22625,31.36492,11.818,1.47,5,827.451,17.302501369863013,27.47657808219178,21.86036712328767,20918349.85753425,5.020961643835617,21.59720273972603,-2.753972602739726,0.48684444444444447,0.745,45.47905555555556,70.434
ZM-A2-0307,2012,2.208,60732.095,134089.96,ZM,-14.22625,31.36492,11.818,1.47,5,1073.251,17.130210382513663,27.324303278688525,21.723909836065573,20309846.722677596,4.942590163934426,21.328196721311475,-2.010210382513661,0.46657777777777776,0.73,43.12452777777778,67.543
ZM-A2-0307,2013,1.764,67913.677,119804.358,ZM,-14.22625,31.36492,11.818,1.47,5,867.91,17.462416438356165,27.91226575342466,22.21752602739726,20760596.269863013,5.200394520547945,23.151438356164384,-2.822558904109589,0.45723913043478265,0.782,41.94294444444444,70.365
ZM-A2-0307,2014,1.959,75686.279,148293.063,ZM,-14.22625,31.36492,11.818,1.47,5,790.329,17.74896712328767,28.00214794520548,22.42802191780822,20426553.6,5.2572465753424655,23.352194520547943,-3.0919616438356163,0.4648260869565218,0.856,40.828472222222224,67.553
ZM-A2-0307,2015,1.665,72807.571,121219.653,ZM,-14.22625,31.36492,11.818,1.47,5,820.832,17.75967397260274,28.32484931506849,22.596109589041095,20781443.07671233,5.303978082191781,24.075320547945207,-3.055123287671233,0.4685652173913043,0.732,42.77111111111111,67.441
ZM-A2-0307,2016,1.579,70252.688,110946.738,ZM,-14.22625,31.36492,11.818,1.47,5,816.71,17.995166666666666,28.48466393442623,22.851538251366122,20667857.50273224,5.3477978142076505,24.214418032786888,-3.1163497267759563,0.4424347826086957,0.756,41.70330555555555,71.994
ZM-A2-0307,2017,1.637,81680.413,133714.973,ZM,-14.22625,31.36492,11.818,1.47,5,1122.025,17.66518630136986,27.37329863013699,22.04331506849315,19363029.146575343,4.840901369863014,20.594372602739725,-1.7668602739726027,0.5018478260869565,0.767,44.465472222222225,66.148
ZM-A2-0312,2001,0.863,15040.0,12976.92,ZM,-14.00716,32.56479,12.055,1.363,5,1052.105,16.120397260273972,26.631786301369864,20.81933698630137,19860971.452054795,4.403712328767123,19.342668493150683,-1.5212328767123289,0.5320222222222222,0.789,44.355472222222225,60.888
ZM-A2-0312,2002,1.176,12894.0,15162.0,ZM,-14.00716,32.56479,12.055,1.363,5,987.244,15.970279452054795,26.570561643835614,20.821060273972602,19814171.05479452,4.417271232876713,19.287043835616437,-1.7124931506849317,0.5026136363636364,0.76,44.26908333333333,61.432
ZM-A2-0312,2003,1.61,13467.76,21685.48,ZM,-14.00716,32.56479,12.055,1.363,5,1063.556,15.81025479452055,26.420608219178085,20.617569863013696,19965469.465753425,4.407254794520548,19.09492602739726,-1.4934027397260274,0.5180222222222223,0.744,45.4105,64.503
ZM-A2-0312,2004,1.895,13941.309,26411.938,ZM,-14.00716,32.56479,12.055,1.363,5,1129.261,15.796978142076505,26.006882513661203,20.35296174863388,19379653.808743168,4.255609289617487,17.9468087431694,-1.1701967213114755,0.5261111111111111,0.733,47.18044444444444,64.604
ZM-A2-0312,2005,0.83,23564.0,19547.36,ZM,-14.00716,32.56479,12.055,1.363,5,699.087,16.22895616438356,27.321079452054793,21.39804931506849,20804972.301369864,4.788065753424657,21.64192602739726,-2.872758904109589,0.47936956521739127,0.694,42.25352777777778,59.324
ZM-A2-0312,2006,1.304,20283.0,26449.0,ZM,-14.00716,32.56479,12.055,1.363,5,1270.166,15.941076712328767,26.18492602739726,20.494046575342466,19750614.901369862,4.324668493150685,18.190912328767123,-0.8447616438356165,0.5231111111111111,0.723,46.626888888888885,63.465
ZM-A2-0312,2007,1.143,13171.474,15056.979,ZM,-14.00716,32.56479,12.055,1.363,5,1219.916,15.896169863013698,26.180495890410956,20.471742465753422,19463148.30958904,4.2806054794520545,18.29244383561644,-0.9383698630136986,0.5072045454545454,0.704,45.14788888888889,63.005
ZM-A2-0312,2008,1.473,12843.0,18923.0,ZM,-14.00716,32.56479,12.055,1.363,5,1124.412,15.634612021857924,26.054775956284153,20.29068306010929,20198764.94535519,4.404289617486339,18.798953551912568,-1.3321256830601094,0.4819767441860465,0.732,43.16627777777778,61.299
ZM-A2-0312,2009,1.341,20981.37,28127.674,ZM,-14.00716,32.56479,12.055,1.363,5,1206.844,15.897408219178082,26.11679452054794,20.447693150684934,19647568.69041096,4.27226301369863,18.064641095890412,-0.9658410958904109,0.517695652173913,0.693,45.690361111111116,61.8
ZM-A2-0312,2010,1.853,19926.267,36914.285,ZM,-14.00716,32.56479,12.055,1.363,5,1112.302,16.34427397260274,26.503723287671235,20.90991506849315,19551888.42739726,4.363690410958904,18.73761917808219,-1.3162876712328766,0.5062666666666666,0.713,44.49225,61.591
ZM-A2-0312,2011,1.963,21878.699,42951.04,ZM,-14.00716,32.56479,12.055,1.363,5,988.907,15.969857534246573,26.621895890410958,20.805301369863013,20601058.602739725,4.504597260273973,19.5826301369863,-1.79526301369863,0.507804347826087,0.732,44.47258333333333,63.719
ZM-A2-0312,2012,2.149,23893.803,51339.688,ZM,-14.00716,32.56479,12.055,1.363,5,1106.012,15.827109289617486,26.58538524590164,20.74346994535519,20028964.356557377,4.442986338797814,19.645639344262296,-1.4210956284153005,0.49677777777777776,0.717,43.79047222222223,62.778
ZM-A2-0312,2013,2.009,24901.464,50022.225,ZM,-14.00716,32.56479,12.055,1.363,5,976.464,16.121846575342467,27.04714794520548,21.147964383561643,20443486.90958904,4.638391780821918,21.027317808219177,-1.9631479452054794,0.47659999999999997,0.744,42.192305555555556,64.149
ZM-A2-0312,2014,2.407,25395.401,61134.533,ZM,-14.00716,32.56479,12.055,1.363,5,965.104,16.408520547945205,27.14919178082192,21.376931506849314,20066486.657534245,4.6444465753424655,21.18777808219178,-2.0003260273972603,0.46355555555555555,0.768,41.02911111111111,63.213
ZM-A2-0312,2015,2.019,25241.243,50959.658,ZM,-14.00716,32.56479,12.055,1.363,5,844.89,16.562238356164382,27.600339726027396,21.67838904109589,20603358.22328767,4.789545205479452,22.35001095890411,-2.4747780821917806,0.47858695652173916,0.714,42.30708333333334,64.036
ZM-A2-0312,2016,1.833,21252.46,38954.26,ZM,-14.00716,32.56479,12.055,1.363,5,903.244,16.776158469945354,27.648907103825138,21.85200819672131,20493435.93306011,4.8177267759562845,22.159303278688526,-2.349846994535519,0.4580444444444445,0.736,42.764361111111114,66.607
ZM-A2-0312,2017,2.883,26701.574,76979.208,ZM,-14.00716,32.56479,12.055,1.363,5,1242.022,16.40370136986301,26.561901369863012,21.03269589041096,19157559.56027397,4.3145999999999995,18.717402739726026,-0.9118,0.5229777777777778,0.757,46.235305555555556,64.506
ZM-A2-0313,2001,1.034,35524.0,36727.56,ZM,-14.06298,31.85794,11.511,1.396,5,950.939,17.094164383561644,26.846701369863016,21.360194520547942,20171172.789041094,4.7835095890410955,19.81072602739726,-2.1781972602739725,0.5012954545454545,0.763,44.55466666666667,64.452
ZM-A2-0313,2002,1.186,30223.0,35837.0,ZM,-14.06298,31.85794,11.511,1.396,5,805.898,17.011679452054793,27.048186301369864,21.532679452054794,20187545.353424657,4.915701369863013,20.519720547945205,-2.7077616438356165,0.46611904761904766,0.76,43.717,64.701
ZM-A2-0313,2003,0.876,35453.69,31042.71,ZM,-14.06298,31.85794,11.511,1.396,5,931.769,16.79144383561644,26.730331506849314,21.17569589041096,20278662.216438357,4.8008712328767125,19.814317808219176,-2.2480794520547946,0.4978,0.762,45.258111111111106,67.467
ZM-A2-0313,2004,1.599,29787.728,47623.159,ZM,-14.06298,31.85794,11.511,1.396,5,949.422,16.83248360655738,26.511685792349727,21.06713387978142,19755025.174863387,4.710325136612022,19.114633879781422,-2.116275956284153,0.501,0.74,45.94547222222222,67.037
ZM-A2-0313,2005,0.654,32958.0,21548.38,ZM,-14.06298,31.85794,11.511,1.396,5,628.769,17.32952876712329,27.763397260273972,22.112131506849316,21099677.989041097,5.315580821917808,22.79346301369863,-3.5929260273972607,0.44410869565217387,0.738,40.25947222222222,61.497
ZM-A2-0313,2006,1.636,29077.0,47562.0,ZM,-14.06298,31.85794,11.511,1.396,5,993.971,17.020323287671232,26.6278301369863,21.222586301369862,20155698.92328767,4.7962410958904105,19.287331506849316,-2.073032876712329,0.49351111111111107,0.751,45.70755555555556,67.124
ZM-A2-0313,2007,0.695,33309.021,23150.7,ZM,-14.06298,31.85794,11.511,1.396,5,1196.576,16.985638356164383,26.48095890410959,21.087712328767125,19849549.998630136,4.718471232876713,19.00074520547945,-1.4401808219178083,0.48360000000000003,0.721,43.065083333333334,65.143
ZM-A2-0313,2008,1.118,29286.0,32728.0,ZM,-14.06298,31.85794,11.511,1.396,5,998.77,16.722554644808742,26.301715846994536,20.896467213114754,20375464.407103825,4.842907103825136,19.44672950819672,-2.1140273224043717,0.4636222222222222,0.724,41.844388888888886,62.796
ZM-A2-0313,2009,1.102,45915.03,50619.015,ZM,-14.06298,31.85794,11.511,1.396,5,1006.417,16.888021917808217,26.289158904109588,20.98151506849315,19954474.08219178,4.676043835616438,18.47839178082192,-1.91873698630137,0.49771739130434783,0.738,46.02033333333333,66.862
ZM-A2-0313,2010,1.301,41249.614,53668.298,ZM,-14.06298,31.85794,11.511,1.396,5,1084.3029999999999,17.288016438356166,26.792131506849316,21.452328767123287,19843817.594520546,4.775232876712328,19.412405479452055,-1.8045397260273974,0.4748444444444444,0.722,43.54547222222222,64.28
ZM-A2-0313,2011,1.543,43465.254,67081.92,ZM,-14.06298,31.85794,11.511,1.396,5,869.932,17.00212602739726,26.982468493150687,21.44145205479452,20884844.802739725,4.939931506849315,20.475695890410957,-2.556556164383562,0.46599999999999997,0.719,43.349583333333335,66.697
ZM-A2-0313,2012,1.842,47259.748,87049.649,ZM,-14.06298,31.85794,11.511,1.396,5,1009.883,16.84305737704918,26.928830601092894,21.356907103825137,20320344.786885247,4.875267759562841,20.470696721311473,-2.1160245901639345,0.45717391304347826,0.707,42.44986111111111,64.397
ZM-A2-0313,2013,1.704,52832.629,90022.325,ZM,-14.06298,31.85794,11.511,1.396,5,868.447,17.147060273972603,27.476805479452054,21.810816438356166,20762775.023287673,5.119501369863014,22.15315890410959,-2.7401945205479454,0.4376304347826087,0.753,40.36486111111111,66.451
ZM-A2-0313,2014,1.971,58786.73,115868.203,ZM,-14.06298,31.85794,11.511,1.396,5,848.871,17.400361643835616,27.525835616438357,21.98938082191781,20402715.660273973,5.146293150684931,22.19697808219178,-2.820619178082192,0.42672727272727273,0.711,39.310694444444444,64.637
ZM-A2-0313,2015,1.121,56590.411,63418.004,ZM,-14.06298,31.85794,11.511,1.396,5,805.42,17.48467397260274,27.9499698630137,22.238906849315068,20785451.8,5.255947945205479,23.22309315068493,-3.049317808219178,0.44995555555555555,0.69,41.613527777777776,63.966
ZM-A2-0313,2016,1.149,46590.434,53553.388,ZM,-14.06298,31.85794,11.511,1.396,5,804.551,17.673300546448086,28.068975409836067,22.45430601092896,20681488.284153007,5.273215846994535,23.255524590163937,-3.0749890710382513,0.43117391304347824,0.73,40.831611111111116,66.981
ZM-A2-0313,2017,1.753,64418.847,112937.954,ZM,-14.06298,31.85794,11.511,1.396,5,1114.563,17.347008219178083,26.875920547945203,21.60136438356164,19444209.635616437,4.769063013698631,19.463860273972603,-1.7154657534246576,0.47206818181818183,0.745,43.41202777777778,63.515
ZM-A2-0401,2001,1.196,2091.883,2500.983,ZM,-8.57482,29.22811,11.699,1.336,5,1187.031,17.78008219178082,26.951232876712332,21.880868493150686,20907983.01369863,4.390087671232877,18.489049315068492,-1.1379479452054795,0.6195714285714286,0.804,52.10088888888889,66.878
ZM-A2-0401,2002,1.495,1363.475,2038.136,ZM,-8.57482,29.22811,11.699,1.336,5,1341.102,17.84638630136986,27.04647671232877,21.969616438356162,20890519.328767125,4.411632876712329,18.61277808219178,-0.7373808219178082,0.6252391304347826,0.837,53.4415,67.257
ZM-A2-0401,2003,0.933,1578.41,1472.3,ZM,-8.57482,29.22811,11.699,1.336,5,1101.579,17.901827397260274,27.249150684931507,22.0797698630137,21235717.10410959,4.467230136986301,19.02033424657534,-1.4492054794520548,0.5955,0.787,51.30744444444444,67.316
ZM-A2-0401,2004,1.881,1439.912,2708.847,ZM,-8.57482,29.22811,11.699,1.336,5,1264.483,17.704073770491803,27.034852459016392,21.872606557377047,20918342.584699452,4.408724043715847,18.622890710382514,-0.9538524590163935,0.6073863636363637,0.866,52.44361111111111,67.443
ZM-A2-0401,2005,1.998,2658.241,5310.421,ZM,-8.57482,29.22811,11.699,1.336,5,1033.828,18.172646575342466,27.628339726027395,22.48098630136986,21281733.02191781,4.522243835616438,19.622909589041097,-1.6898383561643837,0.5792826086956522,0.784,49.95036111111111,67.313
ZM-A2-0401,2006,1.356,2919.944,3960.802,ZM,-8.57482,29.22811,11.699,1.336,5,1457.712,17.929024657534246,27.015271232876714,22.051391780821916,20803138.08219178,4.38966301369863,18.306964383561645,-0.3959315068493151,0.5858,0.79,49.876416666666664,67.796
ZM-A2-0401,2007,0.941,3133.13,2949.292,ZM,-8.57482,29.22811,11.699,1.336,5,1009.77,18.151008219178085,27.41372602739726,22.415709589041096,21016113.287671234,4.504534246575342,19.434386301369862,-1.738041095890411,0.5892272727272727,0.812,50.614333333333335,67.7
ZM-A2-0401,2008,1.365,3047.173,4159.469,ZM,-8.57482,29.22811,11.699,1.336,5,1359.204,17.655928961748632,27.02682513661202,21.932185792349728,21061659.75136612,4.443819672131148,18.901002732240435,-0.7301475409836065,0.5900434782608696,0.791,50.04152777777778,66.618
ZM-A2-0401,2009,1.701,4384.8,7457.454,ZM,-8.57482,29.22811,11.699,1.336,5,1294.693,17.90126301369863,27.15221369863014,22.13309315068493,21063492.419178084,4.437690410958904,18.678087671232877,-0.890586301369863,0.6114666666666666,0.803,53.085166666666666,67.983
ZM-A2-0401,2010,1.35,5670.926,7654.946,ZM,-8.57482,29.22811,11.699,1.336,5,1179.307,18.217200000000002,27.45300821917808,22.487073972602737,21206771.660273973,4.530367123287672,19.31337808219178,-1.2993890410958904,0.5784347826086956,0.795,50.222,68.473
ZM-A2-0401,2011,2.455,7006.339,17201.693,ZM,-8.57482,29.22811,11.699,1.336,5,1356.267,17.85471506849315,27.107567123287673,22.03910684931507,21014330.550684933,4.409498630136986,18.450813698630135,-0.6936986301369863,0.6003260869565217,0.792,51.020916666666665,66.688
ZM-A2-0401,2012,2.896,5773.325,16716.741,ZM,-8.57482,29.22811,11.699,1.336,5,1217.907,17.809953551912567,27.15201092896175,22.05418306010929,20882548.05464481,4.370245901639344,18.579229508196722,-1.0426311475409837,0.5861111111111111,0.771,49.613416666666666,64.884
ZM-A2-0401,2013,2.146,4995.425,10719.986,ZM,-8.57482,29.22811,11.699,1.336,5,1405.964,17.977038356164382,27.160463013698628,22.09872602739726,21063059.07671233,4.416917808219178,18.53993698630137,-0.5649616438356164,0.5777826086956521,0.8,48.94430555555555,66.66
ZM-A2-0401,2014,2.064,5727.841,11820.044,ZM,-8.57482,29.22811,11.699,1.336,5,1129.389,18.21397534246575,27.3046602739726,22.351616438356164,20856972.865753423,4.44098904109589,18.905879452054794,-1.346772602739726,0.5909767441860465,0.79,51.597027777777775,68.183
ZM-A2-0401,2015,1.881,7272.574,13683.018,ZM,-8.57482,29.22811,11.699,1.336,5,1244.28,18.20331506849315,27.338268493150686,22.32746301369863,20923285.098630138,4.403843835616438,18.567421917808222,-0.9948575342465753,0.5875116279069768,0.78,49.03913888888889,63.922
ZM-A2-0401,2016,2.645,9324.87,24668.469,ZM,-8.57482,29.22811,11.699,1.336,5,1211.486,18.328311475409837,27.5061174863388,22.498385245901638,21067449.05191257,4.477292349726776,19.113893442622953,-1.1672213114754098,0.5825454545454546,0.834,49.82588888888889,65.777
ZM-A2-0401,2017,1.836,7034.628,12916.133,ZM,-8.57482,29.22811,11.699,1.336,5,1379.628,18.205002739726027,27.1722301369863,22.25317808219178,20853278.279452056,4.387802739726028,18.107282191780822,-0.6080000000000001,0.6049782608695652,0.773,50.80388888888889,65.224
ZM-A2-0404,2001,1.205,2373.0,2860.02,ZM,-9.78983,29.23045,17.421,1.268,5,1265.812,16.084761643835616,27.609304109589043,21.246791780821916,20156979.334246576,4.428386301369863,21.978339726027396,-0.9604082191780823,0.6223636363636363,0.778,53.28377777777777,68.562
ZM-A2-0404,2002,1.673,2357.0,3944.0,ZM,-9.78983,29.23045,17.421,1.268,5,1343.238,16.192975342465754,27.708419178082192,21.33528493150685,20082226.95342466,4.440493150684931,22.049967123287672,-0.7603890410958903,0.6295869565217391,0.81,53.976111111111116,69.519
ZM-A2-0404,2003,1.541,1449.35,2233.52,ZM,-9.78983,29.23045,17.421,1.268,5,1021.706,16.196542465753424,28.15158630136986,21.553449315068494,20745415.183561645,4.605441095890411,23.29995890410959,-1.8062465753424657,0.6207777777777778,0.788,52.38849999999999,66.865
ZM-A2-0404,2004,1.667,2495.485,4158.788,ZM,-9.78983,29.23045,17.421,1.268,5,1310.918,16.02998087431694,27.672871584699454,21.21262568306011,20094907.25409836,4.452792349726776,21.939224043715846,-0.8710491803278688,0.6338888888888888,0.802,53.830555555555556,66.999
ZM-A2-0404,2005,1.096,4861.0,5328.81,ZM,-9.78983,29.23045,17.421,1.268,5,999.118,16.550402739726028,28.486517808219176,21.969413698630138,20667005.287671234,4.662627397260274,24.00781917808219,-1.925317808219178,0.608,0.817,52.11694444444444,66.832
ZM-A2-0404,2006,1.794,4262.0,7646.0,ZM,-9.78983,29.23045,17.421,1.268,5,1445.134,16.21940821917808,27.637498630136985,21.403569863013697,19992584.934246574,4.429008219178082,21.631501369863013,-0.4697369863013699,0.6237555555555555,0.815,53.565111111111115,69.263
ZM-A2-0404,2007,2.081,4805.362,9999.854,ZM,-9.78983,29.23045,17.421,1.268,5,1155.374,16.43546301369863,28.02532876712329,21.73834520547945,20293593.13150685,4.564602739726027,22.79089315068493,-1.3991945205479452,0.6352325581395349,0.782,53.26216666666667,68.285
ZM-A2-0404,2008,2.461,5366.0,13208.0,ZM,-9.78983,29.23045,17.421,1.268,5,1220.285,15.988601092896175,27.808975409836062,21.384453551912568,20496413.027322404,4.569379781420765,22.928303278688524,-1.2352677595628416,0.6182391304347826,0.793,52.36302777777777,64.953
ZM-A2-0404,2009,2.376,7674.73,18233.283,ZM,-9.78983,29.23045,17.421,1.268,5,1278.051,16.248120547945206,27.939756164383564,21.572876712328767,20404025.37260274,4.5506164383561645,22.645827397260277,-1.0491068493150684,0.6255,0.812,53.533166666666666,66.497
ZM-A2-0404,2010,3.162,8531.847,26976.943,ZM,-9.78983,29.23045,17.421,1.268,5,1196.944,16.50445205479452,28.156895890410958,21.84167397260274,20588829.969863012,4.635038356164383,22.879553424657534,-1.3557397260273973,0.6045217391304348,0.81,52.154805555555555,67.256
ZM-A2-0404,2011,3.074,10674.296,32814.628,ZM,-9.78983,29.23045,17.421,1.268,5,1417.502,15.990591780821918,27.693153424657535,21.26878904109589,20332990.83561644,4.438553424657534,21.64267397260274,-0.554986301369863,0.6204565217391305,0.767,52.935916666666664,67.29
ZM-A2-0404,2012,2.953,13892.198,41019.249,ZM,-9.78983,29.23045,17.421,1.268,5,1197.515,16.05035519125683,27.82035519125683,21.397292349726776,20188564.25409836,4.431112021857923,22.14222131147541,-1.1592131147540983,0.616304347826087,0.766,51.683055555555555,63.858
ZM-A2-0404,2013,2.925,9469.75,27697.749,ZM,-9.78983,29.23045,17.421,1.268,5,1220.753,16.43080273972603,28.039961643835614,21.628016438356163,20539590.747945204,4.5193150684931505,22.699191780821916,-1.1747863013698632,0.6101304347826086,0.777,52.0245,69.196
ZM-A2-0404,2014,3.03,12266.882,37173.715,ZM,-9.78983,29.23045,17.421,1.268,5,1175.739,16.52437808219178,27.975194520547944,21.71145205479452,20233043.569863014,4.488953424657534,22.52669589041096,-1.2677506849315068,0.6174888888888889,0.801,51.78397222222222,66.817
ZM-A2-0404,2015,3.385,12396.916,41965.88,ZM,-9.78983,29.23045,17.421,1.268,5,1343.919,16.48052876712329,27.9680904109589,21.68621095890411,20361601.506849315,4.461101369863013,22.182046575342465,-0.7791315068493152,0.627090909090909,0.8,52.840833333333336,67.54
ZM-A2-0404,2016,3.012,10391.787,31301.252,ZM,-9.78983,29.23045,17.421,1.268,5,1223.624,16.650169398907103,28.260396174863388,21.885806010928963,20550429.54918033,4.577934426229508,23.154480874316942,-1.2346994535519125,0.606,0.837,50.942277777777775,66.134
ZM-A2-0404,2017,3.057,8829.328,26992.471,ZM,-9.78983,29.23045,17.421,1.268,5,1198.531,16.498224657534248,27.83686301369863,21.58292876712329,20183383.147945207,4.474498630136987,21.75515616438356,-1.1908520547945205,0.6321739130434783,0.773,54.27975,69.927
ZM-A2-0406,2001,1.692,1082.0,1831.23,ZM,-11.2646,28.93313,11.933,1.344,5,1334.151,16.221819178082193,26.770093150684932,21.07635890410959,20865339.465753425,4.723427397260274,20.216709589041095,-1.0682191780821917,0.5748863636363636,0.76,49.739333333333335,65.449
ZM-A2-0406,2002,2.0,499.0,998.0,ZM,-11.2646,28.93313,11.933,1.344,5,1175.765,16.39850410958904,26.915641095890415,21.25672602739726,20848968.202739727,4.785057534246575,20.46090410958904,-1.5637835616438356,0.5866666666666667,0.8,51.301972222222226,66.971
ZM-A2-0406,2003,1.632,1731.21,2824.95,ZM,-11.2646,28.93313,11.933,1.344,5,1107.202,16.29637534246575,27.046235616438356,21.242635616438356,21331437.512328766,4.866572602739726,20.875452054794522,-1.8331424657534245,0.5776666666666667,0.768,51.72866666666667,67.702
ZM-A2-0406,2004,1.531,1767.01,2704.78,ZM,-11.2646,28.93313,11.933,1.344,5,1230.468,16.159098360655737,26.742459016393443,21.029437158469946,20804776.63661202,4.733368852459017,20.053530054644806,-1.3714344262295082,0.5801162790697675,0.797,52.59686111111111,68.982
ZM-A2-0406,2005,1.288,5894.0,7589.47,ZM,-11.2646,28.93313,11.933,1.344,5,956.53,16.702849315068494,27.56727671232877,21.841810958904112,21713960.443835616,5.089926027397261,22.32686301369863,-2.469295890410959,0.5724130434782608,0.836,51.53458333333333,70.097
ZM-A2-0406,2006,2.027,1987.0,4028.0,ZM,-11.2646,28.93313,11.933,1.344,5,1243.797,16.33381917808219,26.757323287671234,21.20906301369863,20846816.575342465,4.7441808219178085,19.910076712328767,-1.3365178082191782,0.5903478260869565,0.799,53.40091666666667,71.722
ZM-A2-0406,2007,2.03,3852.731,7821.226,ZM,-11.2646,28.93313,11.933,1.344,5,1180.982,16.494383561643836,27.14608493150685,21.498306849315068,20976887.169863015,4.8838328767123285,21.107605479452054,-1.6482657534246574,0.5795333333333333,0.776,51.309555555555555,69.654
ZM-A2-0406,2008,2.206,4212.0,9291.0,ZM,-11.2646,28.93313,11.933,1.344,5,1159.5819999999999,16.097620218579237,26.891357923497264,21.17577049180328,21227082.592896175,4.925177595628416,21.298937158469947,-1.7569207650273224,0.5736086956521739,0.807,51.49105555555556,67.836
ZM-A2-0406,2009,2.277,5200.08,11840.374,ZM,-11.2646,28.93313,11.933,1.344,5,1297.1299999999999,16.200868493150686,26.730416438356166,21.091665753424657,20909744.484931506,4.765189041095891,20.078038356164384,-1.2114082191780822,0.5895434782608696,0.806,52.564416666666666,68.708
ZM-A2-0406,2010,2.449,7219.134,17679.909,ZM,-11.2646,28.93313,11.933,1.344,5,1264.431,16.52029589041096,27.167487671232877,21.533920547945208,21158578.671232875,4.8927068493150685,20.892172602739727,-1.4285123287671233,0.5711555555555555,0.814,51.342444444444446,67.913
ZM-A2-0406,2011,3.409,12189.164,41551.806,ZM,-11.2646,28.93313,11.933,1.344,5,1321.5620000000001,16.041942465753426,26.713342465753428,20.99094794520548,21077817.273972604,4.670383561643836,19.690734246575342,-1.0496657534246574,0.5908260869565217,0.781,52.67330555555556,69.231
ZM-A2-0406,2012,3.108,7611.436,23655.296,ZM,-11.2646,28.93313,11.933,1.344,5,1208.512,16.198961748633877,26.958226775956284,21.23369398907104,20815484.62568306,4.721464480874317,20.58366120218579,-1.4195191256830602,0.5854565217391304,0.81,50.691,67.945
ZM-A2-0406,2013,2.601,6130.634,15945.301,ZM,-11.2646,28.93313,11.933,1.344,5,1070.554,16.5540301369863,27.265528767123286,21.5129698630137,21298611.306849316,4.894134246575343,21.50853424657534,-1.9611095890410957,0.5742272727272728,0.786,51.97675,70.647
ZM-A2-0406,2014,3.484,7669.041,26721.987,ZM,-11.2646,28.93313,11.933,1.344,5,1158.815,16.63050410958904,27.082312328767124,21.48232876712329,21032805.098630138,4.826613698630137,21.011202739726027,-1.651778082191781,0.5856521739130435,0.802,52.14986111111111,69.815
ZM-A2-0406,2015,2.322,10110.422,23472.15,ZM,-11.2646,28.93313,11.933,1.344,5,1280.856,16.494802739726026,27.06616438356164,21.361849315068493,21116769.556164384,4.780602739726028,20.5484904109589,-1.2714082191780822,0.5970217391304348,0.81,53.1675,69.409
ZM-A2-0406,2016,2.931,8786.212,25754.567,ZM,-11.2646,28.93313,11.933,1.344,5,1298.512,16.61577868852459,27.181172131147537,21.556814207650273,21335739.765027322,4.893281420765027,21.198420765027322,-1.3454344262295084,0.5695,0.79,51.52875,70.435
ZM-A2-0406,2017,2.58,8972.291,23148.243,ZM,-11.2646,28.93313,11.933,1.344,5,1236.523,16.561764383561645,26.737164383561645,21.263408219178082,20507171.55890411,4.659057534246576,19.60941917808219,-1.2713232876712328,0.6148478260869565,0.792,54.02502777777778,69.06
ZM-A2-0407,2001,1.51,1073.0,1620.54,ZM,-11.87677,29.20853,12.13,1.334,5,1267.145,16.075550684931507,27.315013698630136,21.2993698630137,20830730.312328767,4.684517808219178,21.516057534246574,-1.2128876712328767,0.6035116279069768,0.799,50.618833333333335,67.845
ZM-A2-0407,2002,1.719,841.0,1446.0,ZM,-11.87677,29.20853,12.13,1.334,5,1142.676,16.214736986301368,27.44793150684932,21.480706849315066,20803254.91232877,4.756208219178083,21.76631506849315,-1.6255890410958904,0.6191555555555556,0.837,52.64530555555555,70.605
ZM-A2-0407,2003,1.89,548.24,1035.99,ZM,-11.87677,29.20853,12.13,1.334,5,1029.551,16.0613397260274,27.514252054794518,21.403934246575343,21188354.8630137,4.795153424657534,22.01480273972603,-1.9744657534246575,0.6130888888888889,0.794,53.22108333333333,70.003
ZM-A2-0407,2004,1.478,2592.91,3831.214,ZM,-11.87677,29.20853,12.13,1.334,5,1196.258,15.987989071038252,27.251814207650273,21.223398907103824,20714676.94535519,4.6935628415300545,21.281571038251368,-1.4250983606557377,0.6149772727272728,0.835,53.82725,71.297
ZM-A2-0407,2005,1.367,1143.0,1562.86,ZM,-11.87677,29.20853,12.13,1.334,5,893.367,16.457671232876713,28.066816438356167,22.034416438356164,21677760.334246576,5.047758904109589,23.70306575342466,-2.6001780821917806,0.5995217391304347,0.823,52.296888888888894,72.189
ZM-A2-0407,2006,3.116,1966.0,6126.0,ZM,-11.87677,29.20853,12.13,1.334,5,1094.112,16.144665753424658,27.29388493150685,21.40366301369863,20805261.468493152,4.706361643835617,21.211005479452055,-1.7087945205479453,0.621,0.829,54.127361111111114,73.653
ZM-A2-0407,2007,2.374,1002.547,2379.823,ZM,-11.87677,29.20853,12.13,1.334,5,1256.688,16.25142191780822,27.54792328767123,21.59881369863014,20793737.78082192,4.802010958904109,22.106583561643838,-1.3590301369863014,0.6098888888888889,0.824,51.86163888888889,71.506
ZM-A2-0407,2008,2.123,859.0,1824.0,ZM,-11.87677,29.20853,12.13,1.334,5,1108.03,15.825765027322403,27.277907103825136,21.26438524590164,21111736.81147541,4.84112568306011,22.30778961748634,-1.8137213114754098,0.6068913043478261,0.825,52.96933333333333,70.839
ZM-A2-0407,2009,2.709,1083.16,2933.871,ZM,-11.87677,29.20853,12.13,1.334,5,1177.339,15.957947945205479,27.126101369863015,21.189928767123288,20815616.11506849,4.6938438356164385,20.988542465753426,-1.4682575342465753,0.6228695652173913,0.838,53.70283333333333,70.615
ZM-A2-0407,2010,2.327,1319.112,3069.67,ZM,-11.87677,29.20853,12.13,1.334,5,1225.192,16.301030136986302,27.616523287671235,21.66525479452055,21050310.684931505,4.831556164383562,21.968306849315066,-1.4748657534246576,0.6010227272727273,0.807,52.776916666666665,70.214
ZM-A2-0407,2011,2.489,3179.234,7913.347,ZM,-11.87677,29.20853,12.13,1.334,5,1090.387,15.877528767123287,27.280723287671233,21.23673424657534,21126327.89041096,4.665117808219178,21.13930684931507,-1.6777561643835617,0.6195,0.837,53.6705,72.658
ZM-A2-0407,2012,2.833,3326.015,9421.322,ZM,-11.87677,29.20853,12.13,1.334,5,1186.18,16.007773224043717,27.476907103825138,21.424180327868854,20785960.12021858,4.696469945355191,21.90154918032787,-1.4555409836065571,0.6167826086956522,0.795,51.88583333333334,70.334
ZM-A2-0407,2013,2.846,2827.041,8047.05,ZM,-11.87677,29.20853,12.13,1.334,5,995.2,16.366712328767125,27.82579178082192,21.768183561643834,21283835.82191781,4.8700684931506855,23.018558904109586,-2.1434931506849315,0.6079111111111112,0.805,53.03663888888889,73.294
ZM-A2-0407,2014,2.953,2456.616,7255.166,ZM,-11.87677,29.20853,12.13,1.334,5,1138.6399999999999,16.43699178082192,27.553709589041095,21.69304383561644,20929507.260273974,4.791419178082192,22.31750410958904,-1.6718575342465751,0.607688888888889,0.822,53.17791666666667,72.996
ZM-A2-0407,2015,1.87,2852.49,5335.166,ZM,-11.87677,29.20853,12.13,1.334,5,1253.712,16.26733698630137,27.556972602739727,21.569008219178084,21113889.284931507,4.741868493150685,21.835375342465753,-1.3070410958904108,0.6271304347826087,0.824,53.09891666666667,71.049
ZM-A2-0407,2016,2.587,2966.876,7674.334,ZM,-11.87677,29.20853,12.13,1.334,5,1188.755,16.400909836065573,27.651330601092898,21.753513661202184,21293688.11202186,4.84968306010929,22.38439071038251,-1.6017185792349729,0.5945,0.805,52.55305555555555,71.74
ZM-A2-0407,2017,3.064,4357.843,13350.713,ZM,-11.87677,29.20853,12.13,1.334,5,1194.375,16.433920547945206,27.311523287671232,21.554150684931507,20385585.98082192,4.640361643835616,21.016098630136987,-1.3681013698630138,0.6414782608695652,0.817,54.598055555555554,70.691
ZM-A2-0410,2001,0.608,3139.117,1910.097,ZM,-9.25214,28.78138,14.89,1.257,5,1342.911,19.026468493150684,27.337161643835618,22.864679452054794,20728257.09589041,4.419257534246575,18.277860273972603,-0.7400493150684931,0.6274285714285714,0.815,54.68544444444444,69.511
ZM-A2-0410,2002,1.343,3260.525,4379.864,ZM,-9.25214,28.78138,14.89,1.257,5,1686.048,18.96730410958904,27.38669589041096,22.840342465753427,20640349.90958904,4.410301369863014,18.319380821917807,0.2090082191780822,0.6306739130434782,0.845,55.45108333333334,69.416
ZM-A2-0410,2003,1.203,1693.78,2038.43,ZM,-9.25214,28.78138,14.89,1.257,5,1183.185,19.128246575342466,27.705271232876715,23.08595616438356,21224781.712328766,4.5425287671232875,19.026534246575345,-1.3009260273972603,0.5884318181818181,0.786,51.525888888888886,68.539
ZM-A2-0410,2004,1.614,1464.573,2363.272,ZM,-9.25214,28.78138,14.89,1.257,5,1458.02,18.907218579234975,27.389483606557377,22.797647540983608,20692598.655737706,4.426997267759563,18.359409836065574,-0.4433360655737705,0.6219318181818182,0.824,54.52469444444444,70.365
ZM-A2-0410,2005,1.758,2088.759,3671.259,ZM,-9.25214,28.78138,14.89,1.257,5,1150.623,19.410449315068494,27.950394520547945,23.37465205479452,21206117.673972603,4.572605479452054,19.270098630136985,-1.420213698630137,0.6021521739130434,0.799,52.74883333333334,68.694
ZM-A2-0410,2006,1.472,4561.056,6714.198,ZM,-9.25214,28.78138,14.89,1.257,5,1716.426,19.058413698630137,27.374021917808218,22.914298630136983,20547512.989041097,4.38547397260274,18.075030136986303,0.3170630136986301,0.5994222222222222,0.788,52.256166666666665,69.92
ZM-A2-0410,2007,0.978,3577.771,3498.994,ZM,-9.25214,28.78138,14.89,1.257,5,1176.4180000000001,19.33290684931507,27.686610958904108,23.22278082191781,20897029.693150684,4.515128767123287,18.91286301369863,-1.2920657534246576,0.6296136363636363,0.806,54.20733333333333,69.637
ZM-A2-0410,2008,1.576,2431.827,3833.531,ZM,-9.25214,28.78138,14.89,1.257,5,1559.969,18.853,27.44814480874317,22.858636612021858,20991802.418032788,4.488472677595628,18.925494535519125,-0.2262622950819672,0.6215434782608696,0.803,54.08141666666667,67.821
ZM-A2-0410,2009,1.257,3898.99,4901.643,ZM,-9.25214,28.78138,14.89,1.257,5,1510.637,19.008260273972603,27.539054794520545,22.985698630136987,20923605.536986303,4.476660273972603,18.58587671232877,-0.3379287671232876,0.6231363636363636,0.811,54.916805555555555,67.886
ZM-A2-0410,2010,1.69,3355.351,5670.292,ZM,-9.25214,28.78138,14.89,1.257,5,1315.576,19.36279178082192,27.873090410958905,23.3540301369863,21047917.339726027,4.567416438356164,19.21767123287671,-0.9630986301369863,0.5924666666666667,0.787,52.842,70.383
ZM-A2-0410,2011,1.913,3893.317,7448.691,ZM,-9.25214,28.78138,14.89,1.257,5,1620.244,18.98465205479452,27.512079452054795,22.932380821917807,20870725.364383563,4.443704109589041,18.39032602739726,-0.004679452054794524,0.6173913043478261,0.808,54.245222222222225,69.642
ZM-A2-0410,2012,2.453,5373.401,13178.848,ZM,-9.25214,28.78138,14.89,1.257,5,1285.675,19.0353825136612,27.537147540983604,22.980601092896173,20733154.442622952,4.416713114754098,18.330054644808744,-0.9039398907103825,0.6068222222222222,0.778,52.68877777777778,66.56
ZM-A2-0410,2013,2.121,5512.161,11692.485,ZM,-9.25214,28.78138,14.89,1.257,5,1564.79,19.14961917808219,27.616802739726026,23.055772602739726,20982871.471232876,4.479361643835617,18.577079452054793,-0.19226575342465754,0.5928043478260869,0.784,51.15569444444444,68.119
ZM-A2-0410,2014,2.413,6052.141,14602.066,ZM,-9.25214,28.78138,14.89,1.257,5,1223.783,19.384413698630137,27.68970410958904,23.237249315068492,20763189.92328767,4.482424657534247,18.715980821917807,-1.1295945205479452,0.610860465116279,0.802,54.400083333333335,70.887
ZM-A2-0410,2015,2.944,7434.786,21885.017,ZM,-9.25214,28.78138,14.89,1.257,5,1371.044,19.3498,27.70951506849315,23.211394520547945,20832192.95068493,4.4510219178082195,18.438079452054794,-0.6947369863013699,0.616,0.79,52.33108333333334,69.347
ZM-A2-0410,2016,2.58,5974.701,15415.266,ZM,-9.25214,28.78138,14.89,1.257,5,1271.638,19.48406010928962,27.941204918032785,23.39247267759563,21026318.740437157,4.547336065573771,19.17064207650273,-1.072915300546448,0.5983555555555555,0.853,51.9035,67.95
ZM-A2-0410,2017,2.213,5292.889,11711.568,ZM,-9.25214,28.78138,14.89,1.257,5,1494.41,19.241561643835617,27.657057534246572,23.122342465753427,20712634.739726026,4.438495890410959,18.313772602739725,-0.34422191780821915,0.6329130434782609,0.799,54.83666666666667,69.995
ZM-A2-0414,2001,1.003,2190.0,2196.9,ZM,-10.43946,28.91354,12.574,1.344,5,1347.689,16.91320821917808,27.653257534246578,21.733024657534248,20576722.052054796,4.744430136986302,21.719909589041094,-1.0521315068493151,0.6044318181818181,0.786,52.492777777777775,68.617
ZM-A2-0414,2002,1.43,841.0,1203.0,ZM,-10.43946,28.91354,12.574,1.344,5,1370.263,17.000301369863013,27.750205479452056,21.80508219178082,20449055.68219178,4.75298904109589,21.840334246575342,-0.9988438356164383,0.6114444444444445,0.804,53.60575,68.79
ZM-A2-0414,2003,1.131,914.11,1033.91,ZM,-10.43946,28.91354,12.574,1.344,5,1070.798,16.996402739726026,28.045884931506848,21.943871232876713,21145486.342465755,4.913994520547945,22.674767123287673,-1.9803013698630136,0.6129772727272728,0.819,52.945166666666665,68.436
ZM-A2-0414,2004,1.631,1616.17,2636.588,ZM,-10.43946,28.91354,12.574,1.344,5,1340.855,16.825879781420763,27.61555737704918,21.640811475409837,20482484.69945355,4.738521857923497,21.467773224043714,-1.074983606557377,0.6162666666666666,0.791,54.20172222222222,68.593
ZM-A2-0414,2005,1.151,4545.0,5232.16,ZM,-10.43946,28.91354,12.574,1.344,5,963.199,17.394531506849315,28.52112054794521,22.490679452054795,21209645.901369862,5.049824657534247,23.910356164383565,-2.410923287671233,0.5936521739130435,0.797,52.813694444444444,69.814
ZM-A2-0414,2006,1.738,1281.0,2226.0,ZM,-10.43946,28.91354,12.574,1.344,5,1387.846,17.04033698630137,27.68534520547945,21.88096164383562,20421539.421917807,4.754690410958904,21.47272602739726,-0.952372602739726,0.6075333333333334,0.805,53.48580555555556,70.758
ZM-A2-0414,2007,0.966,1695.188,1637.271,ZM,-10.43946,28.91354,12.574,1.344,5,1173.838,17.242312328767124,28.07598082191781,22.20519178082192,20679793.619178083,4.89365205479452,22.63900273972603,-1.6776575342465754,0.6076818181818182,0.778,53.53302777777778,69.89
ZM-A2-0414,2008,1.342,2683.0,3600.0,ZM,-10.43946,28.91354,12.574,1.344,5,1199.989,16.82831693989071,27.851907103825138,21.876928961748636,20892077.169398908,4.928726775956284,22.90212568306011,-1.650068306010929,0.604,0.84,52.61816666666667,67.901
ZM-A2-0414,2009,1.816,4038.51,7333.428,ZM,-10.43946,28.91354,12.574,1.344,5,1339.468,16.97404383561644,27.837983561643835,21.912424657534245,20686051.550684933,4.840290410958904,22.113704109589044,-1.1705150684931507,0.6201304347826087,0.798,54.39347222222222,69.118
ZM-A2-0414,2010,1.678,2613.877,4386.068,ZM,-10.43946,28.91354,12.574,1.344,5,1228.782,17.30168219178082,28.161309589041096,22.289038356164383,20892457.22739726,4.944394520547945,22.648128767123286,-1.577868493150685,0.5956956521739131,0.778,52.91041666666667,68.92
ZM-A2-0414,2011,2.256,4272.198,9640.057,ZM,-10.43946,28.91354,12.574,1.344,5,1398.544,16.738260273972603,27.650531506849315,21.657542465753423,20727074.09041096,4.702167123287671,21.217624657534248,-0.8705397260273973,0.616108695652174,0.804,54.251083333333334,69.586
ZM-A2-0414,2012,2.535,4123.614,10454.321,ZM,-10.43946,28.91354,12.574,1.344,5,1211.24,16.888390710382513,27.83975136612022,21.889289617486337,20483583.04918033,4.722084699453552,21.971920765027324,-1.4126857923497267,0.6088695652173913,0.798,52.37722222222222,66.962
ZM-A2-0414,2013,2.112,2696.581,5693.895,ZM,-10.43946,28.91354,12.574,1.344,5,1165.122,17.216884931506847,28.07089315068493,22.10872602739726,20867706.328767125,4.839169863013699,22.630731506849315,-1.6470547945205478,0.6117391304347827,0.832,53.39675,70.866
ZM-A2-0414,2014,2.458,4662.65,11459.097,ZM,-10.43946,28.91354,12.574,1.344,5,1146.166,17.344290410958905,28.073493150684932,22.213950684931508,20667803.378082193,4.833156164383562,22.638268493150687,-1.6929753424657534,0.6122666666666666,0.808,52.77075,68.319
ZM-A2-0414,2015,1.974,5935.831,11717.791,ZM,-10.43946,28.91354,12.574,1.344,5,1317.733,17.231046575342468,27.93469863013699,22.071383561643838,20732335.73150685,4.770756164383561,21.91475890410959,-1.1605287671232878,0.6091777777777778,0.803,53.906,69.61
ZM-A2-0414,2016,2.814,5869.466,16517.019,ZM,-10.43946,28.91354,12.574,1.344,5,1342.727,17.395109289617487,28.238289617486338,22.31512295081967,20994803.639344264,4.912669398907104,23.023535519125684,-1.244016393442623,0.6006590909090909,0.85,52.67191666666667,70.136
ZM-A2-0414,2017,2.543,7593.656,19312.495,ZM,-10.43946,28.91354,12.574,1.344,5,1182.221,17.260465753424658,27.661561643835615,21.919780821917808,20373887.16438356,4.712216438356164,21.073054794520548,-1.473254794520548,0.6399782608695652,0.805,55.607638888888886,70.139
ZM-A2-0415,2001,1.973,656.0,1294.38,ZM,-11.14936,29.54103,15.635,1.233,5,1289.75,16.705835616438357,26.927397260273974,21.443167123287672,21049425.27671233,4.716909589041096,20.075276712328765,-1.1833479452054794,0.5650909090909091,0.747,48.615916666666664,63.656
ZM-A2-0415,2002,1.917,890.0,1706.0,ZM,-11.14936,29.54103,15.635,1.233,5,1243.853,16.784723287671234,27.04123835616438,21.547898630136988,21034735.947945204,4.758208219178083,20.21267671232877,-1.350391780821918,0.5819111111111112,0.791,51.175777777777775,68.881
ZM-A2-0415,2003,1.797,2348.65,4220.69,ZM,-11.14936,29.54103,15.635,1.233,5,1084.764,16.76892602739726,27.224761643835617,21.616879452054796,21528178.526027396,4.85551506849315,20.763191780821916,-1.883558904109589,0.5695333333333333,0.793,49.79622222222222,65.532
ZM-A2-0415,2004,1.448,1421.56,2058.443,ZM,-11.14936,29.54103,15.635,1.233,5,1310.63,16.627521857923497,26.89991530054645,21.372571038251365,21023486.256830603,4.728303278688524,19.87203551912568,-1.147346994535519,0.5742790697674418,0.791,50.91486111111111,66.237
ZM-A2-0415,2005,1.547,2061.0,3187.97,ZM,-11.14936,29.54103,15.635,1.233,5,951.124,17.105983561643836,27.699082191780825,22.167575342465753,21933878.424657535,5.054564383561644,22.029934246575344,-2.4487452054794523,0.561695652173913,0.785,49.49286111111111,67.344
ZM-A2-0415,2006,3.171,2230.0,7072.0,ZM,-11.14936,29.54103,15.635,1.233,5,1250.227,16.801243835616436,26.971334246575342,21.588443835616438,21113314.501369864,4.752430136986301,19.86531232876712,-1.327150684931507,0.5783777777777778,0.799,51.22,68.748
ZM-A2-0415,2007,1.484,2654.123,3938.796,ZM,-11.14936,29.54103,15.635,1.233,5,1195.736,16.945471232876713,27.29795890410959,21.851131506849317,21166163.989041097,4.873564383561644,20.914972602739727,-1.5975753424657535,0.5763333333333333,0.826,49.626000000000005,66.706
ZM-A2-0415,2008,2.052,1995.0,4093.0,ZM,-11.14936,29.54103,15.635,1.233,5,1199.462,16.51778961748634,26.95531967213115,21.466150273224045,21448882.43169399,4.876685792349726,20.816021857923495,-1.599467213114754,0.5729565217391305,0.826,50.26247222222222,65.806
ZM-A2-0415,2009,2.388,1802.29,4304.453,ZM,-11.14936,29.54103,15.635,1.233,5,1293.321,16.67029589041096,26.914917808219176,21.475616438356166,21166489.715068493,4.764358904109589,19.945813698630136,-1.221013698630137,0.578304347826087,0.761,50.67661111111111,65.541
ZM-A2-0415,2010,1.892,1311.277,2481.1,ZM,-11.14936,29.54103,15.635,1.233,5,1222.052,17.015452054794522,27.37165479452055,21.934772602739727,21346256.534246575,4.892882191780822,20.835487671232876,-1.5447945205479452,0.5578,0.753,49.74227777777778,67.503
ZM-A2-0415,2011,2.71,3068.441,8314.887,ZM,-11.14936,29.54103,15.635,1.233,5,1318.548,16.531397260273973,26.925638356164384,21.402673972602738,21343739.00547945,4.685632876712329,19.628542465753423,-1.073172602739726,0.5881304347826086,0.781,51.86522222222222,68.247
ZM-A2-0415,2012,2.13,6727.284,14330.039,ZM,-11.14936,29.54103,15.635,1.233,5,1247.073,16.64565573770492,27.130158469945357,21.598871584699452,21053035.63387978,4.723633879781421,20.467737704918033,-1.3163306010928961,0.5746521739130435,0.769,49.29247222222222,63.371
ZM-A2-0415,2013,2.596,5484.584,14236.184,ZM,-11.14936,29.54103,15.635,1.233,5,1161.499,17.05414794520548,27.46016712328767,21.929871232876714,21474415.70410959,4.888457534246576,21.420306849315068,-1.7062684931506849,0.569304347826087,0.783,50.24436111111111,68.661
ZM-A2-0415,2014,3.196,7107.9,22714.834,ZM,-11.14936,29.54103,15.635,1.233,5,1195.887,17.106813698630138,27.288364383561646,21.90211506849315,21184106.83561644,4.822947945205479,20.949167123287673,-1.5465452054794522,0.5704545454545454,0.788,50.44186111111111,67.495
ZM-A2-0415,2015,2.825,7484.691,21143.338,ZM,-11.14936,29.54103,15.635,1.233,5,1317.767,17.004271232876714,27.294931506849313,21.83095890410959,21324783.526027396,4.781832876712328,20.521512328767123,-1.1715123287671232,0.582304347826087,0.81,51.05902777777778,67.224
ZM-A2-0415,2016,3.292,7811.899,25714.99,ZM,-11.14936,29.54103,15.635,1.233,5,1302.258,17.10103825136612,27.378658469945353,21.963360655737706,21501482.281420764,4.8907295081967215,21.104483606557377,-1.3326475409836067,0.5584418604651163,0.793,50.003,67.886
ZM-A2-0415,2017,3.113,5543.565,17258.963,ZM,-11.14936,29.54103,15.635,1.233,5,1218.423,17.06135890410959,26.967863013698633,21.69503287671233,20719517.350684933,4.665934246575342,19.570279452054795,-1.3277890410958904,0.5992666666666666,0.788,52.83002777777778,67.932
ZM-A2-0505,2001,0.296,1681.0,497.79,ZM,-15.1849,30.17443,12.859,1.49,5,1250.352,19.98200821917808,29.86518904109589,24.555021917808222,19755767.221917808,4.702364383561644,23.85940821917808,-1.2767424657534248,0.577560975609756,0.84,55.143499999999996,72.616
ZM-A2-0505,2002,0.09,1511.0,136.0,ZM,-15.1849,30.17443,12.859,1.49,5,567.474,20.184145205479453,30.73682465753425,25.207794520547942,20413442.153424658,5.096227397260274,26.97174794520548,-3.5415041095890416,0.4818478260869565,0.807,45.8855,68.174
ZM-A2-0505,2003,0.78,671.64,524.17,ZM,-15.1849,30.17443,12.859,1.49,5,952.31,19.856583561643838,30.361268493150682,24.807728767123287,20148347.671232875,4.906213698630137,26.000780821917807,-2.297145205479452,0.5596739130434782,0.785,52.588055555555556,74.122
ZM-A2-0505,2004,0.758,731.08,553.992,ZM,-15.1849,30.17443,12.859,1.49,5,1126.308,19.654734972677595,29.8762868852459,24.399592896174862,19754146.579234973,4.723647540983607,24.163642076502732,-1.6463032786885246,0.59075,0.837,56.43377777777778,75.319
ZM-A2-0505,2005,0.349,1589.0,553.9,ZM,-15.1849,30.17443,12.859,1.49,5,674.934,20.24378904109589,31.174342465753426,25.482172602739727,20922099.515068494,5.261369863013699,28.677934246575344,-3.412235616438356,0.5135333333333334,0.826,49.71080555555555,76.303
ZM-A2-0505,2006,1.172,923.0,1082.0,ZM,-15.1849,30.17443,12.859,1.49,5,954.552,19.819589041095888,29.974071232876714,24.53885205479452,19943150.326027397,4.788553424657534,24.329594520547943,-2.1733424657534246,0.5864222222222222,0.82,55.19133333333333,74.532
ZM-A2-0505,2007,0.408,2004.628,816.907,ZM,-15.1849,30.17443,12.859,1.49,5,1203.771,19.825717808219178,30.017879452054792,24.50598904109589,19647593.147945207,4.741575342465754,24.42592876712329,-1.443572602739726,0.5129767441860466,0.813,49.723555555555556,71.287
ZM-A2-0505,2008,0.228,1867.0,425.0,ZM,-15.1849,30.17443,12.859,1.49,5,1145.366,19.512322404371584,29.905953551912567,24.250647540983604,20329399.07103825,4.86942349726776,25.46431693989071,-1.7400081967213115,0.5232325581395348,0.803,50.400888888888886,70.707
ZM-A2-0505,2009,0.77,2094.15,1611.455,ZM,-15.1849,30.17443,12.859,1.49,5,1090.757,19.539364383561644,29.30095890410959,23.98907671232877,19519915.739726026,4.593879452054795,22.44875890410959,-1.6055041095890412,0.5594565217391304,0.823,51.69713888888889,71.433
ZM-A2-0505,2010,0.411,2282.126,937.828,ZM,-15.1849,30.17443,12.859,1.49,5,1572.306,20.12930410958904,30.081813698630135,24.734260273972602,19358274.72739726,4.699101369863014,23.988282191780822,-0.39141369863013703,0.5515777777777778,0.807,52.555416666666666,73.037
ZM-A2-0505,2011,0.716,1828.567,1309.291,ZM,-15.1849,30.17443,12.859,1.49,5,778.638,19.919608219178084,30.50724109589041,24.820364383561646,20690647.043835618,4.906723287671233,26.247334246575342,-2.773468493150685,0.5293111111111111,0.853,50.23413888888889,75.266
ZM-A2-0505,2012,0.502,2286.097,1146.739,ZM,-15.1849,30.17443,12.859,1.49,5,881.826,19.825852459016392,30.61745081967213,24.86952732240437,20259037.691256832,4.959114754098361,26.72564480874317,-2.5497540983606557,0.5281739130434783,0.813,49.52191666666667,73.996
ZM-A2-0505,2013,0.699,2290.64,1600.831,ZM,-15.1849,30.17443,12.859,1.49,5,829.638,20.152673972602738,31.05828219178082,25.261164383561646,20595210.87671233,5.1412219178082195,28.429024657534246,-2.8682410958904105,0.5202391304347826,0.804,49.70569444444445,75.708
ZM-A2-0505,2014,1.119,1607.688,1799.334,ZM,-15.1849,30.17443,12.859,1.49,5,941.03,20.27325479452055,30.824794520547943,25.243586301369863,20217339.61780822,5.114715068493151,27.67615890410959,-2.5365506849315067,0.5013181818181818,0.858,47.776777777777774,74.388
ZM-A2-0505,2015,0.999,2356.159,2353.904,ZM,-15.1849,30.17443,12.859,1.49,5,984.261,20.056490410958904,30.988849315068492,25.22655068493151,20705274.25342466,5.083257534246575,27.91969315068493,-2.3866520547945207,0.5393777777777777,0.865,50.77883333333333,72.839
ZM-A2-0505,2016,0.061,2511.234,152.066,ZM,-15.1849,30.17443,12.859,1.49,5,842.188,20.447896174863388,31.389822404371582,25.680092896174866,20520606.010928962,5.185483606557377,28.907265027322403,-2.88442349726776,0.5036444444444445,0.776,48.08566666666667,72.014
ZM-A2-0505,2017,0.342,2549.774,871.298,ZM,-15.1849,30.17443,12.859,1.49,5,1306.159,19.972139726027397,29.850175342465754,24.589791780821916,18953416.41232877,4.592186301369863,23.44934794520548,-1.013668493150685,0.5720666666666667,0.838,52.951166666666666,73.957
ZM-A2-0506,2001,1.39,201.33,279.781,ZM,-15.42196,28.22327,12.188,1.486,5,1274.723,16.2388,25.43095068493151,20.235,20214232.67671233,4.717717808219178,18.284750684931506,-1.2253260273972602,0.4515945945945946,0.746,43.28566666666667,63.088
ZM-A2-0506,2002,1.979,326.331,645.656,ZM,-15.42196,28.22327,12.188,1.486,5,777.025,16.22198904109589,25.705342465753425,20.448841095890412,20913156.942465752,4.944460273972603,19.012805479452055,-2.8156246575342463,0.411953488372093,0.835,39.083999999999996,62.941
ZM-A2-0506,2003,4.828,6725.106,32466.21,ZM,-15.42196,28.22327,12.188,1.486,5,1111.128,16.087380821917808,25.44709863013699,20.208342465753425,20726555.694520548,4.830287671232877,18.69053698630137,-1.7861013698630137,0.45821428571428574,0.737,43.01352777777778,62.448
ZM-A2-0506,2004,5.471,1037.044,5673.48,ZM,-15.42196,28.22327,12.188,1.486,5,1059.134,15.931767759562842,25.026926229508195,19.841464480874315,20045226.44808743,4.618674863387978,17.43337158469945,-1.7248661202185793,0.45725,0.758,42.99930555555555,63.539
ZM-A2-0506,2005,3.295,1343.661,4427.723,ZM,-15.42196,28.22327,12.188,1.486,5,867.41,16.407073972602742,26.030523287671233,20.751183561643835,21264191.00547945,5.1437479452054795,20.26154794520548,-2.7672821917808217,0.4229545454545454,0.72,39.233666666666664,65.34
ZM-A2-0506,2006,2.211,832.785,1841.001,ZM,-15.42196,28.22327,12.188,1.486,5,1067.527,16.162780821917806,25.393783561643836,20.186090410958904,20256298.0,4.750734246575343,18.22935890410959,-1.8260027397260274,0.473047619047619,0.89,42.23155555555556,63.564
ZM-A2-0506,2007,2.639,602.805,1590.695,ZM,-15.42196,28.22327,12.188,1.486,5,1345.268,16.13888493150685,25.292635616438357,20.0903397260274,20108096.85753425,4.700964383561644,18.03715616438356,-1.0152986301369864,0.42690243902439023,0.751,40.004777777777775,64.809
ZM-A2-0506,2008,1.305,742.338,968.69,ZM,-15.42196,28.22327,12.188,1.486,5,1130.4470000000001,15.709989071038251,25.37036612021858,19.851322404371583,20590254.99453552,4.880734972677596,19.265439890710383,-1.792081967213115,0.4347435897435897,0.761,42.49188888888889,65.708
ZM-A2-0506,2009,2.445,1429.372,3495.094,ZM,-15.42196,28.22327,12.188,1.486,5,1111.561,15.779224657534247,24.91567123287671,19.67221917808219,20137481.797260273,4.594819178082192,17.13420821917808,-1.5494465753424658,0.4671395348837209,0.721,44.17755555555556,67.537
ZM-A2-0506,2010,3.629,1568.223,5690.847,ZM,-15.42196,28.22327,12.188,1.486,5,1348.555,16.363476712328765,25.506024657534248,20.30262191780822,19869199.249315068,4.6438931506849315,17.77914794520548,-0.9492219178082192,0.474953488372093,0.78,44.515055555555556,64.847
ZM-A2-0506,2011,2.802,2420.422,6783.045,ZM,-15.42196,28.22327,12.188,1.486,5,1023.521,15.919142465753424,25.57745205479452,20.117413698630138,20895724.38630137,4.769643835616439,18.710383561643834,-1.965476712328767,0.4558837209302326,0.718,43.14966666666666,60.4
ZM-A2-0506,2012,7.919,369.12,2922.947,ZM,-15.42196,28.22327,12.188,1.486,5,1124.804,16.042707650273226,25.726278688524587,20.306989071038252,20616001.36885246,4.830169398907104,19.261795081967215,-1.7569344262295081,0.4489772727272727,0.696,42.983777777777775,64.137
ZM-A2-0506,2013,1.557,221.549,345.013,ZM,-15.42196,28.22327,12.188,1.486,5,969.449,16.3294602739726,26.03290410958904,20.624742465753425,20853579.742465753,4.96438904109589,20.020320547945207,-2.308364383561644,0.45202325581395353,0.721,44.76419444444444,68.23
ZM-A2-0506,2014,2.595,111.699,289.908,ZM,-15.42196,28.22327,12.188,1.486,5,972.766,16.53253698630137,26.000657534246574,20.766586301369863,20647336.58219178,5.048756164383562,20.253104109589042,-2.3836438356164384,0.42175609756097565,0.79,41.55736111111111,63.918
ZM-A2-0506,2015,2.249,117.929,265.269,ZM,-15.42196,28.22327,12.188,1.486,5,950.633,16.19804383561644,26.168572602739726,20.67766575342466,21098570.00821918,4.993630136986301,20.143334246575343,-2.3891561643835617,0.45452272727272724,0.739,42.647527777777775,64.779
ZM-A2-0506,2016,2.531,85.942,217.527,ZM,-15.42196,28.22327,12.188,1.486,5,1080.688,16.51506830601093,26.07420218579235,20.810013661202188,20809344.80327869,5.002090163934427,19.928756830601092,-2.0493907103825135,0.43178571428571433,0.786,41.849555555555554,66.574
ZM-A2-0506,2017,2.069,1140.731,2359.819,ZM,-15.42196,28.22327,12.188,1.486,5,1448.897,16.273005479452056,25.27309863013699,20.180254794520547,19579560.361643836,4.573306849315069,17.60835890410959,-0.6037260273972603,0.456,0.785,41.987722222222224,62.196
ZM-A2-0511,2001,1.867,1747.1,3262.322,ZM,-15.29991,28.78345,11.364,1.439,5,1281.317,16.008380821917807,25.93151780821918,20.55234520547945,19798620.260273974,4.455098630136987,18.588690410958904,-0.9446410958904109,0.5537954545454545,0.777,47.63086111111111,65.012
ZM-A2-0511,2002,2.013,14383.0,28957.0,ZM,-15.29991,28.78345,11.364,1.439,5,761.104,16.092893150684933,26.32996712328767,20.875542465753426,20574168.852054793,4.716276712328767,19.63532876712329,-2.6310602739726026,0.49510869565217386,0.784,44.15425,68.853
ZM-A2-0511,2003,3.478,27029.93,94015.16,ZM,-15.29991,28.78345,11.364,1.439,5,1128.238,15.889605479452054,25.986468493150685,20.567084931506848,20265018.30821918,4.569,19.07448219178082,-1.4779369863013698,0.5325,0.783,47.26219444444445,69.147
ZM-A2-0511,2004,2.929,9592.989,28099.848,ZM,-15.29991,28.78345,11.364,1.439,5,1099.498,15.708696721311474,25.677188524590164,20.24583879781421,19660997.841530055,4.402967213114755,18.080147540983607,-1.3988743169398907,0.5428666666666666,0.829,47.95127777777778,68.211
ZM-A2-0511,2005,1.007,16481.0,16593.74,ZM,-15.29991,28.78345,11.364,1.439,5,809.504,16.266060273972602,26.798972602739727,21.211358904109588,20978459.026027396,4.935854794520548,21.271898630136988,-2.718035616438356,0.4663913043478261,0.791,41.189388888888885,66.801
ZM-A2-0511,2006,2.138,14831.0,31704.0,ZM,-15.29991,28.78345,11.364,1.439,5,1125.185,15.955071232876712,26.025347945205482,20.57788219178082,19972838.902739726,4.54133698630137,18.84955890410959,-1.4586383561643836,0.5272444444444444,0.81,47.02975,71.371
ZM-A2-0511,2007,1.987,23745.616,47174.886,ZM,-15.29991,28.78345,11.364,1.439,5,1422.359,15.89902191780822,25.821142465753425,20.417720547945205,19652219.106849317,4.437580821917808,18.350465753424658,-0.5407068493150684,0.5110444444444444,0.77,44.28913888888889,68.879
ZM-A2-0511,2008,1.282,18003.0,23076.0,ZM,-15.29991,28.78345,11.364,1.439,5,1147.326,15.453978142076503,25.822254098360656,20.147975409836064,20296202.55054645,4.599560109289618,19.468215846994536,-1.4647896174863388,0.5280666666666667,0.795,45.75505555555556,68.959
ZM-A2-0511,2009,2.19,21802.85,47744.466,ZM,-15.29991,28.78345,11.364,1.439,5,1165.315,15.552638356164383,25.38458630136986,20.000860273972602,19733023.0,4.334676712328767,17.34474520547945,-1.1420328767123287,0.5447826086956521,0.789,48.12983333333333,68.147
ZM-A2-0511,2010,1.881,22486.875,42299.189,ZM,-15.29991,28.78345,11.364,1.439,5,1400.229,16.14958082191781,26.017561643835617,20.634342465753424,19528984.097260274,4.402865753424658,18.122487671232875,-0.5666219178082192,0.5380666666666667,0.768,47.35894444444445,65.427
ZM-A2-0511,2011,2.255,27465.331,61928.67,ZM,-15.29991,28.78345,11.364,1.439,5,960.692,15.791668493150684,26.195334246575342,20.537772602739725,20616132.04931507,4.562041095890411,19.345279452054793,-1.930008219178082,0.5309782608695652,0.811,46.74466666666667,69.204
ZM-A2-0511,2012,2.771,20843.407,57751.763,ZM,-15.29991,28.78345,11.364,1.439,5,1144.367,15.859510928961749,26.34784699453552,20.684699453551914,20401500.771857925,4.622868852459017,19.88737431693989,-1.4961830601092898,0.5181521739130435,0.745,46.040055555555554,70.542
ZM-A2-0511,2013,2.16,25117.823,54263.079,ZM,-15.29991,28.78345,11.364,1.439,5,970.44,16.147720547945205,26.672432876712328,20.999408219178083,20566641.221917808,4.745813698630137,20.77598082191781,-2.08707397260274,0.5085434782608695,0.758,46.45086111111111,74.046
ZM-A2-0511,2014,2.785,27132.092,75552.364,ZM,-15.29991,28.78345,11.364,1.439,5,979.8340000000001,16.33275890410959,26.63612602739726,21.127783561643835,20330228.22739726,4.810608219178082,20.958964383561643,-2.126131506849315,0.49161363636363636,0.803,43.76938888888889,69.812
ZM-A2-0511,2015,1.785,24856.956,44376.887,ZM,-15.29991,28.78345,11.364,1.439,5,999.481,16.02596712328767,26.75027397260274,21.040150684931508,20807638.58767123,4.751446575342466,20.747750684931507,-2.013142465753425,0.5299555555555555,0.786,46.97625,72.314
ZM-A2-0511,2016,2.459,23245.351,57156.455,ZM,-15.29991,28.78345,11.364,1.439,5,1073.107,16.349398907103826,26.742866120218576,21.220215846994535,20536788.008196723,4.774469945355191,20.674213114754096,-1.842483606557377,0.5072826086956522,0.801,45.687694444444446,72.407
ZM-A2-0511,2017,2.575,33067.172,85132.169,ZM,-15.29991,28.78345,11.364,1.439,5,1394.985,16.05920273972603,25.807731506849315,20.529065753424657,19122543.846575342,4.314690410958904,17.949210958904107,-0.492813698630137,0.5589111111111111,0.797,48.74180555555555,68.333
ZM-A2-0512,2001,1.39,5804.67,8066.549,ZM,-15.47873,28.1119,12.031,1.522,5,1170.242,16.813838356164386,26.608698630136985,21.189695890410956,20280427.484931506,4.810569863013699,20.253939726027397,-1.6044273972602738,0.5231219512195122,0.783,48.10113888888889,71.413
ZM-A2-0512,2002,1.979,9408.669,18615.344,ZM,-15.47873,28.1119,12.031,1.522,5,704.729,16.846964383561644,27.014134246575342,21.497539726027398,20987698.487671234,5.071482191780822,21.403934246575343,-3.1407178082191782,0.4687173913043478,0.744,42.63586111111111,69.351
ZM-A2-0512,2003,3.161,16091.144,50859.37,ZM,-15.47873,28.1119,12.031,1.522,5,1008.2139999999999,16.70874794520548,26.701265753424657,21.22173424657534,20805902.646575343,4.944024657534246,20.910112328767124,-2.181794520547945,0.5258260869565217,0.777,47.18438888888889,68.864
ZM-A2-0512,2004,2.88,8423.669,24263.112,ZM,-15.47873,28.1119,12.031,1.522,5,954.414,16.526999999999997,26.24816120218579,20.836560109289618,20117113.12021858,4.729322404371585,19.474622950819672,-2.1216338797814207,0.5259347826086956,0.826,46.614000000000004,69.283
ZM-A2-0512,2005,1.159,9908.339,11485.757,ZM,-15.47873,28.1119,12.031,1.522,5,780.63,17.029597260273974,27.347309589041096,21.798008219178083,21306756.339726027,5.25433698630137,22.748852054794522,-3.1156246575342466,0.45721739130434785,0.783,40.93783333333333,69.429
ZM-A2-0512,2006,2.603,10200.215,26553.999,ZM,-15.47873,28.1119,12.031,1.522,5,959.975,16.749868493150686,26.589512328767125,21.156539726027397,20293412.89863014,4.838758904109588,20.258449315068493,-2.208690410958904,0.5278913043478262,0.825,46.464055555555554,70.696
ZM-A2-0512,2007,2.965,11651.906,34544.946,ZM,-15.47873,28.1119,12.031,1.522,5,1213.472,16.6996301369863,26.51325205479452,21.066438356164383,20189602.797260273,4.803402739726027,20.113153424657536,-1.4788219178082191,0.499,0.792,44.49816666666666,70.552
ZM-A2-0512,2008,1.629,9956.662,16223.31,ZM,-15.47873,28.1119,12.031,1.522,5,1065.349,16.272896174863387,26.575836065573768,20.820054644808746,20635853.68169399,4.961997267759562,21.338612021857923,-2.051207650273224,0.5241555555555556,0.86,46.837250000000004,70.788
ZM-A2-0512,2009,1.891,10241.928,19368.157,ZM,-15.47873,28.1119,12.031,1.522,5,1029.637,16.317416438356165,26.080128767123288,20.6128301369863,20203773.78082192,4.683578082191781,18.95932876712329,-1.862654794520548,0.5338260869565218,0.818,47.93469444444444,71.141
ZM-A2-0512,2010,3.466,11730.691,40657.734,ZM,-15.47873,28.1119,12.031,1.522,5,1236.817,16.930816438356164,26.70788493150685,21.268802739726027,19924590.001369864,4.742506849315069,19.7782,-1.353967123287671,0.5309090909090909,0.787,48.21347222222222,68.066
ZM-A2-0512,2011,2.174,18166.501,39502.105,ZM,-15.47873,28.1119,12.031,1.522,5,953.511,16.474772602739726,26.78766301369863,21.090361643835617,20929119.887671232,4.855016438356164,20.77793424657534,-2.2426575342465753,0.5188478260869566,0.803,46.05255555555556,69.033
ZM-A2-0512,2012,2.605,13437.263,35001.63,ZM,-15.47873,28.1119,12.031,1.522,5,1023.541,16.618319672131147,26.930147540983604,21.279502732240438,20648050.44945355,4.91172131147541,21.351101092896172,-2.115161202185792,0.49982608695652175,0.759,45.41775,70.938
ZM-A2-0512,2013,2.538,16036.728,40698.21,ZM,-15.47873,28.1119,12.031,1.522,5,888.384,16.940506849315067,27.257939726027395,21.615624657534244,20901708.079452056,5.0551150684931505,22.20229589041096,-2.621186301369863,0.49015909090909093,0.778,45.69555555555556,73.558
ZM-A2-0512,2014,3.814,18524.731,70649.01,ZM,-15.47873,28.1119,12.031,1.522,5,905.535,17.141128767123288,27.196205479452054,21.74239178082192,20691759.194520548,5.127679452054795,22.359953424657533,-2.6467616438356165,0.47850000000000004,0.804,44.04230555555555,71.62
ZM-A2-0512,2015,2.077,15090.046,31346.503,ZM,-15.47873,28.1119,12.031,1.522,5,876.116,16.776043835616438,27.407383561643833,21.668901369863015,21140349.34109589,5.091386301369863,22.398728767123288,-2.6910684931506847,0.5039347826086956,0.797,44.833416666666665,71.6
ZM-A2-0512,2016,2.635,14897.245,39246.939,ZM,-15.47873,28.1119,12.031,1.522,5,987.331,17.091062841530054,27.305781420765026,21.79671038251366,20856083.833333332,5.0936612021857925,22.144330601092896,-2.396035519125683,0.4941521739130435,0.794,44.655277777777776,73.326
ZM-A2-0512,2017,2.711,20033.568,54319.037,ZM,-15.47873,28.1119,12.031,1.522,5,1319.087,16.839887671232876,26.438797260273972,21.13045205479452,19652162.693150684,4.665857534246576,19.52423287671233,-1.0519205479452056,0.5432608695652175,0.833,46.56619444444445,69.159
ZM-A2-0601,2001,1.369,6138.942,8402.456,ZM,-11.37539,32.91436,11.909,1.525,5,944.027,18.343712328767122,29.62024931506849,23.503172602739724,20542330.504109588,5.029153424657535,25.9298602739726,-2.442778082191781,0.5351136363636364,0.777,47.18461111111111,68.346
ZM-A2-0601,2002,1.062,6039.169,6411.849,ZM,-11.37539,32.91436,11.909,1.525,5,1134.988,18.33786575342466,29.490010958904108,23.41980821917808,20165889.89041096,4.985534246575343,25.15532054794521,-1.8759780821917806,0.5535333333333333,0.8,50.02952777777778,73.023
ZM-A2-0601,2003,0.726,4634.872,3363.125,ZM,-11.37539,32.91436,11.909,1.525,5,900.55,18.357917808219177,29.79386301369863,23.575191780821918,20711803.583561644,5.0853095890410955,26.117068493150683,-2.618049315068493,0.5438666666666667,0.781,48.974833333333336,69.989
ZM-A2-0601,2004,1.053,3905.535,4112.318,ZM,-11.37539,32.91436,11.909,1.525,5,1097.207,18.259639344262297,29.584218579234975,23.42945355191257,20306664.579234973,5.002710382513661,25.32141530054645,-2.004877049180328,0.536804347826087,0.797,48.41366666666667,71.447
ZM-A2-0601,2005,0.869,6124.269,5321.521,ZM,-11.37539,32.91436,11.909,1.525,5,720.17,18.81811506849315,30.70592876712329,24.36269315068493,21199715.0630137,5.448983561643836,28.90572876712329,-3.475915068493151,0.5011086956521739,0.778,46.30694444444444,70.871
ZM-A2-0601,2006,1.223,5266.422,6440.215,ZM,-11.37539,32.91436,11.909,1.525,5,1171.604,18.359336986301372,29.472564383561647,23.479293150684928,20347633.438356165,4.993323287671233,24.966484931506848,-1.783449315068493,0.5436739130434782,0.77,49.410583333333335,72.119
ZM-A2-0601,2007,0.974,6596.108,6426.817,ZM,-11.37539,32.91436,11.909,1.525,5,1067.913,18.37875616438356,29.48898904109589,23.50206575342466,20322427.906849314,5.000082191780822,25.14257808219178,-2.0742931506849316,0.5471086956521739,0.783,49.60986111111111,71.388
ZM-A2-0601,2008,1.292,6563.464,8482.617,ZM,-11.37539,32.91436,11.909,1.525,5,1054.674,18.063505464480876,29.12267213114754,23.196371584699452,20456413.351092897,4.965658469945355,24.886295081967212,-2.084035519125683,0.5300697674418604,0.767,49.46436111111111,71.594
ZM-A2-0601,2009,1.396,7733.58,10796.595,ZM,-11.37539,32.91436,11.909,1.525,5,1102.866,18.139487671232875,29.32484931506849,23.313013698630137,20378785.810958903,4.938956164383562,24.557454794520545,-1.9174054794520548,0.544608695652174,0.775,49.23527777777778,70.056
ZM-A2-0601,2010,2.081,7255.333,15097.53,ZM,-11.37539,32.91436,11.909,1.525,5,1011.0409999999999,18.61994520547945,29.748076712328768,23.83159726027397,20586510.53287671,5.104654794520548,25.761912328767124,-2.3346794520547944,0.5288695652173913,0.762,48.61055555555556,72.257
ZM-A2-0601,2011,2.698,9719.863,26225.13,ZM,-11.37539,32.91436,11.909,1.525,5,1086.503,18.23601917808219,29.58369589041096,23.53068493150685,20602101.35890411,4.970208219178082,25.309709589041095,-1.9934876712328768,0.5344130434782608,0.781,48.22588888888889,71.166
ZM-A2-0601,2012,2.181,7729.194,16859.132,ZM,-11.37539,32.91436,11.909,1.525,5,1087.38,18.29616393442623,29.753756830601095,23.616674863387978,20551174.6147541,5.06353825136612,26.13414207650273,-2.092554644808743,0.5349782608695652,0.757,48.20944444444444,69.148
ZM-A2-0601,2013,1.656,8906.751,14749.678,ZM,-11.37539,32.91436,11.909,1.525,5,1147.003,18.805430136986303,30.160295890410957,24.120326027397258,20829521.416438356,5.2225178082191785,27.253632876712327,-2.0800438356164386,0.5238478260869566,0.785,47.16330555555555,70.485
ZM-A2-0601,2014,2.48,8808.986,21850.122,ZM,-11.37539,32.91436,11.909,1.525,5,1013.495,18.936219178082194,30.045021917808217,24.10752328767123,20476592.12328767,5.164178082191781,26.80690410958904,-2.3874794520547944,0.5266521739130434,0.86,47.04588888888889,70.499
ZM-A2-0601,2015,1.909,8789.697,16782.147,ZM,-11.37539,32.91436,11.909,1.525,5,988.643,18.977501369863013,30.314142465753424,24.34192876712329,20835275.465753425,5.20734794520548,27.369249315068494,-2.49873698630137,0.5336739130434782,0.765,47.999583333333334,71.046
ZM-A2-0601,2016,1.257,9103.151,11446.812,ZM,-11.37539,32.91436,11.909,1.525,5,1134.577,18.960303278688524,30.13886612021858,24.20008743169399,21068829.901639346,5.277890710382514,26.853661202185794,-2.177953551912568,0.5226444444444444,0.794,48.138000000000005,69.374
ZM-A2-0601,2017,2.308,11589.831,26749.425,ZM,-11.37539,32.91436,11.909,1.525,5,1120.012,18.977665753424656,29.845953424657534,24.051567123287672,20122906.89863014,5.027531506849315,25.887449315068494,-1.9590054794520548,0.5479565217391305,0.769,49.065805555555556,69.438
ZM-A2-0603,2001,0.82,2290.629,1878.392,ZM,-9.86674,32.84906,11.856,1.381,5,964.021,15.704331506849316,25.95321369863014,20.087054794520547,20714389.120547947,4.556745205479452,18.499783561643838,-1.9155917808219178,0.5217380952380952,0.755,47.30225,63.704
ZM-A2-0603,2002,1.049,2630.36,2759.147,ZM,-9.86674,32.84906,11.856,1.381,5,1095.399,15.815353424657536,25.92470684931507,20.080287671232877,20469823.367123287,4.5386493150684935,18.09299178082192,-1.5375561643835616,0.5286888888888889,0.76,47.62825,63.439
ZM-A2-0603,2003,1.278,3785.187,4839.343,ZM,-9.86674,32.84906,11.856,1.381,5,935.569,15.792334246575344,26.13419726027397,20.196717808219177,20769670.536986303,4.588158904109589,18.608112328767124,-2.024956164383562,0.5459347826086957,0.783,48.62613888888889,64.313
ZM-A2-0603,2004,1.216,3149.526,3830.36,ZM,-9.86674,32.84906,11.856,1.381,5,1123.805,15.599658469945355,26.051606557377053,20.06687431693989,20452937.213114753,4.534330601092896,18.299754098360655,-1.4638251366120218,0.5361739130434783,0.777,48.98861111111111,64.268
ZM-A2-0603,2005,1.394,3874.264,5402.173,ZM,-9.86674,32.84906,11.856,1.381,5,736.414,16.019964383561646,26.930380821917808,20.851095890410956,21403210.29041096,4.886087671232877,20.502520547945206,-2.8685150684931506,0.5225869565217391,0.755,48.299166666666665,65.114
ZM-A2-0603,2006,1.683,3710.838,6245.718,ZM,-9.86674,32.84906,11.856,1.381,5,1064.673,15.866186301369863,26.072621917808217,20.293616438356164,20419879.734246574,4.540534246575342,18.22544383561644,-1.623621917808219,0.5404130434782609,0.744,48.27288888888889,64.605
ZM-A2-0603,2007,1.476,4349.468,6418.398,ZM,-9.86674,32.84906,11.856,1.381,5,939.621,15.864372602739726,26.184898630136985,20.386931506849315,20601406.95890411,4.594619178082192,18.58570410958904,-2.020315068493151,0.5313260869565217,0.736,47.01347222222222,63.5
ZM-A2-0603,2008,1.47,5409.492,7952.366,ZM,-9.86674,32.84906,11.856,1.381,5,1035.144,15.567606557377049,25.80073770491803,20.024349726775956,20619210.00546448,4.530532786885246,18.226688524590163,-1.7022704918032785,0.5227045454545455,0.727,47.19363888888889,65.207
ZM-A2-0603,2009,2.814,5147.948,14486.7,ZM,-9.86674,32.84906,11.856,1.381,5,1063.788,15.745780821917808,26.07244109589041,20.243257534246574,20693434.98082192,4.547717808219178,18.198665753424656,-1.6332301369863014,0.5376444444444444,0.778,49.23247222222222,64.841
ZM-A2-0603,2010,2.438,6853.201,16706.769,ZM,-9.86674,32.84906,11.856,1.381,5,941.392,16.016032876712327,26.224934246575344,20.522561643835616,20938304.85479452,4.650780821917809,18.6364301369863,-2.0716246575342465,0.5127391304347826,0.747,46.60275,66.397
ZM-A2-0603,2011,2.941,11107.85,32671.763,ZM,-9.86674,32.84906,11.856,1.381,5,1037.409,15.771282191780822,26.09467397260274,20.29314794520548,20602920.83561644,4.493279452054795,18.178290410958905,-1.6510630136986302,0.5332666666666667,0.727,48.807861111111116,66.892
ZM-A2-0603,2012,2.95,8840.772,26084.295,ZM,-9.86674,32.84906,11.856,1.381,5,1083.67,15.829218579234972,26.386158469945357,20.488341530054644,20860194.538251366,4.64525956284153,19.222658469945355,-1.684412568306011,0.5291956521739131,0.724,47.06211111111111,63.804
ZM-A2-0603,2013,2.921,9996.369,29203.225,ZM,-9.86674,32.84906,11.856,1.381,5,1042.522,16.179679452054792,26.536438356164382,20.78857534246575,20871249.416438356,4.704991780821918,19.499912328767124,-1.848767123287671,0.5327608695652174,0.784,47.88547222222222,67.356
ZM-A2-0603,2014,3.166,10722.302,33947.047,ZM,-9.86674,32.84906,11.856,1.381,5,1077.652,16.25882191780822,26.33442191780822,20.716109589041096,20652694.88219178,4.6184164383561646,18.771024657534248,-1.6659452054794521,0.555911111111111,0.785,49.119416666666666,65.449
ZM-A2-0603,2015,3.126,9567.813,29911.821,ZM,-9.86674,32.84906,11.856,1.381,5,920.118,16.376794520547943,26.712797260273973,21.052317808219176,20880202.320547946,4.687769863013699,19.440501369863014,-2.1668986301369864,0.5311777777777777,0.736,47.13741666666667,64.666
ZM-A2-0603,2016,3.586,11835.494,42438.295,ZM,-9.86674,32.84906,11.856,1.381,5,1146.624,16.28530601092896,26.43884972677596,20.78534699453552,20992199.654371586,4.692054644808743,19.005699453551912,-1.5592021857923497,0.5484,0.89,48.09222222222222,65.505
ZM-A2-0603,2017,3.386,9349.487,31661.563,ZM,-9.86674,32.84906,11.856,1.381,5,1091.728,16.422646575342466,26.389345205479454,20.779408219178084,20488541.230136987,4.589282191780822,18.60447671232877,-1.5982465753424657,0.5401739130434783,0.777,47.95055555555555,65.953
ZM-A2-0604,2001,0.845,3004.429,2538.932,ZM,-10.31713,33.36009,12.1,1.343,5,1410.093,14.513035616438355,24.979758904109588,19.03324383561644,20720119.657534245,4.331753424657534,17.508734246575344,-0.4684849315068493,0.5547906976744187,0.768,49.56944444444444,66.586
ZM-A2-0604,2002,1.049,3427.471,3597.004,ZM,-10.31713,33.36009,12.1,1.343,5,1526.846,14.731665753424657,25.02357534246575,19.16631780821918,20436023.512328766,4.333605479452055,17.33492602739726,-0.15046575342465754,0.5703777777777778,0.77,51.38772222222222,69.203
ZM-A2-0604,2003,1.267,4841.711,6132.892,ZM,-10.31713,33.36009,12.1,1.343,5,1317.859,14.731972602739726,25.238016438356166,19.267298630136988,20746658.27260274,4.374446575342466,17.773309589041094,-0.7638739726027398,0.5695,0.769,51.38783333333333,68.825
ZM-A2-0604,2004,1.213,4029.718,4886.59,ZM,-10.31713,33.36009,12.1,1.343,5,1501.271,14.54500819672131,25.03072131147541,19.093226775956285,20516433.18306011,4.317724043715847,17.226868852459017,-0.21589071038251365,0.5647826086956522,0.767,50.85525,68.602
ZM-A2-0604,2005,1.38,4986.467,6881.156,ZM,-10.31713,33.36009,12.1,1.343,5,1111.845,14.803720547945206,25.81422739726027,19.711750684931506,21427206.838356163,4.638605479452055,19.184134246575343,-1.5924547945205478,0.5569347826086957,0.766,51.40197222222222,69.908
ZM-A2-0604,2006,1.672,4762.741,7962.067,ZM,-10.31713,33.36009,12.1,1.343,5,1708.931,14.65898904109589,25.031386301369864,19.203824657534245,20452701.3369863,4.310586301369863,17.117320547945205,0.37141643835616434,0.5751590909090909,0.779,50.95561111111111,68.829
ZM-A2-0604,2007,1.462,5591.854,8177.925,ZM,-10.31713,33.36009,12.1,1.343,5,1382.469,14.657690410958903,25.115789041095894,19.257101369863012,20585441.81369863,4.3397726027397265,17.432000000000002,-0.552186301369863,0.5804782608695652,0.768,51.1875,68.066
ZM-A2-0604,2008,1.466,6918.045,10144.018,ZM,-10.31713,33.36009,12.1,1.343,5,1489.068,14.36738524590164,24.85327049180328,18.96297267759563,20742312.653005466,4.317270491803279,17.323281420765028,-0.24877868852459015,0.5632558139534883,0.775,50.99688888888889,68.758
ZM-A2-0604,2009,2.777,6616.773,18375.247,ZM,-10.31713,33.36009,12.1,1.343,5,1464.077,14.620364383561643,25.145391780821917,19.25399178082192,20687389.09041096,4.327227397260274,17.309098630136987,-0.31605753424657534,0.571,0.786,51.539944444444444,67.434
ZM-A2-0604,2010,2.431,8740.702,21250.313,ZM,-10.31713,33.36009,12.1,1.343,5,1406.791,14.916172602739726,25.38689863013699,19.56101917808219,20889837.95068493,4.451487671232877,18.015304109589042,-0.5972657534246576,0.5510217391304348,0.758,49.50127777777778,69.017
ZM-A2-0604,2011,2.938,14121.622,41483.454,ZM,-10.31713,33.36009,12.1,1.343,5,1429.95,14.660917808219176,25.277205479452057,19.374416438356164,20691142.501369864,4.3260575342465755,17.5992602739726,-0.40838630136986304,0.5728913043478261,0.807,50.611666666666665,70.515
ZM-A2-0604,2012,3.863,8483.672,32774.245,ZM,-10.31713,33.36009,12.1,1.343,5,1427.881,14.706491803278688,25.35160655737705,19.436106557377048,20850886.45081967,4.4094726775956286,18.03198087431694,-0.5081584699453552,0.5685652173913044,0.762,50.743805555555554,67.314
ZM-A2-0604,2013,3.056,10359.232,31661.866,ZM,-10.31713,33.36009,12.1,1.343,5,1693.094,15.01562191780822,25.555602739726027,19.729205479452055,20938772.071232878,4.472219178082192,18.393476712328766,0.16639452054794518,0.5685,0.835,50.34525,69.468
ZM-A2-0604,2014,3.313,10235.72,33907.531,ZM,-10.31713,33.36009,12.1,1.343,5,1510.758,15.08350684931507,25.30792602739726,19.641016438356164,20639002.67671233,4.39206301369863,17.664024657534245,-0.25299999999999995,0.5776222222222221,0.805,51.43205555555556,68.324
ZM-A2-0604,2015,3.827,7860.975,30086.534,ZM,-10.31713,33.36009,12.1,1.343,5,1392.103,15.157347945205478,25.656783561643838,19.931161643835615,20941505.712328766,4.455008219178082,18.27549589041096,-0.6410273972602739,0.5676363636363636,0.754,50.26933333333333,67.091
ZM-A2-0604,2016,3.461,9321.153,32263.991,ZM,-10.31713,33.36009,12.1,1.343,5,1498.161,15.16632786885246,25.546808743169397,19.815885245901637,20957951.704918034,4.495101092896175,18.28875136612022,-0.4017650273224044,0.5707727272727273,0.787,51.43886111111111,69.367
ZM-A2-0604,2017,3.576,10554.819,37740.796,ZM,-10.31713,33.36009,12.1,1.343,5,1627.376,15.218115068493152,25.354221917808218,19.695709589041098,20454321.84109589,4.349276712328767,17.56450410958904,0.10928767123287675,0.5664565217391304,0.785,50.03425,69.806
ZM-A2-0605,2001,0.817,7588.0,6200.28,ZM,-11.91361,31.37793,12.227,1.399,5,1168.387,15.864326027397261,25.987150684931507,20.317271232876713,20635504.98630137,4.607008219178082,19.26330136986301,-1.4059479452054795,0.5564888888888889,0.769,47.913777777777774,64.68
ZM-A2-0605,2002,1.75,3483.0,6094.0,ZM,-11.91361,31.37793,12.227,1.399,5,1147.837,15.906783561643834,25.93224109589041,20.338016438356163,20411039.32328767,4.588671232876712,18.984813698630138,-1.4439123287671234,0.5664130434782608,0.78,50.515888888888895,70.984
ZM-A2-0605,2003,1.743,5368.38,9354.65,ZM,-11.91361,31.37793,12.227,1.399,5,1083.659,15.834769863013697,26.107942465753425,20.354676712328768,20811391.819178082,4.667265753424657,19.507805479452056,-1.69833698630137,0.5635777777777778,0.776,50.055416666666666,69.649
ZM-A2-0605,2004,2.005,3783.256,7585.772,ZM,-11.91361,31.37793,12.227,1.399,5,1348.443,15.707204918032788,25.694704918032787,20.073551912568306,20183584.286885247,4.5072049180327864,18.39453825136612,-0.8229344262295083,0.5698043478260869,0.768,50.75544444444444,69.143
ZM-A2-0605,2005,1.306,7225.0,9434.28,ZM,-11.91361,31.37793,12.227,1.399,5,873.395,16.185879452054795,26.796936986301368,21.0309698630137,21524321.419178084,4.992282191780822,21.46848493150685,-2.599419178082192,0.5470652173913043,0.77,49.620305555555554,68.923
ZM-A2-0605,2006,2.03,8673.0,17607.0,ZM,-11.91361,31.37793,12.227,1.399,5,1245.728,15.889013698630137,25.856441095890414,20.331953424657534,20555588.079452056,4.594972602739726,18.738643835616436,-1.1820191780821918,0.5684130434782608,0.781,50.31525,67.975
ZM-A2-0605,2007,1.968,8259.429,16255.813,ZM,-11.91361,31.37793,12.227,1.399,5,1268.635,15.921591780821919,25.946934246575342,20.347627397260275,20384072.29041096,4.603901369863014,19.017635616438355,-1.1281890410958904,0.5627826086956522,0.769,48.91683333333334,68.788
ZM-A2-0605,2008,2.807,7972.0,22380.0,ZM,-11.91361,31.37793,12.227,1.399,5,1077.649,15.669655737704918,25.710095628415303,20.173193989071038,20706268.508196723,4.668874316939891,19.295311475409836,-1.7244781420765027,0.5511304347826087,0.771,49.10319444444444,69.652
ZM-A2-0605,2009,2.926,12635.93,36968.687,ZM,-11.91361,31.37793,12.227,1.399,5,1237.594,15.77681095890411,25.662013698630137,20.154654794520546,20517195.98630137,4.5475150684931505,18.265441095890413,-1.1568465753424657,0.5734130434782608,0.786,50.62636111111111,66.894
ZM-A2-0605,2010,3.312,12758.212,42259.331,ZM,-11.91361,31.37793,12.227,1.399,5,1164.857,16.166665753424656,26.114890410958903,20.620246575342467,20681479.9260274,4.677972602739726,19.226657534246574,-1.4865835616438354,0.5550222222222222,0.775,49.44094444444445,68.537
ZM-A2-0605,2011,3.977,19611.571,78000.316,ZM,-11.91361,31.37793,12.227,1.399,5,1143.92,15.807767123287672,25.918432876712327,20.32718904109589,20883413.602739725,4.587101369863014,18.859575342465753,-1.4530739726027395,0.5641304347826087,0.795,50.16002777777778,69.892
ZM-A2-0605,2012,3.393,15476.924,52513.205,ZM,-11.91361,31.37793,12.227,1.399,5,1281.258,15.853562841530056,26.188489071038248,20.501612021857923,20672564.1147541,4.657379781420765,19.793062841530055,-1.1566748633879782,0.5683478260869564,0.765,49.52930555555556,67.241
ZM-A2-0605,2013,3.257,14742.264,48009.697,ZM,-11.91361,31.37793,12.227,1.399,5,1051.962,16.273191780821918,26.66474794520548,20.981556164383562,20930379.515068494,4.855216438356164,21.141783561643837,-1.9731287671232878,0.5538913043478261,0.774,48.78358333333333,70.239
ZM-A2-0605,2014,3.322,19000.934,63118.3,ZM,-11.91361,31.37793,12.227,1.399,5,1129.258,16.409605479452054,26.550126027397262,20.995939726027398,20650125.498630136,4.800191780821917,20.843649315068493,-1.7063342465753426,0.5489347826086957,0.773,48.77088888888889,69.647
ZM-A2-0605,2015,3.152,22168.159,69863.515,ZM,-11.91361,31.37793,12.227,1.399,5,1055.172,16.36729315068493,26.665487671232878,21.071202739726026,20998337.542465754,4.805827397260273,20.80364109589041,-1.9149452054794522,0.5614782608695652,0.779,49.79,70.271
ZM-A2-0605,2016,3.403,20223.217,68811.638,ZM,-11.91361,31.37793,12.227,1.399,5,1103.839,16.390188524590165,26.573622950819672,21.02278961748634,21052440.81147541,4.851314207650273,20.718428961748632,-1.835360655737705,0.555911111111111,0.81,49.387138888888884,70.225
ZM-A2-0605,2017,3.596,28572.482,102751.591,ZM,-11.91361,31.37793,12.227,1.399,5,1205.63,16.41206575342466,26.182863013698633,20.815208219178082,20085354.15890411,4.600282191780822,19.271980821917808,-1.297186301369863,0.5756521739130435,0.772,50.37033333333333,69.664
ZM-A2-0606,2001,1.595,1540.0,2457.0,ZM,-9.34067,32.62075,11.956,1.445,5,1107.174,14.95612602739726,25.0286602739726,19.227353424657537,20570632.473972604,4.51793698630137,17.168035616438356,-1.4845835616438356,0.5342045454545454,0.722,47.233444444444444,64.107
ZM-A2-0606,2002,1.692,1917.0,3243.0,ZM,-9.34067,32.62075,11.956,1.445,5,1279.822,15.120734246575344,25.036216438356163,19.272243835616436,20305748.594520546,4.48553698630137,16.928361643835615,-0.9791753424657534,0.5338863636363637,0.753,47.96369444444444,64.171
ZM-A2-0606,2003,1.348,4112.0,5543.72,ZM,-9.34067,32.62075,11.956,1.445,5,1008.474,15.029671232876712,25.174216438356165,19.311027397260272,20601786.446575344,4.546638356164383,17.246112328767122,-1.7836958904109588,0.5390652173913043,0.74,47.83302777777778,62.961
ZM-A2-0606,2004,1.579,6637.709,10479.108,ZM,-9.34067,32.62075,11.956,1.445,5,1243.2640000000001,14.80792076502732,25.10044535519126,19.14730601092896,20269412.221311476,4.474762295081967,16.951486338797814,-1.0778661202185793,0.5405217391304348,0.737,48.34727777777778,64.728
ZM-A2-0606,2005,2.099,2504.0,5257.03,ZM,-9.34067,32.62075,11.956,1.445,5,909.464,15.215241095890411,25.901728767123284,19.88052328767123,21100584.010958903,4.799586301369863,18.8292,-2.307904109589041,0.5409782608695651,0.786,48.72947222222222,66.172
ZM-A2-0606,2006,2.057,4751.0,9773.0,ZM,-9.34067,32.62075,11.956,1.445,5,1210.558,15.041123287671233,25.180353424657532,19.40611780821918,20260468.03561644,4.493095890410959,16.970890410958905,-1.1764986301369864,0.5615333333333333,0.748,50.282694444444445,66.628
ZM-A2-0606,2007,1.609,5574.644,8967.909,ZM,-9.34067,32.62075,11.956,1.445,5,990.718,15.105484931506851,25.31,19.554498630136987,20424310.621917807,4.570487671232877,17.386717808219178,-1.8561917808219177,0.5457826086956522,0.743,47.59886111111111,64.416
ZM-A2-0606,2008,2.68,5675.0,15208.0,ZM,-9.34067,32.62075,11.956,1.445,5,1303.718,14.86643169398907,24.8471912568306,19.164122950819674,20388388.669398908,4.488254098360656,16.803983606557377,-0.9261830601092896,0.5305,0.771,47.530944444444444,64.906
ZM-A2-0606,2009,2.561,11533.92,29539.124,ZM,-9.34067,32.62075,11.956,1.445,5,1126.557,14.983531506849314,25.189350684931505,19.410260273972604,20632101.87671233,4.534679452054794,16.957227397260272,-1.4482219178082192,0.5434782608695652,0.754,49.296166666666664,65.638
ZM-A2-0606,2010,2.615,11966.833,31290.332,ZM,-9.34067,32.62075,11.956,1.445,5,1018.578,15.276249315068494,25.4206602739726,19.72024109589041,20867898.454794522,4.672819178082191,17.617898630136988,-1.8821945205479451,0.5206739130434783,0.729,47.560944444444445,66.334
ZM-A2-0606,2011,3.639,18677.185,67974.142,ZM,-9.34067,32.62075,11.956,1.445,5,1231.332,15.028912328767124,25.18894794520548,19.458786301369862,20404082.189041097,4.461649315068493,16.947838356164386,-1.08813698630137,0.5423478260869565,0.729,48.78552777777778,65.428
ZM-A2-0606,2012,3.232,17388.297,56195.616,ZM,-9.34067,32.62075,11.956,1.445,5,1178.673,15.079177595628416,25.449852459016395,19.623986338797813,20600954.147540983,4.582991803278689,17.82916393442623,-1.3625737704918033,0.5339565217391304,0.751,47.79383333333333,63.216
ZM-A2-0606,2013,2.654,15577.004,41345.073,ZM,-9.34067,32.62075,11.956,1.445,5,1107.649,15.456487671232878,25.629298630136987,19.948460273972604,20686871.1369863,4.662408219178082,18.19948493150685,-1.6277534246575343,0.5298695652173913,0.746,47.89105555555555,66.456
ZM-A2-0606,2014,2.75,15435.775,42442.992,ZM,-9.34067,32.62075,11.956,1.445,5,1225.523,15.480079452054795,25.418435616438355,19.84319726027397,20460359.071232878,4.560427397260274,17.44122191780822,-1.2028301369863015,0.5510227272727273,0.772,49.12402777777778,66.379
ZM-A2-0606,2015,3.075,14659.216,45074.06,ZM,-9.34067,32.62075,11.956,1.445,5,1111.155,15.632161643835618,25.726435616438355,20.160619178082193,20605221.643835615,4.605728767123288,17.851397260273973,-1.561468493150685,0.5413777777777777,0.748,48.272194444444445,64.634
ZM-A2-0606,2016,3.006,15267.221,45892.41,ZM,-9.34067,32.62075,11.956,1.445,5,1214.439,15.61344262295082,25.625756830601095,20.022158469945353,20808281.105191257,4.67281693989071,17.91918852459016,-1.3546775956284154,0.5343777777777778,0.759,47.71861111111111,64.35
ZM-A2-0606,2017,2.603,16897.905,43982.604,ZM,-9.34067,32.62075,11.956,1.445,5,1168.611,15.717547945205478,25.584005479452056,20.00775890410959,20349226.74657534,4.614838356164383,17.564742465753426,-1.4131643835616436,0.5394565217391305,0.743,48.27452777777778,67.602
ZM-A2-0701,2001,0.691,198.059,136.829,ZM,-10.85025,30.19458,17.339,1.181,5,1306.855,15.866487671232877,27.632317808219177,21.25022191780822,20662726.342465755,4.621843835616438,22.134778082191783,-1.0414191780821918,0.5733111111111111,0.758,49.87711111111111,65.514
ZM-A2-0701,2002,0.622,154.759,96.223,ZM,-10.85025,30.19458,17.339,1.181,5,1283.607,15.982583561643835,27.74813698630137,21.374476712328768,20620467.70958904,4.674556164383562,22.27943287671233,-1.1578246575342466,0.5771304347826086,0.766,51.67838888888889,69.495
ZM-A2-0701,2003,1.553,772.638,1200.269,ZM,-10.85025,30.19458,17.339,1.181,5,1119.4279999999999,15.963375342465753,27.978446575342467,21.458183561643835,21153322.10410959,4.766361643835617,22.912794520547944,-1.6994356164383562,0.5629767441860465,0.778,51.03788888888889,67.905
ZM-A2-0701,2004,1.593,1748.186,2784.418,ZM,-10.85025,30.19458,17.339,1.181,5,1320.225,15.81531693989071,27.639871584699453,21.201642076502733,20543915.781420764,4.630068306010929,21.941852459016392,-1.022896174863388,0.5755681818181818,0.778,52.159,67.716
ZM-A2-0701,2005,2.135,303.904,648.823,ZM,-10.85025,30.19458,17.339,1.181,5,1010.598,16.264906849315068,28.54275616438356,22.032627397260274,21519061.805479452,4.96087397260274,24.455624657534248,-2.192112328767123,0.5586304347826087,0.773,50.01288888888889,67.644
ZM-A2-0701,2006,2.405,449.04,1080.102,ZM,-10.85025,30.19458,17.339,1.181,5,1293.949,15.997676712328767,27.718104109589042,21.449202739726026,20680254.446575344,4.66721095890411,21.99453424657534,-1.122145205479452,0.5904347826086956,0.795,52.36105555555556,68.379
ZM-A2-0701,2007,1.853,238.707,442.345,ZM,-10.85025,30.19458,17.339,1.181,5,1179.732,16.142649315068493,28.084591780821917,21.74651232876712,20821227.08767123,4.79685205479452,23.167131506849316,-1.564709589041096,0.5602608695652174,0.739,50.429944444444445,66.766
ZM-A2-0701,2008,1.192,62.545,74.573,ZM,-10.85025,30.19458,17.339,1.181,5,1210.902,15.684128415300545,27.708516393442626,21.311122950819673,21022894.00273224,4.756800546448088,22.886707650273223,-1.4483251366120218,0.5651304347826087,0.75,51.053555555555555,66.268
ZM-A2-0701,2009,2.815,485.084,1365.392,ZM,-10.85025,30.19458,17.339,1.181,5,1331.179,15.835443835616438,27.702090410958906,21.355057534246576,20787411.84931507,4.674789041095891,22.111443835616438,-1.027723287671233,0.5702173913043478,0.754,50.24122222222222,65.131
ZM-A2-0701,2010,3.098,487.637,1510.866,ZM,-10.85025,30.19458,17.339,1.181,5,1183.356,16.229016438356165,28.182172602739726,21.856227397260273,21007415.621917807,4.8153205479452055,23.179441095890407,-1.5732493150684932,0.5607333333333333,0.765,50.30452777777778,67.152
ZM-A2-0701,2011,2.476,962.71,2383.574,ZM,-10.85025,30.19458,17.339,1.181,5,1302.26,15.681671232876713,27.723863013698633,21.250076712328767,20874733.167123288,4.5940739726027395,21.8825397260274,-1.0262383561643835,0.5713333333333334,0.78,51.03819444444444,68.353
ZM-A2-0701,2012,2.615,1255.257,3282.315,ZM,-10.85025,30.19458,17.339,1.181,5,1322.618,15.858959016393442,27.88020218579235,21.45398087431694,20712291.035519127,4.654937158469946,22.65083879781421,-1.041226775956284,0.5583478260869565,0.737,48.92316666666667,63.84
ZM-A2-0701,2013,2.183,619.668,1353.041,ZM,-10.85025,30.19458,17.339,1.181,5,1302.392,16.308495890410956,28.281682191780824,21.861687671232875,21084776.791780822,4.8012493150684925,23.726709589041096,-1.2330520547945205,0.566195652173913,0.785,50.81333333333333,70.292
ZM-A2-0701,2014,2.856,681.059,1945.073,ZM,-10.85025,30.19458,17.339,1.181,5,1261.986,16.33208219178082,28.04963561643836,21.80114794520548,20762537.602739725,4.727265753424658,23.17098904109589,-1.2697698630136987,0.5598372093023256,0.798,51.29816666666667,69.223
ZM-A2-0701,2015,2.909,1225.415,3564.5,ZM,-10.85025,30.19458,17.339,1.181,5,1319.874,16.300942465753426,28.075326027397264,21.756898630136988,20980320.85479452,4.695764383561643,22.662032876712328,-1.0796712328767122,0.5786739130434783,0.738,51.09488888888889,68.114
ZM-A2-0701,2016,2.241,1324.636,2969.162,ZM,-10.85025,30.19458,17.339,1.181,5,1261.959,16.372360655737705,28.22757650273224,21.87513387978142,21139192.650273222,4.818049180327868,23.511669398907106,-1.3700737704918033,0.5604186046511628,0.791,49.89966666666666,68.84
ZM-A2-0701,2017,3.259,1150.203,3748.558,ZM,-10.85025,30.19458,17.339,1.181,5,1256.871,16.2784301369863,27.7513698630137,21.568334246575343,20409118.553424656,4.590553424657534,21.748449315068495,-1.1470712328767123,0.5936444444444444,0.775,52.94463888888889,69.383
ZM-A2-0702,2001,1.094,4860.0,5316.75,ZM,-8.59095,29.6984,15.038,1.307,5,990.556,18.854246575342465,28.326320547945205,23.162646575342464,21187184.14520548,4.590024657534246,21.541654794520547,-1.876172602739726,0.5680227272727273,0.764,49.036722222222224,67.525
ZM-A2-0702,2002,1.243,1662.0,2066.0,ZM,-8.59095,29.6984,15.038,1.307,5,1201.492,18.931528767123286,28.387923287671235,23.22794794520548,21235052.210958906,4.614802739726027,21.567627397260274,-1.3230438356164385,0.5782826086956522,0.794,50.669583333333335,68.265
ZM-A2-0702,2003,1.305,3048.0,3979.1,ZM,-8.59095,29.6984,15.038,1.307,5,926.468,19.011342465753426,28.66520547945205,23.38656712328767,21556229.506849315,4.688717808219178,22.24031506849315,-2.150449315068493,0.5182,0.786,44.34544444444444,65.97
ZM-A2-0702,2004,1.611,3739.96,6026.297,ZM,-8.59095,29.6984,15.038,1.307,5,964.556,18.82107650273224,28.538065573770492,23.23020218579235,21221411.770491805,4.639398907103825,22.02751912568306,-2.004,0.5564347826086956,0.796,47.96425,67.251
ZM-A2-0702,2005,1.396,3218.0,4493.44,ZM,-8.59095,29.6984,15.038,1.307,5,841.405,19.311202739726028,29.159446575342468,23.882238356164383,21612418.75342466,4.7642493150684935,23.343591780821917,-2.4590301369863017,0.5344782608695652,0.801,46.842444444444446,68.089
ZM-A2-0702,2006,1.031,4524.0,4665.0,ZM,-8.59095,29.6984,15.038,1.307,5,1122.544,19.02745205479452,28.579263013698633,23.43427397260274,21167119.16438356,4.645512328767124,21.91477808219178,-1.570049315068493,0.5525111111111111,0.793,48.354749999999996,69.427
ZM-A2-0702,2007,0.372,4747.742,1767.172,ZM,-8.59095,29.6984,15.038,1.307,5,899.931,19.21902191780822,28.90168493150685,23.754060273972602,21341453.9369863,4.732578082191781,22.90166575342466,-2.2670136986301372,0.5490666666666666,0.787,47.36844444444444,68.013
ZM-A2-0702,2008,1.416,5670.0,8030.0,ZM,-8.59095,29.6984,15.038,1.307,5,1115.363,18.735418032786885,28.417622950819673,23.227631147540983,21398908.513661202,4.649991803278688,22.014,-1.602551912568306,0.5582444444444444,0.801,49.11380555555556,67.341
ZM-A2-0702,2009,1.382,5201.83,7187.162,ZM,-8.59095,29.6984,15.038,1.307,5,1087.333,19.016775342465753,28.65217808219178,23.50465479452055,21455747.671232875,4.679657534246576,22.138824657534247,-1.70066301369863,0.568,0.781,50.22536111111111,66.968
ZM-A2-0702,2010,1.862,2960.648,5511.534,ZM,-8.59095,29.6984,15.038,1.307,5,1014.629,19.23624383561644,28.787183561643836,23.711408219178082,21533220.838356163,4.71553698630137,22.219315068493152,-1.935731506849315,0.5457173913043478,0.81,47.35202777777778,69.064
ZM-A2-0702,2011,0.94,5931.257,5577.549,ZM,-8.59095,29.6984,15.038,1.307,5,1161.522,18.893257534246576,28.468271232876713,23.291375342465756,21336593.498630136,4.598687671232876,21.37132602739726,-1.4164356164383562,0.5580652173913043,0.785,47.98002777777778,67.625
ZM-A2-0702,2012,1.331,4924.594,6556.835,ZM,-8.59095,29.6984,15.038,1.307,5,1070.135,18.92587704918033,28.633846994535517,23.408568306010928,21243502.169398908,4.592775956284153,21.985281420765027,-1.6689098360655739,0.5638043478260869,0.774,47.92677777777778,64.906
ZM-A2-0702,2013,1.309,4805.684,6289.089,ZM,-8.59095,29.6984,15.038,1.307,5,1214.702,19.09546575342466,28.523416438356165,23.390890410958903,21424005.643835615,4.616895890410959,21.525945205479452,-1.288945205479452,0.555,0.791,47.6075,67.001
ZM-A2-0702,2014,2.006,6038.061,12112.218,ZM,-8.59095,29.6984,15.038,1.307,5,965.842,19.317153424657537,28.690646575342463,23.647276712328765,21175567.31780822,4.636545205479452,22.00807397260274,-1.9904027397260273,0.5719565217391304,0.803,50.12513888888889,69.184
ZM-A2-0702,2015,1.767,6606.461,11676.584,ZM,-8.59095,29.6984,15.038,1.307,5,1070.254,19.341484931506848,28.748323287671234,23.665473972602737,21224716.315068495,4.605263013698631,21.652668493150685,-1.6730602739726028,0.5604565217391304,0.781,47.81202777777778,65.875
ZM-A2-0702,2016,2.55,7333.671,18697.439,ZM,-8.59095,29.6984,15.038,1.307,5,1049.783,19.466103825136614,28.901636612021857,23.820631147540986,21434958.00273224,4.689904371584699,22.24172131147541,-1.8216448087431694,0.5545434782608696,0.823,47.39216666666667,66.321
ZM-A2-0702,2017,1.345,6781.229,9122.067,ZM,-8.59095,29.6984,15.038,1.307,5,1121.894,19.326712328767123,28.603934246575342,23.58183287671233,21219475.24109589,4.607331506849315,21.25190410958904,-1.5336493150684933,0.5804347826086956,0.782,50.08547222222222,65.865
ZM-A2-0703,2001,1.051,2150.0,2259.54,ZM,-10.21975,31.04781,12.22,1.331,5,1136.196,15.220238356164383,26.763295890410955,20.488194520547946,20503256.271232877,4.533293150684932,20.895032876712328,-1.4204273972602741,0.5818604651162791,0.76,50.741888888888894,65.071
ZM-A2-0703,2002,0.996,2018.0,2009.0,ZM,-10.21975,31.04781,12.22,1.331,5,1314.923,15.30653698630137,26.804320547945203,20.53385205479452,20475336.153424658,4.570098630136986,20.783331506849315,-0.9675698630136986,0.5783636363636364,0.786,52.065444444444445,67.905
ZM-A2-0703,2003,2.342,3645.72,8536.57,ZM,-10.21975,31.04781,12.22,1.331,5,1047.028,15.238772602739726,27.067435616438356,20.625638356164384,20918618.59041096,4.6478027397260275,21.494668493150684,-1.7792328767123287,0.5930652173913044,0.82,51.815194444444444,67.625
ZM-A2-0703,2004,3.411,4746.364,16189.686,ZM,-10.21975,31.04781,12.22,1.331,5,1227.574,15.072185792349726,26.893612021857923,20.45634699453552,20415140.415300548,4.553699453551912,20.933877049180328,-1.199672131147541,0.5969565217391305,0.785,52.38608333333334,67.973
ZM-A2-0703,2005,1.728,8737.0,15101.09,ZM,-10.21975,31.04781,12.22,1.331,5,830.22,15.579043835616437,27.838383561643838,21.344734246575342,21297830.567123286,4.888895890410959,23.47906575342466,-2.6143205479452054,0.579,0.805,51.62741666666667,69.267
ZM-A2-0703,2006,2.47,4526.0,11177.0,ZM,-10.21975,31.04781,12.22,1.331,5,1182.019,15.31164109589041,26.932019178082193,20.69806301369863,20489494.97808219,4.578906849315068,20.84942191780822,-1.3404986301369863,0.5968666666666667,0.781,52.722166666666666,68.946
ZM-A2-0703,2007,1.967,6176.389,12148.125,ZM,-10.21975,31.04781,12.22,1.331,5,1032.554,15.430756164383562,27.260545205479453,20.966008219178082,20605710.789041094,4.690416438356165,21.847156164383563,-1.8615013698630136,0.5863478260869566,0.757,51.35713888888889,68.277
ZM-A2-0703,2008,2.731,7029.0,19193.0,ZM,-10.21975,31.04781,12.22,1.331,5,1094.184,15.033724043715846,26.83283333333333,20.55306830601093,20663114.31147541,4.628286885245902,21.424478142076502,-1.6387131147540983,0.5782608695652174,0.766,51.336527777777775,67.961
ZM-A2-0703,2009,3.343,7325.87,24493.187,ZM,-10.21975,31.04781,12.22,1.331,5,1144.709,15.21472602739726,26.985123287671232,20.705898630136986,20718487.545205478,4.619969863013699,21.114117808219177,-1.4837808219178084,0.5958260869565217,0.774,52.755583333333334,67.36
ZM-A2-0703,2010,3.118,8638.312,26938.019,ZM,-10.21975,31.04781,12.22,1.331,5,1074.659,15.51102191780822,27.226079452054794,21.025490410958906,20857409.11780822,4.701183561643836,21.640375342465752,-1.7569123287671233,0.5730217391304347,0.766,51.056555555555555,67.184
ZM-A2-0703,2011,3.371,11531.737,38877.605,ZM,-10.21975,31.04781,12.22,1.331,5,1186.6779999999999,15.095432876712328,26.864175342465757,20.5427698630137,20587269.983561642,4.494369863013699,20.610454794520546,-1.2431972602739725,0.594,0.786,52.68725,68.95
ZM-A2-0703,2012,3.549,11357.225,40302.516,ZM,-10.21975,31.04781,12.22,1.331,5,1148.75,15.229398907103825,27.222393442622952,20.800377049180327,20777876.43989071,4.625806010928962,21.832775956284152,-1.4871448087431693,0.5831956521739131,0.793,49.78013888888889,64.541
ZM-A2-0703,2013,3.213,9304.178,29892.032,ZM,-10.21975,31.04781,12.22,1.331,5,1146.353,15.74388493150685,27.555564383561645,21.267786301369863,20869857.243835617,4.728287671232877,22.739679452054794,-1.5875945205479451,0.5851739130434782,0.769,51.66502777777778,69.978
ZM-A2-0703,2014,3.895,14091.386,54880.576,ZM,-10.21975,31.04781,12.22,1.331,5,1258.795,15.790057534246575,27.160358904109593,21.103723287671233,20542542.167123288,4.62801095890411,21.604350684931507,-1.1792575342465754,0.5929545454545454,0.803,52.47508333333334,68.686
ZM-A2-0703,2015,3.782,14367.866,54345.955,ZM,-10.21975,31.04781,12.22,1.331,5,1188.019,15.777128767123287,27.357268493150684,21.191745205479453,20799482.175342467,4.623895890410959,21.615230136986302,-1.369049315068493,0.5978913043478261,0.783,51.92494444444444,67.601
ZM-A2-0703,2016,2.74,12384.556,33928.702,ZM,-10.21975,31.04781,12.22,1.331,5,1254.687,15.735978142076505,27.385669398907105,21.165330601092897,21039116.265027322,4.722923497267759,22.046612021857925,-1.2948169398907103,0.5895555555555556,0.85,51.106138888888886,67.491
ZM-A2-0703,2017,3.098,11681.833,36190.85,ZM,-10.21975,31.04781,12.22,1.331,5,1275.368,15.738386301369864,27.018761643835617,20.92674794520548,20378374.364383563,4.537975342465754,20.74049315068493,-1.0438164383561643,0.6105434782608696,0.791,52.792833333333334,68.084
ZM-A2-0704,2001,1.18,1084.941,1280.761,ZM,-10.48572,29.91662,15.93,1.234,5,1217.18,15.474956164383563,27.17305205479452,20.734871232876714,20492425.473972604,4.503501369863014,21.33586301369863,-1.1687616438356165,0.601860465116279,0.792,52.738527777777776,68.294
ZM-A2-0704,2002,0.906,1183.241,1071.777,ZM,-10.48572,29.91662,15.93,1.234,5,1198.67,15.586238356164383,27.306238356164382,20.850183561643835,20474993.624657534,4.543178082191781,21.47314794520548,-1.2591506849315068,0.6090444444444445,0.796,54.24025,72.045
ZM-A2-0704,2003,1.526,1370.922,2091.801,ZM,-10.48572,29.91662,15.93,1.234,5,1099.401,15.56010684931507,27.55247671232877,20.94781917808219,21038835.00547945,4.65232602739726,22.16864383561644,-1.6402684931506848,0.6057777777777779,0.813,53.359972222222225,69.364
ZM-A2-0704,2004,1.838,2340.49,4301.439,ZM,-10.48572,29.91662,15.93,1.234,5,1271.054,15.418286885245902,27.2028825136612,20.692734972677595,20438374.923497267,4.509592896174864,21.185177595628414,-1.0367677595628415,0.6202608695652174,0.8,54.61494444444444,70.605
ZM-A2-0704,2005,1.254,9427.096,11817.047,ZM,-10.48572,29.91662,15.93,1.234,5,955.322,15.851676712328768,28.05144109589041,21.478161643835616,21311528.580821916,4.805216438356164,23.439057534246572,-2.187895890410959,0.5975,0.786,53.16405555555556,71.785
ZM-A2-0704,2006,2.461,1953.96,4808.898,ZM,-10.48572,29.91662,15.93,1.234,5,1276.904,15.604583561643835,27.27501643835616,20.924063013698632,20522037.515068494,4.535071232876712,21.161794520547947,-1.036704109589041,0.6156888888888888,0.795,55.08555555555555,71.791
ZM-A2-0704,2007,3.06,3569.02,10920.724,ZM,-10.48572,29.91662,15.93,1.234,5,1094.934,15.779435616438356,27.65310684931507,21.254515068493152,20666076.071232878,4.661813698630136,22.344895890410957,-1.6619945205479454,0.6055333333333333,0.803,53.20933333333333,70.724
ZM-A2-0704,2008,2.552,4209.455,10744.427,ZM,-10.48572,29.91662,15.93,1.234,5,1189.296,15.3066912568306,27.273956284153005,20.808658469945357,20879035.336065575,4.637871584699454,22.104226775956285,-1.3884289617486338,0.5995555555555556,0.794,53.548750000000005,69.852
ZM-A2-0704,2009,3.167,5025.676,15915.118,ZM,-10.48572,29.91662,15.93,1.234,5,1240.4,15.490506849315068,27.314254794520547,20.888835616438357,20693647.04109589,4.5728328767123285,21.472975342465755,-1.1744767123287672,0.611108695652174,0.78,53.86266666666667,68.415
ZM-A2-0704,2010,3.485,4550.081,15855.711,ZM,-10.48572,29.91662,15.93,1.234,5,1123.232,15.845526027397261,27.728180821917807,21.33914520547945,20892805.99178082,4.6896438356164385,22.297446575342466,-1.6122958904109588,0.5960888888888889,0.787,53.519305555555555,71.695
ZM-A2-0704,2011,3.922,6122.22,24013.027,ZM,-10.48572,29.91662,15.93,1.234,5,1309.699,15.310841095890412,27.261520547945207,20.732057534246575,20707656.816438355,4.481342465753425,21.015942465753426,-0.8931260273972602,0.6185869565217391,0.842,54.8555,71.68
ZM-A2-0704,2012,3.535,7721.404,27297.751,ZM,-10.48572,29.91662,15.93,1.234,5,1270.317,15.42574043715847,27.423795081967214,20.926448087431694,20546472.61338798,4.516546448087432,21.77528961748634,-1.0457349726775955,0.6094782608695652,0.838,52.24611111111111,66.876
ZM-A2-0704,2013,3.118,6293.847,19623.858,ZM,-10.48572,29.91662,15.93,1.234,5,1232.392,15.865375342465754,27.777301369863014,21.28692602739726,20923983.04931507,4.653153424657535,22.695761643835617,-1.27673698630137,0.6074782608695652,0.805,54.026555555555554,73.042
ZM-A2-0704,2014,3.187,6993.631,22286.751,ZM,-10.48572,29.91662,15.93,1.234,5,1195.753,15.920950684931507,27.594923287671236,21.276298630136985,20615356.0630137,4.601252054794521,22.259361643835618,-1.3252164383561644,0.609840909090909,0.811,53.93711111111111,70.079
ZM-A2-0704,2015,3.74,7257.549,27142.316,ZM,-10.48572,29.91662,15.93,1.234,5,1307.068,15.876145205479451,27.615123287671235,21.23474794520548,20739990.161643837,4.561723287671233,21.812068493150683,-0.9807150684931507,0.6178,0.783,54.38575,71.532
ZM-A2-0704,2016,3.215,7960.971,25596.17,ZM,-10.48572,29.91662,15.93,1.234,5,1249.121,15.947390710382514,27.771773224043713,21.337489071038252,20969224.961748634,4.67612568306011,22.603234972677594,-1.263226775956284,0.6053181818181819,0.852,53.05916666666667,71.759
ZM-A2-0704,2017,3.55,9290.066,32984.104,ZM,-10.48572,29.91662,15.93,1.234,5,1228.807,15.84047397260274,27.27073698630137,21.003128767123286,20312580.482191782,4.4662931506849315,20.828,-1.0996986301369862,0.6369347826086956,0.808,56.26230555555556,72.727
ZM-A2-0707,2001,1.553,1684.0,2615.85,ZM,-9.83158,31.56328,12.774,1.337,5,1024.531,15.070410958904109,26.610208219178084,20.307353424657535,20483361.298630137,4.460298630136986,20.49452602739726,-1.6533643835616436,0.5755116279069767,0.75,50.31436111111111,65.073
ZM-A2-0707,2002,1.493,1779.0,2656.0,ZM,-9.83158,31.56328,12.774,1.337,5,1250.82,15.104860273972603,26.609750684931505,20.293646575342464,20326225.01369863,4.463008219178082,20.227531506849314,-1.036104109589041,0.5787272727272726,0.774,51.14411111111111,64.868
ZM-A2-0707,2003,2.038,4012.53,8179.24,ZM,-9.83158,31.56328,12.774,1.337,5,1006.388,15.055753424657535,26.814205479452053,20.37415616438356,20776077.55890411,4.529684931506849,20.78395616438356,-1.7724575342465754,0.5867826086956522,0.809,51.891555555555556,67.978
ZM-A2-0707,2004,1.842,3814.679,7026.247,ZM,-9.83158,31.56328,12.774,1.337,5,1097.096,14.89716393442623,26.743631147540984,20.259084699453553,20359300.893442623,4.474915300546448,20.501010928961747,-1.4773852459016392,0.5971086956521738,0.767,52.659416666666665,67.608
ZM-A2-0707,2005,1.158,10423.0,12074.8,ZM,-9.83158,31.56328,12.774,1.337,5,794.658,15.297890410958903,27.613175342465752,21.064698630136984,21139925.10410959,4.755605479452055,22.757339726027396,-2.578460273972603,0.5827826086956521,0.797,52.15058333333334,69.655
ZM-A2-0707,2006,2.272,3242.0,7366.0,ZM,-9.83158,31.56328,12.774,1.337,5,1168.711,15.131063013698629,26.704997260273974,20.4607698630137,20366057.37260274,4.469079452054794,20.15837808219178,-1.267131506849315,0.5976818181818181,0.762,53.43391666666666,68.075
ZM-A2-0707,2007,1.646,4814.469,7925.713,ZM,-9.83158,31.56328,12.774,1.337,5,961.841,15.208460273972602,27.003238356164385,20.719673972602738,20503288.432876714,4.568572602739726,21.10512876712329,-1.9333917808219179,0.590304347826087,0.765,51.85752777777778,69.226
ZM-A2-0707,2008,1.493,3424.0,5111.0,ZM,-9.83158,31.56328,12.774,1.337,5,1079.871,14.85625956284153,26.540609289617485,20.281557377049182,20446608.273224045,4.478398907103825,20.52093169398907,-1.527931693989071,0.5808913043478261,0.768,51.495194444444444,66.056
ZM-A2-0707,2009,1.843,7573.14,13957.426,ZM,-9.83158,31.56328,12.774,1.337,5,1032.38,15.06288493150685,26.798260273972602,20.511723287671234,20671563.75342466,4.525646575342466,20.491958904109588,-1.6972082191780822,0.5966086956521739,0.782,53.18452777777778,68.256
ZM-A2-0707,2010,3.154,6919.479,21825.488,ZM,-9.83158,31.56328,12.774,1.337,5,995.598,15.318131506849316,26.989068493150686,20.77107123287671,20801838.989041097,4.593441095890411,21.01020273972603,-1.8657753424657535,0.5715652173913043,0.762,51.68516666666667,68.555
ZM-A2-0707,2011,3.318,6967.884,23120.618,ZM,-9.83158,31.56328,12.774,1.337,5,1123.727,14.990909589041095,26.618298630136987,20.344643835616438,20419279.82739726,4.3790657534246575,19.862079452054793,-1.3003616438356165,0.5905869565217392,0.767,53.48286111111111,68.15
ZM-A2-0707,2012,3.352,15258.271,51146.78,ZM,-9.83158,31.56328,12.774,1.337,5,1090.029,15.102480874316939,27.051043715846998,20.623155737704916,20684789.986338798,4.534120218579235,21.326368852459016,-1.555898907103825,0.586195652173913,0.799,51.26152777777778,65.078
ZM-A2-0707,2013,3.141,12979.177,40766.255,ZM,-9.83158,31.56328,12.774,1.337,5,1052.123,15.583994520547947,27.29957808219178,21.03851506849315,20700584.057534248,4.613709589041096,21.991742465753426,-1.7311808219178082,0.5876521739130435,0.792,52.02633333333333,69.047
ZM-A2-0707,2014,3.341,13884.797,46395.557,ZM,-9.83158,31.56328,12.774,1.337,5,1224.367,15.600205479452054,26.938128767123285,20.878868493150687,20417296.05479452,4.50946301369863,20.825742465753425,-1.1550328767123288,0.5996222222222223,0.807,53.00377777777778,67.934
ZM-A2-0707,2015,3.603,14567.317,52478.804,ZM,-9.83158,31.56328,12.774,1.337,5,1072.242,15.680479452054794,27.252594520547945,21.090438356164384,20677930.02739726,4.53698904109589,21.193482191780824,-1.5993397260273974,0.6033043478260869,0.765,52.17391666666666,66.926
ZM-A2-0707,2016,3.492,13679.273,47773.254,ZM,-9.83158,31.56328,12.774,1.337,5,1121.514,15.646109289617485,27.291366120218576,21.065409836065573,20918049.650273222,4.639319672131148,21.64691256830601,-1.5750737704918032,0.5846363636363636,0.838,51.29566666666667,66.742
ZM-A2-0707,2017,3.005,16889.722,50758.773,ZM,-9.83158,31.56328,12.774,1.337,5,1206.657,15.698926027397262,26.935202739726027,20.844531506849314,20278093.761643834,4.47072602739726,20.46234794520548,-1.1648164383561643,0.6045555555555555,0.789,53.31133333333334,68.161
ZM-A2-0714,2001,1.071,2275.0,2437.38,ZM,-9.71207,30.39778,12.082,1.342,5,1181.274,14.892786301369863,25.997112328767123,19.906167123287673,20345647.961643837,4.483564383561644,19.648175342465752,-1.2471972602739725,0.6028,0.773,51.4315,66.3
ZM-A2-0714,2002,1.151,2341.0,2694.0,ZM,-9.71207,30.39778,12.082,1.342,5,1248.248,15.056380821917807,26.167479452054792,20.05254520547945,20375355.679452054,4.543057534246575,19.88670410958904,-1.1232,0.6026444444444444,0.782,52.92444444444445,67.875
ZM-A2-0714,2003,1.569,4430.98,6954.32,ZM,-9.71207,30.39778,12.082,1.342,5,1082.801,14.952816438356166,26.417523287671234,20.129646575342466,20841201.07671233,4.629928767123288,20.526457534246575,-1.663350684931507,0.6044444444444445,0.786,52.709361111111114,67.411
ZM-A2-0714,2004,1.87,2452.121,4584.946,ZM,-9.71207,30.39778,12.082,1.342,5,1213.595,14.79381693989071,26.17392349726776,19.92141530054645,20318256.63387978,4.5259590163934424,19.866718579234973,-1.2101256830601093,0.6207826086956522,0.773,54.03813888888889,67.66
ZM-A2-0714,2005,0.983,4682.0,4600.27,ZM,-9.71207,30.39778,12.082,1.342,5,988.195,15.266049315068493,26.936742465753426,20.65751506849315,20964084.91232877,4.764567123287671,21.714109589041094,-2.0571835616438356,0.596,0.768,52.059694444444446,68.261
ZM-A2-0714,2006,1.585,4579.0,7259.0,ZM,-9.71207,30.39778,12.082,1.342,5,1336.622,14.99753698630137,26.16765205479452,20.11442191780822,20304883.04657534,4.5196219178082195,19.59841095890411,-0.8576438356164384,0.6216739130434783,0.795,54.44861111111111,69.805
ZM-A2-0714,2007,1.817,5955.723,10821.161,ZM,-9.71207,30.39778,12.082,1.342,5,1036.598,15.158613698630138,26.520753424657535,20.44424383561644,20495640.632876713,4.645928767123287,20.643295890410958,-1.8059342465753425,0.610891304347826,0.776,52.23211111111111,67.384
ZM-A2-0714,2008,2.417,7917.0,19136.0,ZM,-9.71207,30.39778,12.082,1.342,5,1208.394,14.722265027322404,26.097598360655738,19.980937158469946,20606065.986338798,4.584622950819672,20.182341530054646,-1.283,0.5959555555555556,0.78,52.98969444444444,67.469
ZM-A2-0714,2009,2.045,6383.79,13051.811,ZM,-9.71207,30.39778,12.082,1.342,5,1209.72,14.994002739726026,26.328679452054796,20.22342191780822,20650057.402739726,4.60466301369863,20.156895890410958,-1.2903616438356165,0.6107826086956522,0.768,53.78519444444444,67.319
ZM-A2-0714,2010,1.625,8233.13,13378.544,ZM,-9.71207,30.39778,12.082,1.342,5,1169.131,15.263361643835617,26.56581917808219,20.507005479452054,20799593.608219177,4.687753424657534,20.53738904109589,-1.484654794520548,0.5944565217391304,0.775,52.49491666666667,68.669
ZM-A2-0714,2011,2.814,10446.431,29400.001,ZM,-9.71207,30.39778,12.082,1.342,5,1296.379,14.817202739726028,26.148213698630137,19.989476712328766,20504349.0,4.463487671232877,19.420367123287672,-0.9117643835616438,0.6246818181818182,0.774,54.30883333333333,68.405
ZM-A2-0714,2012,3.49,7152.608,24965.086,ZM,-9.71207,30.39778,12.082,1.342,5,1244.16,14.909237704918032,26.406532786885244,20.20777868852459,20520910.155737706,4.531139344262295,20.374382513661203,-1.1317950819672131,0.6088260869565217,0.782,51.11772222222223,63.381
ZM-A2-0714,2013,2.506,7421.993,18601.433,ZM,-9.71207,30.39778,12.082,1.342,5,1176.939,15.373846575342466,26.65216164383562,20.518975342465755,20727771.93150685,4.6241452054794525,20.93549315068493,-1.399654794520548,0.6110217391304348,0.789,52.91163888888889,68.701
ZM-A2-0714,2014,2.693,9529.484,25658.466,ZM,-9.71207,30.39778,12.082,1.342,5,1251.747,15.419350684931507,26.416794520547942,20.484268493150683,20393134.742465753,4.552213698630137,20.323671232876713,-1.1227698630136986,0.6150227272727272,0.81,53.43383333333333,66.997
ZM-A2-0714,2015,2.744,11302.299,31013.592,ZM,-9.71207,30.39778,12.082,1.342,5,1261.346,15.476991780821917,26.55273698630137,20.57913698630137,20532373.638356164,4.545893150684932,20.21071506849315,-1.0901506849315068,0.6206222222222222,0.797,52.56575,67.483
ZM-A2-0714,2016,2.9,9752.512,28278.422,ZM,-9.71207,30.39778,12.082,1.342,5,1242.344,15.517983606557378,26.684551912568306,20.63391256830601,20726656.18579235,4.649934426229508,20.841030054644808,-1.255551912568306,0.6017045454545454,0.793,52.00277777777777,67.004
ZM-A2-0714,2017,2.901,10185.135,29543.987,ZM,-9.71207,30.39778,12.082,1.342,5,1328.195,15.364838356164384,26.266367123287672,20.30180821917808,20369424.928767122,4.505961643835616,19.4365698630137,-0.8670712328767123,0.6356304347826087,0.807,54.04541666666667,67.925
ZM-A2-0801,2001,1.031,488.0,503.1,ZM,-13.00672,22.74195,11.821,1.342,5,1464.968,17.116849315068492,28.56529589041096,22.256443835616437,20452552.819178082,4.7821561643835615,23.870852054794522,-0.768545205479452,0.5735116279069767,0.866,49.93783333333333,61.812
ZM-A2-0801,2002,0.658,307.0,202.0,ZM,-13.00672,22.74195,11.821,1.342,5,1183.416,17.139260273972603,28.73065479452055,22.37503287671233,20720969.928767122,4.8018,23.861295890410958,-1.5595643835616437,0.5567209302325581,0.763,49.109361111111106,59.787
ZM-A2-0801,2003,1.034,524.73,542.63,ZM,-13.00672,22.74195,11.821,1.342,5,1345.068,17.104550684931507,28.84291780821918,22.448780821917808,20907621.375342466,4.895243835616438,24.74610410958904,-1.2101260273972603,0.547906976744186,0.75,50.45736111111111,64.75
ZM-A2-0801,2004,1.424,642.43,915.005,ZM,-13.00672,22.74195,11.821,1.342,5,1311.389,16.960060109289618,28.63176229508197,22.299352459016394,20884158.032786883,4.869639344262295,24.257631147540984,-1.2866092896174863,0.564560975609756,0.778,50.16383333333333,65.07
ZM-A2-0801,2005,0.852,1148.0,978.37,ZM,-13.00672,22.74195,11.821,1.342,5,1094.125,17.235756164383563,29.31827123287671,22.771065753424658,21234705.010958903,4.988287671232876,25.636016438356165,-1.9906849315068493,0.5352093023255814,0.76,46.88488888888889,60.078
ZM-A2-0801,2006,1.101,804.0,885.0,ZM,-13.00672,22.74195,11.821,1.342,5,1274.36,16.965441095890412,28.465567123287673,22.186183561643837,20690103.832876712,4.815021917808219,23.53651506849315,-1.3236246575342465,0.5468205128205128,0.771,48.85180555555556,62.003
ZM-A2-0801,2007,0.739,1603.873,1185.257,ZM,-13.00672,22.74195,11.821,1.342,5,1463.285,16.883569863013697,28.738810958904107,22.27981095890411,20816909.624657534,4.865345205479453,24.369945205479453,-0.856345205479452,0.5537111111111112,0.725,47.993750000000006,62.695
ZM-A2-0801,2008,0.974,1943.0,1893.0,ZM,-13.00672,22.74195,11.821,1.342,5,1300.72,16.89915300546448,28.87962295081967,22.310707650273223,21170145.726775955,5.018300546448088,25.52344262295082,-1.4644207650273222,0.531452380952381,0.734,46.41788888888889,60.259
ZM-A2-0801,2009,1.191,2712.61,3231.981,ZM,-13.00672,22.74195,11.821,1.342,5,1242.181,17.092835616438357,28.783602739726025,22.348720547945206,20743758.216438357,4.867298630136987,24.533358904109587,-1.4640630136986303,0.541,0.767,46.79488888888889,60.044
ZM-A2-0801,2010,1.384,2799.893,3874.383,ZM,-13.00672,22.74195,11.821,1.342,5,1326.03,17.371471232876715,28.813964383561643,22.536857534246575,20777665.83561644,4.898186301369863,24.148657534246578,-1.265227397260274,0.5346590909090909,0.74,47.849805555555555,61.043
ZM-A2-0801,2011,1.512,2917.112,4412.022,ZM,-13.00672,22.74195,11.821,1.342,5,1397.012,16.801857534246576,28.612523287671234,22.086753424657534,20799048.534246575,4.812484931506849,23.978389041095888,-0.9850547945205478,0.5431162790697674,0.791,46.96416666666667,62.957
ZM-A2-0801,2012,1.904,1787.204,3403.428,ZM,-13.00672,22.74195,11.821,1.342,5,1267.12,16.870303278688525,28.828909836065574,22.270715846994538,20875120.262295082,4.883907103825137,24.775904371584698,-1.421830601092896,0.5341707317073171,0.731,47.20772222222222,60.364
ZM-A2-0801,2013,2.62,2067.28,5415.939,ZM,-13.00672,22.74195,11.821,1.342,5,1383.728,17.040972602739725,28.884873972602737,22.362175342465754,20860634.78082192,4.886134246575343,24.767994520547944,-1.0950986301369863,0.5167142857142857,0.715,45.19880555555555,59.682
ZM-A2-0801,2014,2.418,1886.751,4562.978,ZM,-13.00672,22.74195,11.821,1.342,5,1249.168,17.167035616438355,28.784879452054795,22.39962191780822,20732216.91780822,4.852687671232877,24.285227397260275,-1.430309589041096,0.5358888888888889,0.741,46.87716666666667,61.618
ZM-A2-0801,2015,2.531,1750.835,4431.228,ZM,-13.00672,22.74195,11.821,1.342,5,1227.657,17.27787671232877,28.9642,22.532049315068495,20983222.03287671,4.879673972602739,24.48538356164384,-1.5162301369863014,0.5591428571428572,0.755,48.24355555555556,62.912
ZM-A2-0801,2016,2.806,1953.298,5481.583,ZM,-13.00672,22.74195,11.821,1.342,5,1344.474,17.46333606557377,29.202095628415304,22.85527049180328,21062140.13114754,4.970967213114754,25.3689043715847,-1.2975409836065575,0.5309090909090909,0.766,46.035,60.684
ZM-A2-0801,2017,2.191,2319.841,5081.709,ZM,-13.00672,22.74195,11.821,1.342,5,1387.829,17.463663013698632,28.74950410958904,22.508558904109588,20557814.80821918,4.83438904109589,23.751487671232876,-1.0321178082191782,0.536093023255814,0.795,45.92733333333334,63.752
ZM-A2-0802,2001,1.434,157.585,225.928,ZM,-11.54194,24.23517,9.873,1.36,5,1413.403,15.428276712328767,27.21613698630137,20.475424657534244,19881019.230136987,4.471969863013698,22.00443287671233,-0.5996328767123287,0.5963488372093023,0.86,50.27325,71.324
ZM-A2-0802,2002,1.249,190.243,237.587,ZM,-11.54194,24.23517,9.873,1.36,5,1385.583,15.531378082191782,27.287520547945206,20.631454794520547,20005556.68219178,4.473879452054795,21.798720547945205,-0.6777616438356164,0.6168863636363636,0.815,54.01719444444444,73.064
ZM-A2-0802,2003,1.188,228.554,271.486,ZM,-11.54194,24.23517,9.873,1.36,5,1428.223,15.50279178082192,27.526320547945204,20.71549589041096,20390971.279452056,4.56973698630137,22.602479452054798,-0.6567972602739726,0.5992619047619048,0.809,52.69811111111111,70.153
ZM-A2-0802,2004,1.602,326.782,523.504,ZM,-11.54194,24.23517,9.873,1.36,5,1444.718,15.274784153005465,27.18744262295082,20.425120218579234,20083402.38251366,4.482502732240437,21.8018087431694,-0.5351857923497267,0.6071500000000001,0.839,53.01230555555556,71.297
ZM-A2-0802,2005,1.961,390.075,764.936,ZM,-11.54194,24.23517,9.873,1.36,5,1266.319,15.604534246575342,27.80056712328767,20.967224657534246,20602496.9369863,4.638950684931507,23.096961643835616,-1.1695835616438357,0.612108695652174,0.824,51.77463888888889,70.523
ZM-A2-0802,2006,2.522,479.235,1208.586,ZM,-11.54194,24.23517,9.873,1.36,5,1415.218,15.393419178082192,27.1932301369863,20.501019178082192,20008464.78082192,4.493405479452055,21.68090684931507,-0.6160958904109589,0.6144358974358974,0.816,53.39475,72.98
ZM-A2-0802,2007,1.387,310.141,430.259,ZM,-11.54194,24.23517,9.873,1.36,5,1573.933,15.41276712328767,27.246695890410958,20.52975616438356,20050816.452054795,4.50966301369863,21.925657534246575,-0.19751780821917805,0.6048181818181818,0.816,49.92908333333334,68.606
ZM-A2-0802,2008,1.765,244.153,430.94,ZM,-11.54194,24.23517,9.873,1.36,5,1354.854,15.310024590163934,27.543243169398906,20.652948087431696,20567493.084699452,4.683040983606557,23.476338797814208,-0.9812540983606558,0.5945116279069768,0.831,49.94186111111111,68.762
ZM-A2-0802,2009,1.634,450.685,736.505,ZM,-11.54194,24.23517,9.873,1.36,5,1439.446,15.371706849315068,27.265920547945203,20.533873972602738,20105433.057534248,4.521983561643835,21.947739726027397,-0.5782958904109589,0.6117560975609756,0.828,51.74275,70.934
ZM-A2-0802,2010,2.56,570.866,1461.46,ZM,-11.54194,24.23517,9.873,1.36,5,1483.631,15.61584383561644,27.47375890410959,20.766213698630136,20187764.33150685,4.588879452054795,22.23605205479452,-0.5241369863013698,0.6056190476190476,0.825,51.85863888888889,70.825
ZM-A2-0802,2011,2.843,447.573,1272.265,ZM,-11.54194,24.23517,9.873,1.36,5,1380.93,15.229180821917808,27.200580821917807,20.40126301369863,20210877.405479454,4.49112602739726,21.713342465753424,-0.7077561643835617,0.6196511627906977,0.82,52.98688888888889,72.915
ZM-A2-0802,2012,2.507,411.326,1031.28,ZM,-11.54194,24.23517,9.873,1.36,5,1309.298,15.339344262295082,27.336969945355193,20.523581967213115,20076801.765027322,4.499967213114754,22.157398907103826,-0.9226502732240437,0.6122619047619048,0.828,51.212666666666664,70.343
ZM-A2-0802,2013,2.603,592.467,1542.412,ZM,-11.54194,24.23517,9.873,1.36,5,1423.937,15.402989041095891,27.45079178082192,20.59530684931507,20269959.312328767,4.545430136986302,22.416391780821918,-0.6442328767123288,0.5890000000000001,0.831,51.33122222222222,71.659
ZM-A2-0802,2014,3.052,908.123,2771.881,ZM,-11.54194,24.23517,9.873,1.36,5,1434.655,15.615227397260274,27.39595616438356,20.695372602739724,20016250.934246574,4.5074219178082195,22.1557397260274,-0.5768602739726028,0.6161219512195122,0.815,52.05322222222222,70.345
ZM-A2-0802,2015,3.113,1118.846,3482.455,ZM,-11.54194,24.23517,9.873,1.36,5,1485.229,15.60859178082192,27.40124109589041,20.701802739726027,20145834.17808219,4.490235616438356,21.980671232876713,-0.42111506849315067,0.6126585365853658,0.805,52.367888888888885,68.898
ZM-A2-0802,2016,2.522,1171.264,2954.095,ZM,-11.54194,24.23517,9.873,1.36,5,1176.134,15.788393442622949,27.690210382513662,21.005005464480874,20419697.478142075,4.596213114754098,22.744311475409834,-1.3827322404371585,0.6194651162790697,0.855,51.51133333333333,70.036
ZM-A2-0802,2017,3.143,840.882,2643.203,ZM,-11.54194,24.23517,9.873,1.36,5,1401.728,15.771460273972602,27.312586301369862,20.714197260273973,20032174.547945205,4.511621917808219,21.57611780821918,-0.6712712328767123,0.610975,0.83,50.49155555555555,68.287
ZM-A2-0804,2001,0.967,3994.731,3861.378,ZM,-13.4272,25.85763,12.081,1.342,5,1360.041,15.968235616438356,27.550435616438357,21.036687671232876,20615225.08767123,4.720846575342465,22.49776712328767,-0.9947068493150685,0.6456136363636363,0.85,54.53827777777778,69.646
ZM-A2-0804,2002,1.087,3446.972,3747.195,ZM,-13.4272,25.85763,12.081,1.342,5,1130.66,16.169383561643834,27.833769863013696,21.339,20911556.698630136,4.841928767123288,23.196542465753424,-1.7442301369863014,0.6339782608695652,0.82,54.78202777777778,70.102
ZM-A2-0804,2003,1.752,3366.926,5898.649,ZM,-13.4272,25.85763,12.081,1.342,5,1197.66,16.102027397260272,27.760208219178082,21.247950684931507,21109645.04931507,4.873843835616438,23.272419178082195,-1.5925835616438357,0.6347608695652174,0.802,55.44613888888889,70.108
ZM-A2-0804,2004,2.093,1827.177,3824.976,ZM,-13.4272,25.85763,12.081,1.342,5,1215.705,15.764467213114754,27.340803278688526,20.89804644808743,20692570.609289616,4.709196721311476,22.110316939890712,-1.3875983606557376,0.6415,0.805,56.32244444444444,71.386
ZM-A2-0804,2005,1.092,3019.795,3297.117,ZM,-13.4272,25.85763,12.081,1.342,5,976.87,16.276252054794522,28.32224383561644,21.74153424657534,21496045.90410959,5.059832876712329,24.872742465753422,-2.3834767123287675,0.6192173913043478,0.807,53.95911111111111,71.558
ZM-A2-0804,2006,2.124,4089.543,8684.156,ZM,-13.4272,25.85763,12.081,1.342,5,1207.986,15.82364109589041,27.47630684931507,21.027416438356163,20657780.487671234,4.731717808219178,22.340827397260274,-1.4221671232876714,0.6525777777777778,0.834,55.60927777777778,70.535
ZM-A2-0804,2007,1.588,6699.67,10641.965,ZM,-13.4272,25.85763,12.081,1.342,5,1219.6109999999999,15.915731506849315,27.752221917808217,21.257602739726025,20785819.301369864,4.830657534246575,23.25498904109589,-1.4892575342465753,0.6464545454545454,0.8,53.679,69.419
ZM-A2-0804,2008,1.527,6259.775,9557.513,ZM,-13.4272,25.85763,12.081,1.342,5,1244.749,15.576278688524589,27.780005464480872,21.0175,21198827.50546448,4.952016393442623,24.188174863387978,-1.5510628415300545,0.6455000000000001,0.834,54.39508333333333,70.633
ZM-A2-0804,2009,2.001,7793.57,15593.87,ZM,-13.4272,25.85763,12.081,1.342,5,1389.762,15.73314794520548,27.528887671232876,20.95987123287671,20733745.852054793,4.7628876712328765,22.572923287671234,-0.9553205479452055,0.6493695652173913,0.839,55.836194444444445,71.361
ZM-A2-0804,2010,2.44,9586.553,23391.816,ZM,-13.4272,25.85763,12.081,1.342,5,1359.815,16.094613698630138,27.795199999999998,21.297591780821918,20682380.6,4.790252054794521,22.83318630136986,-1.064731506849315,0.6399111111111111,0.798,54.78205555555556,70.696
ZM-A2-0804,2011,2.944,10720.019,31558.727,ZM,-13.4272,25.85763,12.081,1.342,5,1317.096,15.67877808219178,27.63572054794521,20.994553424657532,20876025.564383563,4.73952602739726,22.729750684931506,-1.1310438356164385,0.6417826086956522,0.812,54.756,71.848
ZM-A2-0804,2012,3.329,10188.12,33920.15,ZM,-13.4272,25.85763,12.081,1.342,5,1303.988,15.858655737704918,27.779751366120216,21.187505464480875,20726827.603825137,4.768685792349727,23.28971857923497,-1.205877049180328,0.6375,0.822,53.82983333333333,69.456
ZM-A2-0804,2013,2.813,7935.057,22323.661,ZM,-13.4272,25.85763,12.081,1.342,5,1177.215,16.138701369863014,27.906183561643836,21.332131506849315,20904833.463013697,4.843238356164384,23.566027397260275,-1.6179917808219177,0.6379777777777778,0.842,53.59902777777778,71.654
ZM-A2-0804,2014,2.915,11124.042,32429.479,ZM,-13.4272,25.85763,12.081,1.342,5,1110.11,16.279816438356164,27.841572602739728,21.422624657534246,20726514.138356164,4.822575342465753,23.503600000000002,-1.7811780821917809,0.6432666666666667,0.819,54.85491666666667,70.15
ZM-A2-0804,2015,2.877,13795.825,39684.251,ZM,-13.4272,25.85763,12.081,1.342,5,1245.407,16.154030136986304,27.94421369863014,21.36681095890411,21057913.495890412,4.859712328767124,23.426756164383562,-1.4476383561643837,0.6337391304347826,0.812,54.23038888888889,71.769
ZM-A2-0804,2016,2.807,12535.171,35184.068,ZM,-13.4272,25.85763,12.081,1.342,5,1350.187,16.38701639344262,27.962084699453552,21.558524590163934,21001130.653005466,4.908002732240437,23.85785519125683,-1.218967213114754,0.6343111111111112,0.85,54.42477777777778,72.698
ZM-A2-0804,2017,2.179,13371.197,29129.391,ZM,-13.4272,25.85763,12.081,1.342,5,1349.764,16.164824657534247,27.41988767123288,21.087238356164384,20211298.20547945,4.665189041095891,21.999627397260273,-0.9672054794520547,0.6497045454545455,0.863,54.01091666666667,71.546
ZM-A2-0806,2001,0.788,993.269,783.072,ZM,-13.39637,24.92507,10.497,1.369,5,1289.699,16.5977397260274,28.358471232876713,21.782079452054795,20751857.94520548,4.795465753424658,23.951564383561642,-1.2620438356164383,0.63125,0.795,55.11944444444444,70.091
ZM-A2-0806,2002,1.242,1098.028,1363.805,ZM,-13.39637,24.92507,10.497,1.369,5,1050.39,16.786819178082194,28.642739726027397,22.100309589041096,21001276.167123288,4.889742465753425,24.601964383561647,-2.0119616438356163,0.6270434782608696,0.855,55.164361111111106,69.383
ZM-A2-0806,2003,1.624,1913.954,3108.321,ZM,-13.39637,24.92507,10.497,1.369,5,1037.33,16.747843835616436,28.66215616438356,22.091205479452054,21193733.961643837,4.951320547945206,25.042493150684933,-2.1093205479452055,0.6198260869565217,0.797,54.92022222222222,70.095
ZM-A2-0806,2004,1.961,2663.823,5224.663,ZM,-13.39637,24.92507,10.497,1.369,5,1192.263,16.40617213114754,28.23387431693989,21.745158469945356,20813066.44535519,4.788937158469945,23.78664754098361,-1.5313879781420763,0.6290217391304348,0.793,56.26163888888888,72.151
ZM-A2-0806,2005,1.158,4098.205,4744.373,ZM,-13.39637,24.92507,10.497,1.369,5,905.157,16.880772602739725,29.213608219178084,22.54248493150685,21576157.62739726,5.1097753424657535,26.519476712328768,-2.6298931506849312,0.6032173913043478,0.801,54.36033333333333,72.612
ZM-A2-0806,2006,1.837,5738.457,10541.844,ZM,-13.39637,24.92507,10.497,1.369,5,1119.308,16.462608219178083,28.263386301369863,21.783205479452054,20818181.90958904,4.807150684931506,23.660320547945204,-1.7405534246575343,0.6324444444444445,0.817,55.34294444444444,70.873
ZM-A2-0806,2007,1.695,5898.984,9997.467,ZM,-13.39637,24.92507,10.497,1.369,5,1250.943,16.509317808219176,28.549545205479454,21.984813698630138,20857394.435616437,4.876112328767123,24.64617808219178,-1.4488712328767122,0.6234222222222222,0.799,52.77247222222222,68.478
ZM-A2-0806,2008,1.154,4970.225,5737.487,ZM,-13.39637,24.92507,10.497,1.369,5,1188.178,16.321281420765025,28.678459016393443,21.889161202185793,21292519.904371586,5.032273224043715,25.903204918032788,-1.7858852459016394,0.6155434782608696,0.802,52.41572222222222,68.766
ZM-A2-0806,2009,1.54,8413.92,12955.6,ZM,-13.39637,24.92507,10.497,1.369,5,1288.898,16.434942465753423,28.455295890410962,21.83010410958904,20810890.383561645,4.845301369863014,24.37540821917808,-1.3140739726027397,0.6198478260869565,0.796,53.34758333333333,70.387
ZM-A2-0806,2010,1.553,9677.111,15026.64,ZM,-13.39637,24.92507,10.497,1.369,5,1343.129,16.78097808219178,28.661950684931504,22.127964383561643,20829873.70410959,4.889123287671233,24.432268493150687,-1.209317808219178,0.6166222222222223,0.805,53.370916666666666,70.015
ZM-A2-0806,2011,1.714,10054.83,17237.517,ZM,-13.39637,24.92507,10.497,1.369,5,1309.094,16.305956164383563,28.476394520547945,21.76632602739726,20964998.419178084,4.80613698630137,24.255709589041096,-1.2195780821917808,0.6195217391304348,0.826,52.44672222222223,69.869
ZM-A2-0806,2012,2.972,10345.197,30744.226,ZM,-13.39637,24.92507,10.497,1.369,5,1192.131,16.49594262295082,28.609715846994536,21.949918032786886,20916608.032786883,4.8445027322404375,24.799385245901643,-1.5873142076502733,0.6167333333333334,0.781,52.73775,69.087
ZM-A2-0806,2013,2.34,10464.676,24492.251,ZM,-13.39637,24.92507,10.497,1.369,5,1141.162,16.69192602739726,28.751556164383558,22.07623287671233,21029597.679452054,4.900553424657534,25.058268493150685,-1.7740821917808218,0.5995555555555556,0.81,50.96125,68.484
ZM-A2-0806,2014,2.427,10864.354,26372.001,ZM,-13.39637,24.92507,10.497,1.369,5,1192.31,16.82391506849315,28.601323287671235,22.097205479452054,20843166.969863012,4.85313698630137,24.60042191780822,-1.5865342465753425,0.6187826086956522,0.797,52.462,69.421
ZM-A2-0806,2015,2.676,10046.077,26884.635,ZM,-13.39637,24.92507,10.497,1.369,5,1290.814,16.77410136986301,28.768753424657532,22.141123287671235,21071169.750684932,4.904224657534247,24.926178082191782,-1.3677479452054795,0.5978043478260869,0.772,51.204277777777776,69.748
ZM-A2-0806,2016,2.82,10534.361,29705.886,ZM,-13.39637,24.92507,10.497,1.369,5,1224.357,17.021371584699455,28.87366666666667,22.41721857923497,21109913.521857925,4.974016393442623,25.52905737704918,-1.6287786885245903,0.6021590909090909,0.855,51.50263888888889,70.229
ZM-A2-0806,2017,2.101,12500.067,26265.269,ZM,-13.39637,24.92507,10.497,1.369,5,1296.007,16.846876712328765,28.324473972602743,21.916635616438356,20481538.62739726,4.777890410958904,23.60231232876712,-1.227186301369863,0.6242608695652174,0.836,51.38038888888889,69.235
ZM-A2-0808,2001,1.434,1666.415,2389.112,ZM,-11.86823,24.55383,10.023,1.359,5,1375.624,15.337898630136985,27.505769863013697,20.619630136986302,20218022.638356164,4.429465753424658,22.435627397260273,-0.6606328767123287,0.655,0.847,53.26175,72.469
ZM-A2-0808,2002,1.249,2011.757,2512.413,ZM,-11.86823,24.55383,10.023,1.359,5,1230.889,15.43038904109589,27.595498630136987,20.791476712328766,20355901.531506848,4.4444,22.311550684931508,-1.0721013698630137,0.6727727272727273,0.828,57.336194444444445,74.107
ZM-A2-0808,2003,1.188,2416.886,2870.884,ZM,-11.86823,24.55383,10.023,1.359,5,1275.701,15.409002739726027,27.79901095890411,20.86331780821918,20678873.257534247,4.5246,23.116323287671236,-1.0295287671232878,0.6558478260869566,0.823,55.359944444444444,72.744
ZM-A2-0808,2004,1.602,3455.618,5535.887,ZM,-11.86823,24.55383,10.023,1.359,5,1348.862,15.187251366120218,27.40981693989071,20.57588524590164,20335765.734972678,4.427177595628415,22.11805191256831,-0.7417622950819672,0.6739777777777778,0.85,56.74197222222222,72.664
ZM-A2-0808,2005,1.961,4124.925,8088.954,ZM,-11.86823,24.55383,10.023,1.359,5,1163.873,15.507597260273974,28.1197698630137,21.155167123287672,20925427.660273973,4.6016520547945206,23.762479452054794,-1.4129589041095891,0.6589130434782609,0.841,55.05258333333333,73.525
ZM-A2-0808,2006,2.522,5067.765,12780.414,ZM,-11.86823,24.55383,10.023,1.359,5,1334.971,15.267668493150683,27.423476712328767,20.614627397260275,20271827.221917808,4.428101369863014,22.002638356164383,-0.7706465753424657,0.6663260869565217,0.818,55.8975,72.096
ZM-A2-0808,2007,1.387,3279.644,4549.849,ZM,-11.86823,24.55383,10.023,1.359,5,1471.8,15.300134246575343,27.540180821917808,20.699501369863015,20369927.550684933,4.459457534246575,22.391175342465754,-0.4271287671232876,0.6607333333333334,0.818,52.66427777777778,71.487
ZM-A2-0808,2008,1.765,2581.847,4557.06,ZM,-11.86823,24.55383,10.023,1.359,5,1284.514,15.151153005464481,27.813784153005464,20.76963661202186,20815602.035519127,4.6168524590163935,23.952352459016392,-1.1072513661202186,0.6403111111111112,0.817,52.86680555555555,70.952
ZM-A2-0808,2009,1.634,4765.855,7788.31,ZM,-11.86823,24.55383,10.023,1.359,5,1397.436,15.227586301369865,27.507964383561642,20.6325397260274,20342689.252054796,4.444991780821918,22.31306575342466,-0.6164,0.6595869565217392,0.824,54.998666666666665,73.094
ZM-A2-0808,2010,2.56,6036.725,15454.485,ZM,-11.86823,24.55383,10.023,1.359,5,1384.211,15.473306849315067,27.704964383561645,20.854369863013698,20419354.78082192,4.505802739726027,22.516641095890414,-0.7134438356164383,0.6562444444444444,0.824,54.93775,74.014
ZM-A2-0808,2011,2.843,4732.942,13453.803,ZM,-11.86823,24.55383,10.023,1.359,5,1297.29,15.083906849315069,27.460334246575346,20.521109589041096,20479327.156164385,4.423298630136986,22.054594520547944,-0.8690794520547945,0.6638260869565218,0.85,54.71180555555556,74.224
ZM-A2-0808,2012,3.295,5732.195,18885.136,ZM,-11.86823,24.55383,10.023,1.359,5,1230.401,15.211032786885246,27.612308743169397,20.666789617486337,20350385.964480873,4.438062841530054,22.57881693989071,-1.0763114754098362,0.6571555555555555,0.831,55.027055555555556,73.488
ZM-A2-0808,2013,3.464,7311.658,25327.612,ZM,-11.86823,24.55383,10.023,1.359,5,1338.284,15.293260273972603,27.696961643835614,20.714917808219177,20540317.487671234,4.4801534246575345,22.741786301369864,-0.8136219178082191,0.6427045454545455,0.831,53.68244444444444,73.082
ZM-A2-0808,2014,3.717,6271.311,23309.648,ZM,-11.86823,24.55383,10.023,1.359,5,1354.217,15.515358904109588,27.644923287671237,20.826295890410957,20270506.778082192,4.448183561643836,22.528767123287672,-0.738,0.6615777777777778,0.827,54.531194444444445,72.19
ZM-A2-0808,2015,3.272,9384.898,30702.775,ZM,-11.86823,24.55383,10.023,1.359,5,1358.981,15.49267397260274,27.699342465753425,20.84051506849315,20450706.83561644,4.45212602739726,22.49871506849315,-0.7288904109589042,0.6562,0.831,54.175777777777775,73.088
ZM-A2-0808,2016,3.609,8639.084,31181.728,ZM,-11.86823,24.55383,10.023,1.359,5,1174.641,15.687655737704917,27.956874316939892,21.14022131147541,20665132.087431695,4.544617486338797,23.28053825136612,-1.3352158469945357,0.6528837209302326,0.855,54.467777777777776,72.401
ZM-A2-0808,2017,3.261,7094.14,23136.381,ZM,-11.86823,24.55383,10.023,1.359,5,1328.328,15.626271232876713,27.465791780821917,20.762454794520547,20152018.465753425,4.4188246575342465,21.731098630136984,-0.7795698630136987,0.6716666666666667,0.858,53.486999999999995,72.55
ZM-A2-0810,2001,1.019,6238.0,6354.09,ZM,-12.12435,26.49395,10.702,1.339,5,1420.644,15.383857534246577,27.268076712328767,20.6844301369863,20767921.85753425,4.604632876712329,21.987134246575344,-0.7124575342465752,0.6130222222222221,0.86,49.882305555555554,69.851
ZM-A2-0810,2002,1.039,6301.0,6544.0,ZM,-12.12435,26.49395,10.702,1.339,5,1255.436,15.533356164383562,27.358364383561643,20.868,20789880.87671233,4.638260273972603,22.04312602739726,-1.198709589041096,0.6065217391304347,0.843,51.15905555555556,70.701
ZM-A2-0810,2003,1.597,9695.0,15484.0,ZM,-12.12435,26.49395,10.702,1.339,5,1295.959,15.482120547945206,27.47276712328767,20.86646575342466,21157386.364383563,4.712816438356165,22.56687123287671,-1.1622438356164384,0.6010217391304348,0.806,51.67372222222222,71.833
ZM-A2-0810,2004,1.442,13117.56,18915.875,ZM,-12.12435,26.49395,10.702,1.339,5,1283.484,15.25684699453552,27.096204918032786,20.594926229508197,20674732.043715846,4.575371584699454,21.562079234972675,-1.068584699453552,0.609804347826087,0.815,51.849111111111114,72.068
ZM-A2-0810,2005,1.021,14122.0,14415.87,ZM,-12.12435,26.49395,10.702,1.339,5,1032.087,15.706679452054795,27.899490410958904,21.347986301369865,21498713.589041095,4.863717808219178,23.763309589041096,-2.036082191780822,0.5970652173913044,0.824,50.705305555555555,74.109
ZM-A2-0810,2006,1.381,14785.0,20414.0,ZM,-12.12435,26.49395,10.702,1.339,5,1262.964,15.315175342465754,27.09264383561644,20.67892602739726,20733908.249315068,4.578002739726028,21.321871232876713,-1.117827397260274,0.6142173913043478,0.827,52.50394444444444,74.427
ZM-A2-0810,2007,1.329,25109.797,33365.082,ZM,-12.12435,26.49395,10.702,1.339,5,1416.235,15.47682191780822,27.44595616438356,20.959780821917807,20823724.684931505,4.680416438356165,22.457808219178084,-0.8003205479452056,0.6015217391304348,0.857,50.21702777777778,74.066
ZM-A2-0810,2008,1.899,14115.0,26809.0,ZM,-12.12435,26.49395,10.702,1.339,5,1252.015,15.113756830601094,27.403177595628417,20.736040983606557,21133698.584699452,4.779368852459016,23.279256830601096,-1.3585628415300546,0.5978043478260869,0.816,50.48347222222222,73.424
ZM-A2-0810,2009,1.955,22766.99,44500.25,ZM,-12.12435,26.49395,10.702,1.339,5,1355.818,15.213123287671232,27.19109315068493,20.6352301369863,20766557.11780822,4.601901369863014,21.813986301369862,-0.887331506849315,0.6064347826086957,0.8,52.09227777777778,73.137
ZM-A2-0810,2010,1.938,23535.534,45616.316,ZM,-12.12435,26.49395,10.702,1.339,5,1340.236,15.54107397260274,27.509641095890412,21.00138904109589,20878360.846575342,4.685783561643835,22.32296164383562,-1.013904109589041,0.6002222222222222,0.826,50.873694444444446,73.338
ZM-A2-0810,2011,1.711,25391.58,43445.792,ZM,-12.12435,26.49395,10.702,1.339,5,1273.506,15.078526027397261,27.15323287671233,20.55099726027397,20909439.010958903,4.552142465753424,21.459084931506847,-1.0630849315068494,0.6075869565217392,0.822,50.557944444444445,73.996
ZM-A2-0810,2012,1.651,22231.579,36702.38,ZM,-12.12435,26.49395,10.702,1.339,5,1270.655,15.286032786885245,27.361612021857926,20.804666666666666,20740432.5,4.589945355191257,22.203543715846994,-1.1182103825136611,0.5896739130434783,0.825,49.95386111111111,71.751
ZM-A2-0810,2013,1.557,18109.347,28192.641,ZM,-12.12435,26.49395,10.702,1.339,5,1262.185,15.471556164383562,27.400624657534244,20.832068493150686,20958381.279452056,4.64714794520548,22.31457808219178,-1.1891068493150685,0.5894,0.798,50.100972222222225,73.112
ZM-A2-0810,2014,1.689,23244.806,39259.195,ZM,-12.12435,26.49395,10.702,1.339,5,1248.271,15.653246575342466,27.397805479452057,20.961038356164384,20753391.783561643,4.644227397260274,22.410490410958904,-1.2243068493150686,0.6002826086956522,0.812,50.18186111111111,70.957
ZM-A2-0810,2015,1.962,20400.29,40016.446,ZM,-12.12435,26.49395,10.702,1.339,5,1378.292,15.556350684931507,27.376156164383563,20.842082191780822,20890235.715068493,4.626512328767123,21.962413698630137,-0.8503698630136987,0.5906739130434783,0.844,50.07647222222222,72.636
ZM-A2-0810,2016,1.498,21982.376,32932.73,ZM,-12.12435,26.49395,10.702,1.339,5,1297.457,15.727071038251367,27.54736338797814,21.102357923497266,21132523.13661202,4.716655737704918,22.69953005464481,-1.171691256830601,0.5906222222222222,0.843,49.849944444444446,73.418
ZM-A2-0810,2017,1.196,24288.618,29057.015,ZM,-12.12435,26.49395,10.702,1.339,5,1381.979,15.579013698630137,26.935183561643836,20.641723287671233,20253067.06027397,4.469408219178082,20.671575342465754,-0.6831643835616439,0.6265869565217391,0.826,51.57680555555555,71.473
ZM-A2-0811,2001,0.868,1738.0,1507.95,ZM,-13.6822,23.25296,12.662,1.414,6,1309.306,16.96041095890411,28.695857534246574,22.242972602739727,20669219.41369863,4.798684931506849,24.376709589041095,-1.211545205479452,0.6203333333333333,0.78,54.50322222222222,66.894
ZM-A2-0811,2002,0.886,1918.0,1700.0,ZM,-13.6822,23.25296,12.662,1.414,6,1090.938,17.059197260273972,28.943224657534248,22.485709589041093,20963518.002739727,4.855010958904109,24.703098630136985,-1.866139726027397,0.6039347826086956,0.754,53.36388888888889,66.287
ZM-A2-0811,2003,0.759,2210.93,1677.98,ZM,-13.6822,23.25296,12.662,1.414,6,1171.901,17.07976712328767,29.065720547945205,22.561871232876715,21148915.671232875,4.958112328767124,25.616090410958904,-1.7474246575342465,0.6162608695652174,0.779,54.37313888888889,67.04
ZM-A2-0811,2004,1.471,1877.13,2760.975,ZM,-13.6822,23.25296,12.662,1.414,6,1227.973,16.83494535519126,28.745046448087432,22.315286885245904,20988520.918032788,4.870316939890711,24.752,-1.5151994535519124,0.6274347826086956,0.804,55.07783333333333,66.185
ZM-A2-0811,2005,1.409,1738.0,2448.0,ZM,-13.6822,23.25296,12.662,1.414,6,957.633,17.157928767123288,29.559147945205478,22.905843835616437,21547040.221917808,5.054194520547945,26.648402739726027,-2.4305424657534247,0.5815,0.761,50.923750000000005,66.842
ZM-A2-0811,2006,0.908,2799.0,2541.0,ZM,-13.6822,23.25296,12.662,1.414,6,1201.778,16.839876712328767,28.60510136986301,22.19729315068493,20907184.120547947,4.830142465753425,24.0482,-1.5376,0.622,0.797,54.86655555555555,68.261
ZM-A2-0811,2007,0.561,3865.405,2166.583,ZM,-13.6822,23.25296,12.662,1.414,6,1278.886,16.72663287671233,28.853016438356168,22.322024657534246,20961297.75890411,4.8735260273972605,24.937465753424654,-1.3697287671232878,0.6211086956521739,0.755,53.60966666666667,66.396
ZM-A2-0811,2008,0.998,3910.0,3904.0,ZM,-13.6822,23.25296,12.662,1.414,6,1191.821,16.758693989071038,29.050647540983608,22.3493087431694,21263461.42896175,5.022418032786885,26.268513661202185,-1.7660765027322405,0.614,0.783,52.527944444444444,66.429
ZM-A2-0811,2009,1.019,4791.73,4881.59,ZM,-13.6822,23.25296,12.662,1.414,6,1213.604,16.91498082191781,28.950986301369866,22.393175342465753,20883152.61369863,4.891117808219178,25.255224657534246,-1.5661753424657534,0.6149130434782609,0.804,52.397083333333335,64.091
ZM-A2-0811,2010,1.319,5796.11,7642.937,ZM,-13.6822,23.25296,12.662,1.414,6,1358.807,17.275879452054795,28.99543287671233,22.63063287671233,20876971.284931507,4.908580821917808,24.801487671232877,-1.1858219178082192,0.6138478260869565,0.786,53.85041666666667,65.447
ZM-A2-0811,2011,1.82,7920.071,14418.266,ZM,-13.6822,23.25296,12.662,1.414,6,1358.778,16.659142465753426,28.812246575342463,22.1750301369863,20953099.04109589,4.819589041095891,24.670569863013696,-1.096909589041096,0.6129347826086956,0.795,52.560138888888886,67.281
ZM-A2-0811,2012,1.749,4163.424,7283.776,ZM,-13.6822,23.25296,12.662,1.414,6,1266.479,16.798349726775957,29.00410928961749,22.34844262295082,20965696.426229507,4.886825136612022,25.454827868852462,-1.4264999999999999,0.6092826086956522,0.865,52.246944444444445,66.599
ZM-A2-0811,2013,1.877,5399.193,10131.991,ZM,-13.6822,23.25296,12.662,1.414,6,1305.845,16.952920547945205,29.15488219178082,22.494835616438355,21062163.189041097,4.917309589041096,25.66787123287671,-1.3396520547945205,0.5996888888888889,0.826,52.199777777777776,67.028
ZM-A2-0811,2014,2.12,5598.533,11869.872,ZM,-13.6822,23.25296,12.662,1.414,6,1194.483,17.126397260273972,28.976068493150684,22.536904109589038,20893996.14520548,4.864619178082192,25.020208219178084,-1.59206301369863,0.6188478260869565,0.792,52.358444444444444,66.138
ZM-A2-0811,2015,2.087,6949.608,14506.996,ZM,-13.6822,23.25296,12.662,1.414,6,1218.474,17.154120547945205,29.187813698630137,22.622408219178084,21214214.397260275,4.925756164383562,25.41114246575342,-1.5874712328767124,0.614,0.801,52.61316666666667,66.772
ZM-A2-0811,2016,1.725,6945.723,11983.406,ZM,-13.6822,23.25296,12.662,1.414,6,1271.513,17.43263661202186,29.379773224043713,22.939808743169397,21229372.6284153,5.010579234972678,26.23598087431694,-1.5365000000000002,0.5892888888888889,0.798,51.1945,65.405
ZM-A2-0811,2017,1.49,6649.535,9910.836,ZM,-13.6822,23.25296,12.662,1.414,6,1369.185,17.334227397260275,28.848241095890412,22.505534246575344,20557744.82739726,4.829315068493151,24.358882191780822,-1.0781232876712328,0.6227391304347826,0.815,52.01386111111111,65.486
ZM-A2-0814,2001,1.073,3027.0,3246.48,ZM,-13.44935,24.27238,13.904,1.359,2,1351.564,16.671635616438355,28.751898630136985,21.98405205479452,20597342.9369863,4.799032876712329,24.774646575342462,-1.0961178082191783,0.6227391304347826,0.815,55.61147222222222,70.667
ZM-A2-0814,2002,1.115,2915.0,3251.0,ZM,-13.44935,24.27238,13.904,1.359,2,1070.342,16.854783561643835,29.053731506849314,22.317449315068494,20888136.94520548,4.8854712328767125,25.373520547945205,-1.953027397260274,0.6205333333333333,0.852,55.575722222222225,69.889
ZM-A2-0814,2003,1.371,2378.67,3260.28,ZM,-13.44935,24.27238,13.904,1.359,2,1111.187,16.83182191780822,29.110575342465754,22.356120547945206,21058173.473972604,4.966561643835616,25.9936301369863,-1.9222136986301368,0.6091086956521738,0.771,54.42933333333333,70.767
ZM-A2-0814,2004,2.016,5000.59,10082.341,ZM,-13.44935,24.27238,13.904,1.359,2,1214.791,16.533232240437158,28.725663934426233,22.056311475409835,20772459.99453552,4.829475409836065,24.917737704918032,-1.5103743169398909,0.6132444444444445,0.802,55.27869444444444,70.055
ZM-A2-0814,2005,0.959,6335.0,6076.46,ZM,-13.44935,24.27238,13.904,1.359,2,933.487,16.942123287671233,29.62788219178082,22.740131506849313,21439466.84931507,5.0943068493150685,27.324476712328764,-2.536808219178082,0.581195652173913,0.796,52.61291666666667,71.2
ZM-A2-0814,2006,1.704,8751.0,14916.0,ZM,-13.44935,24.27238,13.904,1.359,2,1212.676,16.562405479452057,28.685687671232877,22.0194,20758779.761643834,4.8240630136986296,24.474621917808218,-1.50166301369863,0.6249555555555556,0.865,54.91488888888889,71.525
ZM-A2-0814,2007,0.991,8501.63,8428.479,ZM,-13.44935,24.27238,13.904,1.359,2,1367.014,16.528498630136987,28.91686575342466,22.13352328767123,20780471.561643835,4.868457534246575,25.308632876712327,-1.123213698630137,0.615111111111111,0.794,52.75544444444444,67.459
ZM-A2-0814,2008,1.081,7099.0,7672.0,ZM,-13.44935,24.27238,13.904,1.359,2,1205.249,16.458918032786887,29.106773224043714,22.129273224043718,21188514.734972678,5.042229508196721,26.740456284153005,-1.7491994535519126,0.6036304347826087,0.837,51.97130555555556,68.126
ZM-A2-0814,2009,1.099,8297.24,9116.246,ZM,-13.44935,24.27238,13.904,1.359,2,1348.905,16.598717808219178,28.931846575342465,22.128720547945207,20705261.22739726,4.878465753424658,25.44269315068493,-1.1828356164383562,0.5972826086956522,0.768,51.48758333333333,68.244
ZM-A2-0814,2010,2.046,8197.057,16768.833,ZM,-13.44935,24.27238,13.904,1.359,2,1461.746,16.900394520547945,29.079884931506847,22.376619178082194,20763891.652054794,4.9125424657534245,25.27552602739726,-0.907758904109589,0.5954444444444444,0.772,52.92855555555556,68.776
ZM-A2-0814,2011,2.313,10819.381,25021.407,ZM,-13.44935,24.27238,13.904,1.359,2,1393.9370000000001,16.403224657534246,28.865936986301367,21.96865479452055,20831234.873972602,4.810493150684931,25.026846575342464,-0.9914876712328768,0.6073478260869565,0.784,52.66188888888889,69.341
ZM-A2-0814,2012,2.552,9445.871,24106.499,ZM,-13.44935,24.27238,13.904,1.359,2,1207.725,16.587699453551913,29.008243169398906,22.154532786885248,20793878.707650274,4.859172131147541,25.647524590163936,-1.5593770491803278,0.5913555555555555,0.838,51.96366666666667,68.467
ZM-A2-0814,2013,2.063,7318.676,15100.863,ZM,-13.44935,24.27238,13.904,1.359,2,1190.684,16.748671232876713,29.16326575342466,22.27933698630137,20954477.252054796,4.911578082191781,25.895320547945204,-1.6494301369863014,0.5844666666666666,0.825,50.39138888888888,68.463
ZM-A2-0814,2014,2.467,8226.185,20291.28,ZM,-13.44935,24.27238,13.904,1.359,2,1288.028,16.878983561643835,28.95822465753425,22.29205205479452,20743973.010958903,4.847564383561644,25.203024657534243,-1.3187205479452055,0.6110652173913044,0.825,52.02536111111111,68.081
ZM-A2-0814,2015,2.896,10262.659,29722.43,ZM,-13.44935,24.27238,13.904,1.359,2,1310.481,16.88655616438356,29.230224657534244,22.40346575342466,20973048.8,4.917424657534246,25.87473698630137,-1.3270657534246575,0.6033999999999999,0.786,51.80138888888889,69.313
ZM-A2-0814,2016,3.136,9474.117,29707.517,ZM,-13.44935,24.27238,13.904,1.359,2,1297.597,17.137232240437157,29.41049180327869,22.73698360655738,21069442.284153007,5.013486338797814,26.705978142076503,-1.4681393442622952,0.5845,0.807,50.31055555555556,69.001
ZM-A2-0814,2017,2.579,10971.299,28289.849,ZM,-13.44935,24.27238,13.904,1.359,2,1365.191,17.014389041095892,28.80728219178082,22.201797260273974,20458010.624657534,4.825580821917808,24.57505479452055,-1.085331506849315,0.6029333333333333,0.828,50.14330555555555,66.902
ZM-A2-0902,2001,2.109,23103.0,48716.7,ZM,-16.55623,26.9877,11.778,1.444,5,1037.504,15.376128767123289,25.90487397260274,20.176326027397263,20411246.210958906,4.4912246575342465,19.16627397260274,-1.6487479452054794,0.5258,0.752,44.903166666666664,60.956
ZM-A2-0902,2002,0.64,27426.0,17543.0,ZM,-16.55623,26.9877,11.778,1.444,5,632.265,15.512156164383562,26.47113698630137,20.59826575342466,21248374.82739726,4.773961643835617,20.652794520547946,-3.0417287671232875,0.4396739130434783,0.732,39.90947222222222,64.298
ZM-A2-0902,2003,0.955,25749.38,24597.2,ZM,-16.55623,26.9877,11.778,1.444,5,1053.139,15.478934246575342,26.156608219178082,20.41597808219178,20811589.3630137,4.651249315068493,20.29649315068493,-1.7659369863013699,0.4662826086956522,0.717,42.78538888888889,63.98
ZM-A2-0902,2004,1.748,25094.254,43873.082,ZM,-16.55623,26.9877,11.778,1.444,5,1050.383,15.261953551912569,25.686554644808744,19.998647540983608,20201470.211748634,4.452838797814207,18.82653825136612,-1.5829398907103824,0.4755227272727273,0.719,43.97372222222222,63.949
ZM-A2-0902,2005,0.744,37623.0,27996.89,ZM,-16.55623,26.9877,11.778,1.444,5,846.923,15.59131506849315,26.605413698630137,20.73638082191781,21186661.389041096,4.830235616438356,21.356690410958905,-2.5098986301369863,0.4247391304347826,0.714,38.413333333333334,62.405
ZM-A2-0902,2006,1.699,27867.0,47350.0,ZM,-16.55623,26.9877,11.778,1.444,5,959.605,15.464430136986302,25.717780821917806,20.13838904109589,20172884.531506848,4.45433698630137,18.76212602739726,-1.8252821917808217,0.48368888888888883,0.78,43.922694444444446,66.014
ZM-A2-0902,2007,2.313,22458.61,51949.873,ZM,-16.55623,26.9877,11.778,1.444,5,1360.341,15.327542465753424,25.792153424657535,20.150553424657534,20273421.783561643,4.460093150684932,19.02113698630137,-0.7331315068493152,0.4811818181818182,0.73,43.14972222222222,65.855
ZM-A2-0902,2008,0.52,26763.0,13913.0,ZM,-16.55623,26.9877,11.778,1.444,5,1123.221,14.94064480874317,25.924442622950817,19.919352459016395,20470547.942622952,4.549598360655738,20.064060109289617,-1.480688524590164,0.4667857142857143,0.75,42.66138888888889,62.952
ZM-A2-0902,2009,1.705,27809.71,47413.053,ZM,-16.55623,26.9877,11.778,1.444,5,1026.217,15.031364383561645,25.58432602739726,19.816457534246574,20378110.038356163,4.395054794520548,18.216649315068494,-1.5835013698630136,0.49802173913043474,0.76,44.44708333333333,64.564
ZM-A2-0902,2010,1.748,34937.292,61053.154,ZM,-16.55623,26.9877,11.778,1.444,5,1232.653,15.727400000000001,26.03484931506849,20.43411780821918,19945491.034246575,4.413709589041096,18.677342465753426,-1.0365780821917807,0.4916888888888889,0.733,44.049305555555556,61.596
ZM-A2-0902,2011,2.636,38043.185,100268.019,ZM,-16.55623,26.9877,11.778,1.444,5,990.9449999999999,15.18827397260274,26.088372602739724,20.189235616438356,20628329.432876714,4.483991780821918,19.538805479452055,-1.7690739726027398,0.4837826086956522,0.762,42.71963888888889,64.858
ZM-A2-0902,2012,2.142,51431.416,110156.189,ZM,-16.55623,26.9877,11.778,1.444,5,980.155,15.458551912568305,26.384497267759563,20.487229508196723,20656438.93852459,4.60744262295082,20.486161202185794,-1.9294234972677595,0.4726521739130435,0.727,42.54911111111111,66.468
ZM-A2-0902,2013,1.746,50457.087,88100.378,ZM,-16.55623,26.9877,11.778,1.444,5,972.49,15.568950684931508,26.486967123287673,20.62468219178082,20713515.531506848,4.627038356164383,20.59817534246575,-1.962682191780822,0.4441777777777778,0.695,40.63988888888889,65.129
ZM-A2-0902,2014,2.095,45114.74,94530.393,ZM,-16.55623,26.9877,11.778,1.444,5,938.457,15.792115068493151,26.36025753424658,20.677142465753427,20519726.701369863,4.655334246575343,20.406624657534245,-2.0842191780821917,0.4423695652173913,0.728,39.708194444444445,63.41
ZM-A2-0902,2015,1.507,49487.117,74564.299,ZM,-16.55623,26.9877,11.778,1.444,5,820.754,15.391276712328766,26.817967123287673,20.771479452054795,21307129.221917808,4.769054794520548,21.433191780821918,-2.520413698630137,0.4612826086956522,0.692,42.099111111111114,64.471
ZM-A2-0902,2016,1.697,42604.089,72290.973,ZM,-16.55623,26.9877,11.778,1.444,5,1049.796,15.868513661202186,26.6506912568306,20.947196721311474,20782792.1284153,4.741532786885246,21.012953551912567,-1.8732377049180329,0.4391555555555556,0.722,40.188944444444445,62.081
ZM-A2-0902,2017,1.928,43274.891,83414.578,ZM,-16.55623,26.9877,11.778,1.444,5,1292.179,15.492879452054794,25.744150684931505,20.20544383561644,19667725.324657533,4.338515068493151,18.541605479452056,-0.7982986301369863,0.4916888888888889,0.842,43.12916666666667,66.153
ZM-A2-0903,2001,1.384,2365.0,3273.57,ZM,-16.54899,27.85142,10.958,1.541,5,1385.131,18.246676712328767,28.127465753424655,22.913334246575342,20665283.79452055,4.5940301369863015,21.553978082191783,-0.7991506849315069,0.5351363636363636,0.821,45.71536111111111,64.278
ZM-A2-0903,2002,0.035,2515.0,88.0,ZM,-16.54899,27.85142,10.958,1.541,5,789.972,18.39391780821918,28.657542465753426,23.268383561643834,21529299.273972604,4.832619178082192,22.83933424657534,-2.668312328767123,0.45467391304347826,0.761,39.609944444444444,57.446
ZM-A2-0903,2003,0.514,3107.16,1595.98,ZM,-16.54899,27.85142,10.958,1.541,5,1169.7,18.28059178082192,28.41694794520548,23.115172602739726,21074889.815068495,4.734830136986301,22.715347945205483,-1.5301726027397262,0.5035999999999999,0.758,43.178444444444445,61.402
ZM-A2-0903,2004,1.551,2236.23,3468.433,ZM,-16.54899,27.85142,10.958,1.541,5,1382.849,18.10494262295082,27.828543715846994,22.669349726775955,20406874.308743168,4.513161202185793,20.822986338797815,-0.7348852459016394,0.4919111111111111,0.703,42.29741666666666,62.004
ZM-A2-0903,2005,0.39,1873.0,729.89,ZM,-16.54899,27.85142,10.958,1.541,5,963.105,18.64341095890411,29.170635616438354,23.703421917808218,21425687.550684933,4.900528767123288,24.537717808219178,-2.261884931506849,0.4472826086956522,0.737,38.8755,58.332
ZM-A2-0903,2006,0.954,3002.0,2865.0,ZM,-16.54899,27.85142,10.958,1.541,5,1224.456,18.307112328767122,28.037317808219175,22.889068493150685,20445278.04657534,4.544216438356164,21.234449315068492,-1.1895424657534246,0.5167391304347826,0.762,44.74769444444444,65.025
ZM-A2-0903,2007,0.978,3065.671,2997.837,ZM,-16.54899,27.85142,10.958,1.541,5,1615.402,18.1840301369863,28.02882191780822,22.826832876712327,20406054.65479452,4.524871232876713,21.264594520547945,-0.09911232876712334,0.5176222222222222,0.752,43.16458333333333,62.703
ZM-A2-0903,2008,0.429,3890.0,1667.0,ZM,-16.54899,27.85142,10.958,1.541,5,1248.105,17.85568306010929,28.14965300546448,22.666762295081966,20764719.237704918,4.622969945355192,22.483325136612024,-1.2128469945355191,0.5001363636363636,0.78,42.437194444444444,62.742
ZM-A2-0903,2009,1.008,4561.39,4599.225,ZM,-16.54899,27.85142,10.958,1.541,5,1314.21,17.90365205479452,27.6550602739726,22.49153698630137,20529246.84931507,4.4640657534246575,20.15909315068493,-0.8634904109589042,0.5339111111111111,0.721,45.30466666666667,63.51
ZM-A2-0903,2010,1.181,4039.799,4772.983,ZM,-16.54899,27.85142,10.958,1.541,5,1533.722,18.56406301369863,28.331501369863012,23.18766301369863,20196825.238356166,4.514367123287671,21.19465205479452,-0.3123890410958904,0.5097499999999999,0.712,43.66730555555555,61.92
ZM-A2-0903,2011,1.282,5314.264,6813.529,ZM,-16.54899,27.85142,10.958,1.541,5,1229.361,18.00135890410959,28.345958904109587,22.898419178082193,20903529.24657534,4.59012602739726,22.032780821917807,-1.222013698630137,0.5045869565217391,0.769,42.782833333333336,64.089
ZM-A2-0903,2012,1.477,5892.213,8703.623,ZM,-16.54899,27.85142,10.958,1.541,5,1159.176,18.212964480874316,28.47509836065574,23.05749726775956,20953194.352459017,4.670158469945355,22.48184426229508,-1.5030109289617486,0.5019782608695652,0.776,42.821555555555555,64.406
ZM-A2-0903,2013,1.205,8597.685,10360.284,ZM,-16.54899,27.85142,10.958,1.541,5,1166.087,18.352701369863013,28.636561643835616,23.23450410958904,20975213.761643834,4.705035616438356,22.86743835616438,-1.510276712328767,0.47123255813953485,0.729,41.17005555555556,63.743
ZM-A2-0903,2014,1.894,8259.147,15643.842,ZM,-16.54899,27.85142,10.958,1.541,5,1144.74,18.54635890410959,28.589317808219178,23.312583561643837,20830631.468493152,4.722728767123288,22.759873972602737,-1.586454794520548,0.47708695652173916,0.785,40.45569444444445,64.699
ZM-A2-0903,2015,1.44,9927.13,14296.926,ZM,-16.54899,27.85142,10.958,1.541,5,923.104,18.36034520547945,29.087394520547942,23.509164383561643,21478255.701369863,4.8493150684931505,24.027389041095887,-2.32026301369863,0.4895434782608695,0.734,41.10466666666667,63.435
ZM-A2-0903,2016,1.948,7030.654,13694.113,ZM,-16.54899,27.85142,10.958,1.541,5,1314.586,18.729718579234973,29.108937158469942,23.76265300546448,21045578.63797814,4.815838797814208,23.93874043715847,-1.2240737704918034,0.47628260869565214,0.749,40.68244444444444,63.9
ZM-A2-0903,2017,1.905,9313.79,17739.681,ZM,-16.54899,27.85142,10.958,1.541,5,1442.686,18.29879178082192,27.988002739726024,22.883687671232877,20041486.65068493,4.437320547945205,20.665038356164384,-0.48475616438356167,0.5512826086956523,0.754,45.851277777777774,64.674
ZM-A2-0905,2001,0.203,7321.041,1487.166,ZM,-17.13679,25.72679,12.302,1.477,5,931.01,16.4375698630137,27.75744931506849,21.53798904109589,20738008.257534247,4.911808219178082,23.300802739726027,-2.361095890410959,0.5051777777777778,0.729,46.07222222222222,62.355
ZM-A2-0905,2002,0.076,6636.681,501.625,ZM,-17.13679,25.72679,12.302,1.477,5,506.322,16.96912602739726,28.742821917808218,22.460873972602737,21365720.15068493,5.322726027397261,26.417079452054796,-3.9355424657534246,0.40986956521739126,0.657,38.74977777777778,62.007
ZM-A2-0905,2003,0.707,4922.869,3478.072,ZM,-17.13679,25.72679,12.302,1.477,5,805.249,16.987654794520548,28.47218904109589,22.31264109589041,21148322.82739726,5.238509589041096,26.051961643835618,-3.0323479452054793,0.41256521739130436,0.668,38.81005555555556,59.083
ZM-A2-0905,2004,1.465,3291.996,4822.353,ZM,-17.13679,25.72679,12.302,1.477,5,854.576,16.418516393442623,27.906546448087433,21.646407103825137,20552764.857923497,4.987636612021857,24.21603825136612,-2.6527295081967215,0.4826956521739131,0.705,45.23836111111111,63.948
ZM-A2-0905,2005,0.51,6924.219,3529.041,ZM,-17.13679,25.72679,12.302,1.477,5,722.073,16.994216438356165,28.942257534246572,22.55864657534247,21190963.652054794,5.359956164383561,27.199605479452053,-3.3816739726027394,0.42886956521739134,0.687,40.59544444444444,62.495
ZM-A2-0905,2006,0.325,15221.638,4950.862,ZM,-17.13679,25.72679,12.302,1.477,5,928.93,16.449501369863015,27.52481369863014,21.439901369863016,20535192.712328766,4.85328493150685,22.875901369863012,-2.3082712328767125,0.5158260869565218,0.755,47.79863888888889,66.689
ZM-A2-0905,2007,0.522,14308.573,7464.499,ZM,-17.13679,25.72679,12.302,1.477,5,979.6610000000001,16.334035616438356,27.82826301369863,21.644405479452054,20630886.57260274,4.922235616438356,23.883898630136986,-2.238232876712329,0.4676444444444445,0.712,41.99491666666667,61.306
ZM-A2-0905,2008,0.526,15075.629,7927.47,ZM,-17.13679,25.72679,12.302,1.477,5,1241.644,16.070204918032786,27.872043715846992,21.37854098360656,20585198.30054645,4.9180573770491804,24.315778688524592,-1.525587431693989,0.49830434782608696,0.789,44.43702777777778,63.442
ZM-A2-0905,2009,0.548,19809.412,10851.675,ZM,-17.13679,25.72679,12.302,1.477,5,906.761,16.100509589041096,27.57925205479452,21.274983561643836,20789874.24657534,4.858775342465753,22.608909589041097,-2.374498630136986,0.49902173913043474,0.734,45.08452777777777,63.857
ZM-A2-0905,2010,1.332,23765.543,31666.228,ZM,-17.13679,25.72679,12.302,1.477,5,1013.655,16.89554520547945,27.960909589041094,21.961580821917806,20459106.846575342,4.907427397260274,23.183460273972603,-2.1302904109589043,0.5010434782608696,0.703,44.39866666666667,60.627
ZM-A2-0905,2011,1.696,21343.079,36189.408,ZM,-17.13679,25.72679,12.302,1.477,5,915.7139999999999,16.26769589041096,27.910353424657536,21.598646575342467,20828878.37260274,4.877728767123288,23.758734246575344,-2.368923287671233,0.4669130434782609,0.698,41.654666666666664,62.431
ZM-A2-0905,2012,1.199,29044.238,34837.823,ZM,-17.13679,25.72679,12.302,1.477,5,868.504,16.553251366120218,28.223352459016393,21.89638524590164,20890885.147540983,5.01848087431694,24.798224043715845,-2.64551912568306,0.45519565217391306,0.755,41.96277777777778,63.491
ZM-A2-0905,2013,0.993,31711.538,31498.743,ZM,-17.13679,25.72679,12.302,1.477,5,986.697,16.79545479452055,28.416380821917805,22.148252054794522,20999431.120547947,5.06746301369863,25.099830136986302,-2.3641835616438356,0.44584782608695656,0.684,40.651805555555555,63.271
ZM-A2-0905,2014,1.341,23148.467,31050.005,ZM,-17.13679,25.72679,12.302,1.477,5,959.979,16.90311780821918,28.14444383561644,22.08548767123288,20627408.4,4.9992465753424655,24.29432876712329,-2.369167123287671,0.4727608695652174,0.755,42.51913888888889,63.592
ZM-A2-0905,2015,0.449,32499.87,14587.597,ZM,-17.13679,25.72679,12.302,1.477,5,659.023,16.813112328767122,29.03493698630137,22.58817260273973,21585346.394520547,5.354153424657534,27.20491780821918,-3.5486109589041095,0.44073913043478263,0.685,41.04777777777778,60.05
ZM-A2-0905,2016,1.002,29065.488,29115.288,ZM,-17.13679,25.72679,12.302,1.477,5,903.707,17.296983606557376,28.811920765027324,22.710726775956285,21017319.43715847,5.279560109289617,26.53068306010929,-2.8104153005464485,0.4432391304347826,0.736,40.67286111111111,62.448
ZM-A2-0905,2017,1.818,45835.059,83331.403,ZM,-17.13679,25.72679,12.302,1.477,5,1138.839,16.728405479452057,27.730698630136985,21.832186301369862,19992346.742465753,4.837383561643835,23.337487671232875,-1.7172767123287673,0.4987608695652174,0.768,43.52836111111111,62.196
ZM-A2-0906,2001,0.494,916.0,452.43,ZM,-17.70903,25.75071,12.106,1.43,5,922.557,16.362786301369866,28.33415890410959,21.828887671232877,20760673.06849315,4.8579479452054795,24.1536904109589,-2.3303945205479453,0.49677777777777776,0.748,44.903,64.897
ZM-A2-0906,2002,0.009,1214.0,11.0,ZM,-17.70903,25.75071,12.106,1.43,5,440.821,16.90211506849315,29.51810684931507,22.915624657534245,21494495.673972603,5.335756164383562,28.00973424657534,-4.128027397260274,0.40161363636363634,0.667,37.74983333333333,60.223
ZM-A2-0906,2003,1.185,1154.44,1368.52,ZM,-17.70903,25.75071,12.106,1.43,5,684.455,16.995616438356162,29.351717808219178,22.858008219178085,21306510.24657534,5.288972602739726,27.993627397260276,-3.4137534246575343,0.4010666666666667,0.677,39.196083333333334,58.651
ZM-A2-0906,2004,1.656,326.586,540.975,ZM,-17.70903,25.75071,12.106,1.43,5,849.952,16.324734972677597,28.368002732240438,21.89356557377049,20665212.30054645,4.925191256830601,24.868800546448085,-2.602918032786885,0.4779767441860465,0.75,44.20894444444444,66.127
ZM-A2-0906,2005,0.302,457.0,138.14,ZM,-17.70903,25.75071,12.106,1.43,5,725.608,16.980819178082193,29.77838356164384,23.052046575342462,21168651.09589041,5.347641095890411,28.9224301369863,-3.3596739726027396,0.44322222222222224,0.702,40.92861111111111,67.753
ZM-A2-0906,2006,1.743,179.0,312.0,ZM,-17.70903,25.75071,12.106,1.43,5,970.908,16.32422191780822,28.013824657534247,21.685953424657534,20605797.279452056,4.788465753424657,23.472183561643835,-2.1284438356164386,0.53,0.78,45.00561111111111,62.693
ZM-A2-0906,2007,0.51,547.121,279.196,ZM,-17.70903,25.75071,12.106,1.43,5,848.53,16.384038356164382,28.73178082191781,22.20934794520548,20724312.660273973,4.970909589041096,25.727772602739726,-2.6461698630136987,0.4563181818181818,0.765,39.24330555555556,60.7
ZM-A2-0906,2008,0.526,854.0,449.0,ZM,-17.70903,25.75071,12.106,1.43,5,1237.729,15.95738524590164,28.358267759562843,21.60895901639344,20639824.49726776,4.824726775956284,24.784918032786887,-1.4429535519125682,0.4974772727272727,0.747,44.51069444444445,61.409
ZM-A2-0906,2009,0.743,1648.06,1224.512,ZM,-17.70903,25.75071,12.106,1.43,5,893.8389999999999,16.00353424657534,27.97124931506849,21.463624657534247,20867594.657534245,4.769073972602739,22.778479452054796,-2.3202000000000003,0.52275,0.749,46.733916666666666,63.616
ZM-A2-0906,2010,1.129,1479.459,1670.472,ZM,-17.70903,25.75071,12.106,1.43,5,964.196,16.850175342465754,28.495172602739725,22.27589589041096,20535984.37671233,4.846950684931507,23.87917808219178,-2.205317808219178,0.5240227272727273,0.765,44.95308333333333,61.772
ZM-A2-0906,2011,1.214,1319.668,1601.731,ZM,-17.70903,25.75071,12.106,1.43,5,938.549,16.345131506849317,28.673756164383562,22.089586301369863,20928622.406849314,4.883358904109589,25.125087671232876,-2.3119917808219177,0.4764,0.721,39.90419444444444,61.729
ZM-A2-0906,2012,0.603,556.587,335.466,ZM,-17.70903,25.75071,12.106,1.43,5,861.979,16.516390710382513,28.87663387978142,22.26216393442623,21062599.95355191,4.990234972677595,25.82168306010929,-2.635101092896175,0.44924444444444445,0.752,40.46361111111111,62.366
ZM-A2-0906,2013,0.509,565.842,287.746,ZM,-17.70903,25.75071,12.106,1.43,5,983.588,16.748602739726028,29.052591780821917,22.509868493150687,21064587.194520548,5.015575342465754,26.088953424657536,-2.320813698630137,0.45390697674418606,0.735,43.72061111111111,65.358
ZM-A2-0906,2014,1.546,510.891,789.686,ZM,-17.70903,25.75071,12.106,1.43,5,1001.651,16.81966301369863,28.665446575342468,22.35931506849315,20582894.11780822,4.91912602739726,24.902890410958904,-2.1748767123287673,0.4952,0.747,45.21941666666666,67.03
ZM-A2-0906,2015,0.068,599.969,40.728,ZM,-17.70903,25.75071,12.106,1.43,5,602.581,16.79310684931507,29.77995616438356,23.001065753424655,21729962.771232877,5.3824136986301365,28.759895890410956,-3.7315068493150685,0.4451111111111111,0.73,45.09936111111111,66.206
ZM-A2-0906,2016,0.284,396.16,112.626,ZM,-17.70903,25.75071,12.106,1.43,5,883.579,17.256306010928963,29.46569398907104,23.089956284153004,21107169.672131147,5.250450819672131,27.73223770491803,-2.8363005464480873,0.43859090909090914,0.745,43.99733333333333,65.818
ZM-A2-0906,2017,0.827,195.32,161.564,ZM,-17.70903,25.75071,12.106,1.43,5,1209.119,16.635128767123287,28.183660273972603,22.091005479452054,20082276.39589041,4.775145205479452,23.84422191780822,-1.462490410958904,0.5205952380952381,0.775,48.16130555555556,61.315
ZM-A2-0908,2001,1.225,24718.0,30275.55,ZM,-16.21613,27.37003,12.152,1.481,5,979.806,16.105761643835617,26.82284383561644,21.024750684931504,20396106.11780822,4.666235616438356,20.787772602739725,-1.9818356164383562,0.5239777777777778,0.786,45.56483333333333,65.307
ZM-A2-0908,2002,0.351,27955.0,9807.0,ZM,-16.21613,27.37003,12.152,1.481,5,670.954,16.248679452054795,27.39408493150685,21.426219178082192,21207181.389041096,4.9522301369863015,22.289734246575343,-3.114,0.42004444444444444,0.72,38.36397222222222,63.326
ZM-A2-0908,2003,0.826,20340.84,16794.27,ZM,-16.21613,27.37003,12.152,1.481,5,1078.345,16.140216438356166,26.94013424657534,21.160468493150685,20849251.69178082,4.8006164383561645,21.543668493150687,-1.8462465753424657,0.4567111111111111,0.719,41.64183333333333,64.856
ZM-A2-0908,2004,1.629,13508.034,22000.866,ZM,-16.21613,27.37003,12.152,1.481,5,1032.067,15.90916393442623,26.447868852459017,20.707226775956286,20179177.61612022,4.583647540983606,19.915016393442624,-1.763792349726776,0.46297674418604656,0.735,43.19544444444445,65.447
ZM-A2-0908,2005,0.796,18313.0,14580.25,ZM,-16.21613,27.37003,12.152,1.481,5,783.592,16.29765479452055,27.47284109589041,21.520131506849314,21209898.594520546,5.009345205479452,22.88946301369863,-2.862517808219178,0.42257777777777783,0.741,38.687694444444446,63.866
ZM-A2-0908,2006,2.048,16592.0,33976.0,ZM,-16.21613,27.37003,12.152,1.481,5,884.408,16.153550684931506,26.62845753424658,20.939131506849318,20195682.10136986,4.626734246575342,20.280123287671234,-2.2036986301369863,0.48560000000000003,0.838,43.701388888888886,68.009
ZM-A2-0908,2007,1.068,26276.723,28062.417,ZM,-16.21613,27.37003,12.152,1.481,5,1231.233,16.060109589041094,26.71282191780822,20.960673972602738,20299707.694520548,4.646350684931507,20.599739726027398,-1.273109589041096,0.4861111111111111,0.808,43.597,67.224
ZM-A2-0908,2008,0.322,36502.0,11757.0,ZM,-16.21613,27.37003,12.152,1.481,5,1036.5240000000001,15.579483606557378,26.812128415300545,20.68694262295082,20574171.349726778,4.743103825136612,21.687467213114754,-1.911071038251366,0.4925227272727273,0.867,42.96919444444445,64.98
ZM-A2-0908,2009,1.526,41318.62,63054.314,ZM,-16.21613,27.37003,12.152,1.481,5,966.307,15.67938904109589,26.418654794520545,20.56384109589041,20385123.197260275,4.55206301369863,19.586476712328768,-1.9046465753424657,0.508695652173913,0.813,44.77988888888889,65.598
ZM-A2-0908,2010,2.154,41041.566,88408.899,ZM,-16.21613,27.37003,12.152,1.481,5,1205.331,16.401769863013698,26.918394520547945,21.199923287671233,19865064.284931507,4.572704109589041,20.16925205479452,-1.270427397260274,0.49,0.773,44.27177777777777,64.16
ZM-A2-0908,2011,1.772,57669.427,102186.444,ZM,-16.21613,27.37003,12.152,1.481,5,956.421,15.840597260273974,26.939572602739723,20.95070410958904,20707447.79452055,4.6467397260273975,20.953208219178084,-2.0264082191780823,0.45779545454545456,0.741,42.5325,67.839
ZM-A2-0908,2012,1.705,38435.754,65542.359,ZM,-16.21613,27.37003,12.152,1.481,5,965.722,16.123207650273223,27.210959016393442,21.234407103825134,20660019.25136612,4.766112021857923,21.88135519125683,-2.1275273224043714,0.4551777777777778,0.743,41.722833333333334,68.333
ZM-A2-0908,2013,1.305,44410.777,57941.98,ZM,-16.21613,27.37003,12.152,1.481,5,847.025,16.299876712328768,27.423493150684934,21.45777808219178,20842626.249315068,4.831731506849315,22.335802739726027,-2.511115068493151,0.4295581395348837,0.72,39.90127777777778,65.804
ZM-A2-0908,2014,1.684,42286.308,71206.536,ZM,-16.21613,27.37003,12.152,1.481,5,860.986,16.557139726027398,27.34841095890411,21.55512876712329,20626835.0630137,4.891350684931507,22.342868493150686,-2.532484931506849,0.4483913043478261,0.789,39.86738888888889,67.046
ZM-A2-0908,2015,0.97,41502.94,40238.833,ZM,-16.21613,27.37003,12.152,1.481,5,801.77,16.089827397260276,27.684153424657534,21.55782191780822,21238373.597260274,4.929917808219178,22.98779726027397,-2.7332876712328766,0.4489782608695652,0.743,40.49944444444444,65.946
ZM-A2-0908,2016,1.421,33375.208,47420.893,ZM,-16.21613,27.37003,12.152,1.481,5,948.14,16.543704918032788,27.5336912568306,21.71651092896175,20852682.68306011,4.917915300546448,22.563745901639344,-2.3273688524590166,0.42813043478260865,0.792,38.51883333333333,62.997
ZM-A2-0908,2017,2.169,40323.417,87466.009,ZM,-16.21613,27.37003,12.152,1.481,5,1220.686,16.150260273972602,26.57309589041096,20.954183561643834,19754356.475342467,4.497843835616438,19.833378082191782,-1.1534986301369863,0.4860909090909091,0.768,43.71802777777778,66.266
ZM-A2-0909,2001,1.595,12515.0,19964.97,ZM,-16.09978,26.55881,12.374,1.498,5,873.316,16.30416712328767,27.297512328767123,21.396679452054794,20720708.791780822,4.875104109589041,21.853161643835616,-2.482457534246575,0.49540909090909085,0.738,43.749694444444444,60.939
ZM-A2-0909,2002,0.448,16945.0,7596.0,ZM,-16.09978,26.55881,12.374,1.498,5,543.7860000000001,16.577835616438357,28.198287671232876,22.068024657534245,21455289.00821918,5.278904109589041,24.436583561643832,-3.789079452054794,0.41811111111111116,0.702,39.51183333333333,64.439
ZM-A2-0909,2003,1.034,19763.01,20444.63,ZM,-16.09978,26.55881,12.374,1.498,5,862.117,16.450868493150686,27.627183561643836,21.69006301369863,21035170.449315067,5.060309589041096,23.314904109589044,-2.6983452054794523,0.42600000000000005,0.727,39.69522222222222,63.998
ZM-A2-0909,2004,2.099,7262.63,15246.509,ZM,-16.09978,26.55881,12.374,1.498,5,811.961,16.22864480874317,27.321240437158473,21.352573770491805,20535262.896174863,4.9079945355191255,22.136928961748634,-2.689521857923497,0.4735,0.78,45.17594444444445,67.869
ZM-A2-0909,2005,0.455,16362.0,7452.28,ZM,-16.09978,26.55881,12.374,1.498,5,748.644,16.631131506849314,28.261802739726026,22.105512328767123,21515564.380821917,5.34485205479452,24.958246575342468,-3.2937726027397263,0.40154347826086956,0.691,36.41158333333333,63.446
ZM-A2-0909,2006,1.492,9850.0,14692.0,ZM,-16.09978,26.55881,12.374,1.498,5,822.003,16.37411506849315,27.166016438356163,21.36743287671233,20631682.00821918,4.8722520547945205,21.637487671232876,-2.6201890410958906,0.4652045454545455,0.77,43.35736111111111,67.524
ZM-A2-0909,2007,1.087,16917.562,18385.87,ZM,-16.09978,26.55881,12.374,1.498,5,1208.029,16.205635616438357,27.212238356164384,21.345421917808217,20636637.116438355,4.861501369863014,21.807013698630136,-1.5518328767123286,0.46528888888888886,0.726,42.715722222222226,67.168
ZM-A2-0909,2008,0.269,26374.0,7082.0,ZM,-16.09978,26.55881,12.374,1.498,5,1052.898,15.798997267759562,27.332232240437158,21.107109289617487,20789532.81147541,4.957428961748634,22.875543715846995,-2.080658469945355,0.4470227272727273,0.694,40.8675,60.964
ZM-A2-0909,2009,0.997,23416.28,23340.023,ZM,-16.09978,26.55881,12.374,1.498,5,793.442,15.835271232876712,26.952356164383563,20.953279452054794,20775223.956164382,4.782183561643836,20.800980821917808,-2.6083698630136984,0.45702173913043476,0.732,41.26841666666667,63.323
ZM-A2-0909,2010,2.38,24725.488,58834.491,ZM,-16.09978,26.55881,12.374,1.498,5,1007.984,16.667564383561643,27.59890684931507,21.720912328767124,20339389.024657533,4.878750684931506,21.881238356164385,-2.1171506849315067,0.45288636363636364,0.727,41.946555555555555,63.586
ZM-A2-0909,2011,1.653,26802.936,44292.216,ZM,-16.09978,26.55881,12.374,1.498,5,881.142,16.044805479452055,27.51414794520548,21.36595068493151,21074008.375342466,4.877969863013699,22.386975342465753,-2.463882191780822,0.4442826086956522,0.726,40.27213888888889,64.447
ZM-A2-0909,2012,1.441,28943.811,41712.497,ZM,-16.09978,26.55881,12.374,1.498,5,935.826,16.306027322404372,27.782983606557377,21.66247267759563,20945072.93442623,4.987912568306011,23.32334153005465,-2.4310109289617485,0.4487391304347826,0.734,41.263416666666664,65.952
ZM-A2-0909,2013,0.816,36772.07,30019.554,ZM,-16.09978,26.55881,12.374,1.498,5,967.769,16.441915068493152,27.78205479452055,21.743490410958902,21010435.10136986,4.991254794520548,23.147189041095892,-2.339832876712329,0.4224772727272727,0.775,38.84119444444444,62.716
ZM-A2-0909,2014,1.621,33806.111,54792.242,ZM,-16.09978,26.55881,12.374,1.498,5,876.977,16.716649315068494,27.760243835616436,21.90801369863014,20885649.375342466,5.064717808219179,23.286997260273974,-2.662041095890411,0.40720000000000006,0.733,37.27263888888889,63.98
ZM-A2-0909,2015,1.083,36697.717,39742.734,ZM,-16.09978,26.55881,12.374,1.498,5,746.617,16.266331506849316,28.135046575342464,21.90747397260274,21530391.31780822,5.1413013698630134,24.103673972602742,-3.0957753424657537,0.4278913043478261,0.681,39.849444444444444,63.294
ZM-A2-0909,2016,1.339,32113.439,43006.177,ZM,-16.09978,26.55881,12.374,1.498,5,845.93,16.77845081967213,28.04466120218579,22.142893442622952,21114664.286885247,5.169661202185792,23.984218579234973,-2.8583770491803278,0.42177272727272724,0.727,40.07527777777778,65.253
ZM-A2-0909,2017,1.046,44321.135,46352.101,ZM,-16.09978,26.55881,12.374,1.498,5,1210.187,16.316712328767125,27.003852054794525,21.32266301369863,19939921.089041095,4.692476712328767,20.9252,-1.376895890410959,0.47762222222222217,0.78,42.18563888888889,65.69
ZM-A2-0910,2001,1.101,2404.0,2646.0,ZM,-15.86898,26.18868,13.077,1.612,4,955.245,16.60974794520548,27.935350684931507,21.907720547945207,20880631.810958903,4.952169863013698,23.008200000000002,-2.3350602739726027,0.5472,0.793,47.84016666666667,66.859
ZM-A2-0910,2002,0.385,2543.0,980.0,ZM,-15.86898,26.18868,13.077,1.612,4,613.779,16.956986301369863,28.846145205479456,22.64497808219178,21515027.97808219,5.347487671232877,25.790690410958906,-3.665901369863014,0.4682608695652174,0.733,43.85927777777778,69.389
ZM-A2-0910,2003,0.684,2402.91,1643.82,ZM,-15.86898,26.18868,13.077,1.612,4,883.244,16.820816438356164,28.3037698630137,22.262304109589042,21161204.039726026,5.1559698630136985,24.67289589041096,-2.736123287671233,0.49326666666666663,0.768,44.99338888888889,67.238
ZM-A2-0910,2004,2.241,3084.03,6912.799,ZM,-15.86898,26.18868,13.077,1.612,4,843.231,16.600467213114754,28.054909836065573,21.981218579234973,20683112.55464481,5.019674863387978,23.656707650273223,-2.7157650273224045,0.5194090909090909,0.811,48.826388888888886,68.197
ZM-A2-0910,2005,0.408,6962.0,2840.44,ZM,-15.86898,26.18868,13.077,1.612,4,749.643,17.00796712328767,29.003761643835617,22.756323287671236,21614205.3369863,5.446786301369863,26.585539726027395,-3.3929698630136986,0.42934782608695654,0.763,38.9325,64.285
ZM-A2-0910,2006,1.604,5560.0,8916.0,ZM,-15.86898,26.18868,13.077,1.612,4,966.987,16.6382301369863,27.74052602739726,21.83806301369863,20763578.06849315,4.934378082191781,22.691679452054792,-2.285098630136986,0.5265777777777778,0.77,47.243805555555554,69.025
ZM-A2-0910,2007,0.963,16180.056,15576.754,ZM,-15.86898,26.18868,13.077,1.612,4,1140.652,16.473394520547945,27.862827397260276,21.870808219178084,20792320.578082193,4.952060273972602,23.096605479452055,-1.826986301369863,0.5206444444444445,0.776,45.60352777777778,68.565
ZM-A2-0910,2008,0.387,14250.0,5515.0,ZM,-15.86898,26.18868,13.077,1.612,4,1199.358,16.05729781420765,27.90621857923497,21.583680327868855,20893916.543715846,5.010445355191257,23.9129781420765,-1.7335109289617487,0.52175,0.791,46.378416666666666,66.977
ZM-A2-0910,2009,0.96,10752.0,10325.824,ZM,-15.86898,26.18868,13.077,1.612,4,906.189,16.134,27.585142465753425,21.479931506849315,20886195.03561644,4.875517808219178,21.993695890410958,-2.3928082191780824,0.5122,0.753,45.317055555555555,65.776
ZM-A2-0910,2010,2.099,10693.812,22446.705,ZM,-15.86898,26.18868,13.077,1.612,4,1166.989,16.914671232876714,28.09495890410959,22.16601917808219,20499297.038356163,4.9327945205479455,22.74561095890411,-1.7355643835616439,0.5194888888888889,0.76,46.181000000000004,66.788
ZM-A2-0910,2011,1.125,14110.201,15876.032,ZM,-15.86898,26.18868,13.077,1.612,4,938.891,16.32808493150685,28.07452602739726,21.84490410958904,21151607.33150685,4.937871232876713,23.42805205479452,-2.365567123287671,0.5082608695652173,0.78,44.52222222222222,64.947
ZM-A2-0910,2012,2.305,17340.069,39972.569,ZM,-15.86898,26.18868,13.077,1.612,4,1020.678,16.53203825136612,28.30845081967213,22.10079781420765,21010305.486338798,5.020172131147541,24.278773224043718,-2.2314344262295083,0.5011304347826087,0.744,45.28566666666667,67.525
ZM-A2-0910,2013,0.861,17018.586,14658.572,ZM,-15.86898,26.18868,13.077,1.612,4,1036.648,16.75428493150685,28.3631698630137,22.227136986301367,21099073.512328766,5.055994520547945,24.21355616438356,-2.21586301369863,0.48848888888888886,0.759,43.86869444444444,66.734
ZM-A2-0910,2014,1.846,15493.662,28597.09,ZM,-15.86898,26.18868,13.077,1.612,4,943.002,16.977202739726028,28.34685205479452,22.390967123287673,21047967.99178082,5.113435616438356,24.366435616438356,-2.529868493150685,0.48495652173913045,0.782,42.695,66.423
ZM-A2-0910,2015,0.587,15739.257,9236.45,ZM,-15.86898,26.18868,13.077,1.612,4,805.332,16.587424657534246,28.692747945205475,22.39389315068493,21614190.82191781,5.211572602739726,25.157043835616438,-3.0051835616438356,0.48597826086956525,0.723,44.185027777777776,64.386
ZM-A2-0910,2016,1.224,13626.009,16676.867,ZM,-15.86898,26.18868,13.077,1.612,4,985.931,17.08496994535519,28.592150273224046,22.620153005464484,21151163.806010928,5.21624043715847,25.09676229508197,-2.522439890710382,0.4920666666666667,0.787,45.006,68.538
ZM-A2-0910,2017,1.814,22068.719,40043.398,ZM,-15.86898,26.18868,13.077,1.612,4,1214.627,16.620046575342467,27.606512328767124,21.837591780821917,20092593.38219178,4.781126027397261,22.07067397260274,-1.4533808219178084,0.5368913043478261,0.79,46.48224999999999,66.339
ZM-A2-0911,2001,0.994,3233.0,3212.28,ZM,-16.18774,28.46135,11.961,1.514,5,1061.568,19.209427397260274,29.056772602739727,23.841783561643837,20479610.09589041,4.879389041095891,23.920205479452054,-1.9709835616438356,0.5360909090909091,0.749,49.81708333333333,70.266
ZM-A2-0911,2002,0.038,5997.0,228.0,ZM,-16.18774,28.46135,11.961,1.514,5,516.033,19.59508493150685,30.13121095890411,24.677512328767122,21246714.449315067,5.298934246575342,27.271797260273974,-3.885145205479452,0.4519130434782609,0.726,42.7185,62.805
ZM-A2-0911,2003,0.724,3457.25,2504.54,ZM,-16.18774,28.46135,11.961,1.514,5,961.4399999999999,19.31102191780822,29.451082191780824,24.167063013698627,20980764.373972602,5.093597260273973,25.544323287671233,-2.4595150684931504,0.5219782608695652,0.74,47.88205555555555,67.266
ZM-A2-0911,2004,1.615,477.47,771.059,ZM,-16.18774,28.46135,11.961,1.514,5,945.152,19.105795081967212,29.014931693989073,23.75222404371585,20250197.639344264,4.849551912568306,23.916273224043714,-2.267169398907104,0.5448,0.76,51.203138888888894,69.793
ZM-A2-0911,2005,0.124,2855.0,353.54,ZM,-16.18774,28.46135,11.961,1.514,5,667.331,19.761827397260273,30.58176438356164,25.035279452054795,21311147.860273972,5.394260273972603,29.02952876712329,-3.5659561643835618,0.4558260869565217,0.77,42.10925,66.212
ZM-A2-0911,2006,0.769,642.0,494.0,ZM,-16.18774,28.46135,11.961,1.514,5,931.652,19.309405479452053,29.203731506849312,24.001090410958902,20426607.10136986,4.8867890410958905,24.240210958904107,-2.334317808219178,0.5224565217391305,0.795,48.11219444444444,72.284
ZM-A2-0911,2007,0.514,2867.253,1474.034,ZM,-16.18774,28.46135,11.961,1.514,5,1311.279,19.155471232876714,29.087410958904112,23.82063835616438,20241204.942465752,4.837147945205479,23.91045479452055,-1.2446027397260273,0.5018181818181818,0.747,45.51722222222222,68.005
ZM-A2-0911,2008,0.326,3322.0,1082.0,ZM,-16.18774,28.46135,11.961,1.514,5,1034.383,18.736081967213114,29.070032786885246,23.537150273224043,20678674.157103825,4.947248633879782,24.983756830601095,-2.1210655737704918,0.5375217391304348,0.84,47.847388888888894,69.406
ZM-A2-0911,2009,0.629,4924.35,3097.654,ZM,-16.18774,28.46135,11.961,1.514,5,918.04,18.66158082191781,28.389041095890413,23.168117808219176,20349366.602739725,4.676745205479452,21.743553424657534,-2.161567123287671,0.5520217391304348,0.763,50.33305555555555,69.194
ZM-A2-0911,2010,1.215,2269.818,2758.566,ZM,-16.18774,28.46135,11.961,1.514,5,1081.188,19.47864109589041,29.26341095890411,24.088671232876713,20102109.006849315,4.798257534246575,23.491972602739725,-1.8360986301369864,0.5216888888888889,0.761,48.08280555555555,69.144
ZM-A2-0911,2011,1.001,6670.281,6677.913,ZM,-16.18774,28.46135,11.961,1.514,5,873.952,19.12852602739726,29.662457534246577,24.12283287671233,20997989.389041096,4.993668493150685,25.66133698630137,-2.5992794520547946,0.49868888888888885,0.752,46.20097222222222,67.896
ZM-A2-0911,2012,1.69,8971.151,15164.217,ZM,-16.18774,28.46135,11.961,1.514,5,871.413,19.277095628415303,29.786174863387977,24.272912568306012,20886403.959016394,5.063994535519126,26.171426229508196,-2.683084699453552,0.4897173913043478,0.73,45.21761111111111,68.302
ZM-A2-0911,2013,0.882,9100.38,8031.013,ZM,-16.18774,28.46135,11.961,1.514,5,943.468,19.460939726027398,29.938575342465754,24.446635616438357,20926776.069863014,5.1166109589041096,26.610687671232878,-2.5317671232876715,0.4841111111111111,0.735,44.92947222222222,69.157
ZM-A2-0911,2014,1.204,8875.175,10687.58,ZM,-16.18774,28.46135,11.961,1.514,5,975.6469999999999,19.633408219178083,29.88531232876712,24.541594520547946,20710361.197260275,5.138980821917809,26.57141095890411,-2.4659753424657533,0.4833111111111111,0.795,44.35444444444445,68.605
ZM-A2-0911,2015,0.624,12636.922,7890.926,ZM,-16.18774,28.46135,11.961,1.514,5,822.5,19.210172602739725,29.947747945205478,24.39971506849315,21277688.84931507,5.144,26.50046301369863,-2.890575342465753,0.5064565217391305,0.768,45.56411111111111,69.655
ZM-A2-0911,2016,1.186,12730.913,15101.745,ZM,-16.18774,28.46135,11.961,1.514,5,891.424,19.669494535519124,30.210740437158467,24.79662568306011,20953196.653005466,5.183196721311475,27.225185792349727,-2.7476120218579236,0.47384444444444446,0.729,43.42702777777778,67.953
ZM-A2-0911,2017,1.003,12483.452,12520.518,ZM,-16.18774,28.46135,11.961,1.514,5,1225.573,19.202301369863015,28.888180821917807,23.780912328767123,19937310.221917808,4.713290410958904,22.890720547945204,-1.3555561643835616,0.5540652173913044,0.775,49.874722222222225,70.887
ZM-A2-0912,2001,1.043,5526.0,5765.85,ZM,-17.21385,27.31772,11.972,1.515,5,1128.785,19.112805479452053,27.898646575342465,23.28221095890411,20754268.2630137,4.564443835616438,19.849013698630138,-1.4718821917808218,0.5384,0.775,46.6875,65.564
ZM-A2-0912,2002,0.12,5383.0,646.0,ZM,-17.21385,27.31772,11.972,1.515,5,637.007,19.235786301369863,28.43937808219178,23.700794520547948,21629558.446575344,4.815813698630137,21.345268493150684,-3.0705890410958903,0.4800869565217391,0.662,43.403305555555555,59.549
ZM-A2-0912,2003,0.191,5313.61,1013.28,ZM,-17.21385,27.31772,11.972,1.515,5,1161.387,19.276980821917807,28.216761643835618,23.596454794520547,21063395.506849315,4.709520547945205,21.183939726027397,-1.5276383561643834,0.4922391304347826,0.716,44.98733333333334,64.654
ZM-A2-0912,2004,1.157,1813.45,2098.678,ZM,-17.21385,27.31772,11.972,1.515,5,1198.252,19.037043715846995,27.751912568306015,23.19795901639344,20567954.463114753,4.533355191256831,19.733792349726777,-1.2594426229508198,0.51,0.744,46.707,67.783
ZM-A2-0912,2005,0.046,6967.0,320.58,ZM,-17.21385,27.31772,11.972,1.515,5,879.615,19.48651506849315,28.90774520547945,24.114791780821918,21383403.284931507,4.8524520547945205,22.821241095890414,-2.4425479452054795,0.4304782608695652,0.776,37.89886111111111,56.237
ZM-A2-0912,2006,0.827,4055.0,3353.0,ZM,-17.21385,27.31772,11.972,1.515,5,1076.428,19.176701369863014,27.826375342465756,23.30002191780822,20495745.584931508,4.5060958904109585,19.772616438356163,-1.556978082191781,0.5351956521739131,0.742,49.117777777777775,69.438
ZM-A2-0912,2007,1.194,9728.101,11617.957,ZM,-17.21385,27.31772,11.972,1.515,5,1563.344,19.110350684931507,27.98362191780822,23.380728767123287,20538402.394520547,4.533690410958904,20.125323287671232,-0.25055616438356165,0.4837727272727273,0.705,42.592527777777775,61.297
ZM-A2-0912,2008,0.264,6578.0,1736.0,ZM,-17.21385,27.31772,11.972,1.515,5,1330.404,18.75748087431694,27.927841530054646,23.089948087431694,20705451.472677596,4.5384863387978145,20.534371584699453,-0.9035027322404372,0.499,0.78,45.247166666666665,62.613
ZM-A2-0912,2009,1.212,10248.76,12417.795,ZM,-17.21385,27.31772,11.972,1.515,5,1107.808,18.8736,27.601284931506846,22.998871232876713,20579503.698630136,4.44881095890411,18.858054794520548,-1.4137205479452055,0.5271086956521739,0.75,46.730222222222224,66.165
ZM-A2-0912,2010,1.171,12319.168,14425.606,ZM,-17.21385,27.31772,11.972,1.515,5,1340.576,19.505986301369862,28.09145205479452,23.633301369863016,20347165.552054796,4.486030136986302,19.49276712328767,-0.8132191780821918,0.5268666666666667,0.725,46.11338888888889,61.155
ZM-A2-0912,2011,1.136,12472.119,14165.434,ZM,-17.21385,27.31772,11.972,1.515,5,1151.532,18.912038356164384,28.120356164383562,23.33457808219178,20820993.061643835,4.541498630136986,20.3214301369863,-1.3866164383561643,0.5183695652173913,0.759,45.049,63.979
ZM-A2-0912,2012,1.217,12288.614,14959.963,ZM,-17.21385,27.31772,11.972,1.515,5,1002.448,19.13634699453552,28.26256830601093,23.512401639344265,21051940.648907103,4.643043715846995,20.77449180327869,-1.9041147540983605,0.5002272727272727,0.744,44.58005555555556,64.317
ZM-A2-0912,2013,1.025,12036.964,12337.345,ZM,-17.21385,27.31772,11.972,1.515,5,1116.089,19.248186301369863,28.38161643835617,23.65499178082192,20867960.542465754,4.6366,20.962509589041094,-1.5788219178082192,0.4624666666666667,0.734,41.56963888888889,63.652
ZM-A2-0912,2014,1.879,14488.733,27221.879,ZM,-17.21385,27.31772,11.972,1.515,5,1217.013,19.34738904109589,28.22313424657534,23.633369863013698,20739594.675342467,4.612646575342466,20.557920547945205,-1.2783643835616438,0.5084782608695653,0.778,44.66866666666667,66.769
ZM-A2-0912,2015,0.541,17004.973,9200.965,ZM,-17.21385,27.31772,11.972,1.515,5,762.867,19.267,28.79652602739726,23.9508301369863,21624204.943835616,4.833339726027398,22.196334246575343,-2.7432931506849316,0.4995,0.714,44.27758333333333,66.049
ZM-A2-0912,2016,1.024,12151.821,12447.656,ZM,-17.21385,27.31772,11.972,1.515,5,1125.768,19.656153005464482,28.713213114754097,24.143278688524592,21059935.68032787,4.763811475409836,21.792718579234972,-1.6879426229508199,0.4708260869565218,0.728,41.41752777777778,66.098
ZM-A2-0912,2017,1.042,16170.328,16842.189,ZM,-17.21385,27.31772,11.972,1.515,5,1416.808,19.1844,27.785252054794523,23.327002739726026,20032000.120547947,4.402695890410959,19.16792602739726,-0.5210301369863014,0.5298478260869566,0.786,45.88086111111111,64.153
ZM-A2-0916,2001,1.427,21871.959,31207.494,ZM,-16.78896,26.44151,11.822,1.401,5,970.1899999999999,15.74216712328767,26.402523287671233,20.496854794520548,20702849.83561644,4.783887671232876,20.631887671232878,-2.125832876712329,0.48120454545454544,0.728,42.826166666666666,59.747
ZM-A2-0916,2002,0.415,32428.319,13468.375,ZM,-16.78896,26.44151,11.822,1.401,5,583.268,16.007843835616438,27.131660273972603,21.09250136986301,21432659.879452053,5.1250767123287675,22.662057534246575,-3.527082191780822,0.40573913043478266,0.656,37.869083333333336,62.861
ZM-A2-0916,2003,0.704,34370.591,24193.218,ZM,-16.78896,26.44151,11.822,1.401,5,905.655,16.008849315068492,26.772816438356163,20.902323287671233,21058196.361643836,4.9900383561643835,22.158131506849315,-2.508791780821918,0.41135555555555553,0.664,38.49966666666667,61.475
ZM-A2-0916,2004,1.477,30195.247,44591.423,ZM,-16.78896,26.44151,11.822,1.401,5,872.651,15.678715846994535,26.36485792349727,20.452743169398907,20498572.00546448,4.795150273224044,20.848062841530055,-2.410857923497268,0.4521363636363636,0.703,43.16405555555556,63.301
ZM-A2-0916,2005,0.582,47080.781,27406.949,ZM,-16.78896,26.44151,11.822,1.401,5,799.915,16.109882191780823,27.25079452054795,21.198978082191783,21364694.452054795,5.177430136986302,23.312347945205477,-2.985882191780822,0.39676086956521744,0.659,36.49736111111111,60.708
ZM-A2-0916,2006,1.229,42241.362,51901.138,ZM,-16.78896,26.44151,11.822,1.401,5,906.8389999999999,15.7951698630137,26.176128767123288,20.432534246575344,20462675.83561644,4.7246,20.183734246575344,-2.240109589041096,0.46454347826086956,0.732,42.49794444444444,64.592
ZM-A2-0916,2007,1.523,38900.16,59263.35,ZM,-16.78896,26.44151,11.822,1.401,5,1203.856,15.685586301369861,26.31453424657534,20.501665753424657,20543585.350684933,4.751416438356165,20.615605479452054,-1.4531808219178084,0.43327272727272725,0.705,39.56444444444444,61.729
ZM-A2-0916,2008,0.682,42032.371,28679.53,ZM,-16.78896,26.44151,11.822,1.401,5,1149.279,15.352598360655739,26.504368852459017,20.307806010928964,20693443.19945355,4.839338797814208,21.673311475409836,-1.6992322404371585,0.4464545454545455,0.704,41.24363888888889,61.865
ZM-A2-0916,2009,2.002,61751.088,123609.365,ZM,-16.78896,26.44151,11.822,1.401,5,913.155,15.40052602739726,26.14541369863014,20.178487671232876,20690906.2630137,4.694435616438357,19.79866301369863,-2.192641095890411,0.44871739130434785,0.712,40.462916666666665,61.407
ZM-A2-0916,2010,2.642,71928.257,190028.477,ZM,-16.78896,26.44151,11.822,1.401,5,1087.991,16.11894794520548,26.54826301369863,20.807230136986302,20357342.89589041,4.7332904109589045,20.22665479452055,-1.7524931506849315,0.4569555555555555,0.707,41.078,59.219
ZM-A2-0916,2011,2.261,78406.909,177279.931,ZM,-16.78896,26.44151,11.822,1.401,5,948.717,15.556879452054796,26.564043835616438,20.521016438356167,20884779.660273973,4.753298630136986,20.99826301369863,-2.1540739726027396,0.4358478260869565,0.685,38.7835,61.566
ZM-A2-0916,2012,2.018,90236.163,182095.958,ZM,-16.78896,26.44151,11.822,1.401,5,934.714,15.815967213114755,26.865775956284153,20.813939890710383,20930147.669398908,4.890051912568306,21.95646994535519,-2.3361885245901637,0.43347826086956526,0.689,40.449305555555554,63.553
ZM-A2-0916,2013,1.597,95477.398,152433.577,ZM,-16.78896,26.44151,11.822,1.401,5,988.062,15.995901369863013,26.943068493150683,20.971898630136987,20934272.353424657,4.9071561643835615,21.976232876712327,-2.2001369863013696,0.4204444444444445,0.683,38.874249999999996,62.108
ZM-A2-0916,2014,2.04,93230.575,190177.425,ZM,-16.78896,26.44151,11.822,1.401,5,929.835,16.181898630136985,26.829800000000002,21.01781369863014,20700822.506849315,4.916531506849315,21.743723287671234,-2.3690383561643835,0.41430434782608694,0.744,37.61405555555555,61.508
ZM-A2-0916,2015,1.089,96427.531,104997.982,ZM,-16.78896,26.44151,11.822,1.401,5,746.512,15.877271232876712,27.394564383561644,21.22629315068493,21579160.956164382,5.113397260273973,23.244194520547943,-3.068158904109589,0.4219130434782609,0.663,39.17594444444445,60.007
ZM-A2-0916,2016,1.524,95436.84,145455.938,ZM,-16.78896,26.44151,11.822,1.401,5,924.283,16.377833333333335,27.209948087431695,21.401177595628415,21010016.707650274,5.07662568306011,22.774278688524593,-2.5512622950819672,0.4101086956521739,0.708,37.71175,60.486
ZM-A2-0916,2017,1.753,107194.86,187864.291,ZM,-16.78896,26.44151,11.822,1.401,5,1180.291,15.891238356164383,26.26923287671233,20.599416438356165,19968011.446575344,4.645578082191781,20.160471232876713,-1.4119041095890412,0.46013333333333334,0.741,41.19894444444444,62.526
ZM-A2-0917,2001,1.987,22580.0,44876.43,ZM,-16.00624,27.92332,11.494,1.546,5,1204.199,16.330435616438358,25.950994520547944,20.664734246575343,20424195.454794522,4.596463013698631,19.091920547945207,-1.2972876712328767,0.5149111111111111,0.768,45.05833333333333,66.4
ZM-A2-0917,2002,0.621,19679.0,12221.0,ZM,-16.00624,27.92332,11.494,1.546,5,710.384,16.450405479452055,26.544901369863013,21.100350684931506,21278337.07671233,4.908331506849315,20.686528767123285,-2.9620739726027394,0.40893478260869565,0.816,36.91813888888888,62.648
ZM-A2-0917,2003,1.57,18885.44,29643.72,ZM,-16.00624,27.92332,11.494,1.546,5,1117.916,16.31890410958904,26.166761643835617,20.830024657534246,20936923.856164385,4.766879452054795,20.078575342465754,-1.7040958904109589,0.46547727272727274,0.735,42.62730555555556,65.351
ZM-A2-0917,2004,2.241,30186.624,67649.71,ZM,-16.00624,27.92332,11.494,1.546,5,1050.956,16.105726775956285,25.66221857923497,20.385065573770493,20222369.18579235,4.528748633879781,18.502483606557377,-1.6572841530054645,0.5004222222222222,0.751,44.71422222222222,65.587
ZM-A2-0917,2005,1.287,27329.0,35169.63,ZM,-16.00624,27.92332,11.494,1.546,5,834.687,16.584471232876712,26.854380821917808,21.34450410958904,21303138.367123287,5.023504109589041,21.87468493150685,-2.736690410958904,0.42960000000000004,0.751,38.71069444444444,63.959
ZM-A2-0917,2006,2.388,25667.0,61297.0,ZM,-16.00624,27.92332,11.494,1.546,5,1102.043,16.33774794520548,25.951164383561643,20.677449315068493,20318640.68219178,4.604915068493151,19.07918082191781,-1.5856191780821918,0.4860227272727272,0.766,44.20891666666667,68.687
ZM-A2-0917,2007,1.542,26912.604,41497.808,ZM,-16.00624,27.92332,11.494,1.546,5,1334.333,16.277772602739724,25.96537808219178,20.651424657534246,20259704.761643834,4.59964109589041,19.232920547945206,-0.9439342465753424,0.4865333333333333,0.768,42.870361111111116,68.712
ZM-A2-0917,2008,0.733,36958.0,27083.0,ZM,-16.00624,27.92332,11.494,1.546,5,1095.471,15.811669398907103,26.02376229508197,20.367530054644806,20669679.346994534,4.7246092896174865,20.30800819672131,-1.73151912568306,0.4928888888888889,0.818,43.45736111111111,66.697
ZM-A2-0917,2009,1.68,38859.2,65292.331,ZM,-16.00624,27.92332,11.494,1.546,5,1098.497,15.876013698630137,25.473660273972605,20.15427397260274,20376603.378082193,4.463591780821917,17.80825205479452,-1.4540109589041095,0.5082222222222222,0.735,45.67397222222222,67.708
ZM-A2-0917,2010,1.719,38074.319,65441.027,ZM,-16.00624,27.92332,11.494,1.546,5,1311.418,16.55149315068493,26.10766301369863,20.85777260273973,20001577.735616438,4.522887671232877,18.657657534246574,-0.9299616438356165,0.4975227272727272,0.756,45.142250000000004,65.698
ZM-A2-0917,2011,2.508,53503.241,134190.246,ZM,-16.00624,27.92332,11.494,1.546,5,1034.209,16.067243835616438,26.247580821917808,20.679887671232876,20873106.139726028,4.6448684931506845,19.839917808219177,-1.8114191780821918,0.4698222222222222,0.8,42.264833333333335,67.35
ZM-A2-0917,2012,2.26,26416.557,59695.308,ZM,-16.00624,27.92332,11.494,1.546,5,1088.118,16.259860655737707,26.425390710382512,20.884341530054645,20774374.1352459,4.730699453551912,20.427314207650273,-1.7576994535519126,0.4552391304347826,0.728,40.92663888888889,68.333
ZM-A2-0917,2013,1.987,24085.354,47862.726,ZM,-16.00624,27.92332,11.494,1.546,5,971.991,16.51251506849315,26.708619178082195,21.15948493150685,20921275.630136985,4.828764383561644,21.12068493150685,-2.1657753424657535,0.46173333333333333,0.75,41.778777777777776,69.234
ZM-A2-0917,2014,2.745,26700.597,73302.734,ZM,-16.00624,27.92332,11.494,1.546,5,1021.27,16.676567123287672,26.6193698630137,21.225235616438358,20722629.14109589,4.8688383561643835,21.09427123287671,-2.0708383561643835,0.4593695652173913,0.769,41.15580555555555,69.6
ZM-A2-0917,2015,1.633,26387.72,43101.012,ZM,-16.00624,27.92332,11.494,1.546,5,954.622,16.35810410958904,26.85721095890411,21.233364383561643,21234122.479452055,4.888824657534247,21.40951232876712,-2.273421917808219,0.46697826086956523,0.766,41.891416666666665,68.838
ZM-A2-0917,2016,1.494,18502.044,27651.283,ZM,-16.00624,27.92332,11.494,1.546,5,1087.066,16.669218579234972,26.775581967213114,21.384306010928963,20918322.93442623,4.876513661202186,21.14494262295082,-1.9063879781420763,0.4512888888888889,0.768,41.63502777777778,68.449
ZM-A2-0917,2017,2.824,27104.566,76536.991,ZM,-16.00624,27.92332,11.494,1.546,5,1359.757,16.34368219178082,25.828183561643836,20.643698630136985,19864717.015068494,4.458808219178082,18.43424109589041,-0.7334465753424657,0.5031555555555556,0.795,44.96358333333333,69.542
ZM-A2-1001,2001,0.306,5760.0,1764.63,ZM,-15.36743,22.54708,14.726,1.352,2,995.777,16.720553424657535,28.534345205479454,22.392030136986303,20981629.156164385,4.892964383561644,24.15534520547945,-2.164808219178082,0.46704444444444443,0.62,41.81619444444445,50.606
ZM-A2-1001,2002,0.515,4326.0,2230.0,ZM,-15.36743,22.54708,14.726,1.352,2,737.912,16.948605479452056,29.288304109589042,22.986391780821915,21502693.05479452,5.150090410958904,26.505421917808217,-3.1284136986301374,0.4365,0.575,39.69755555555556,50.059
ZM-A2-1001,2003,0.609,6035.0,3678.15,ZM,-15.36743,22.54708,14.726,1.352,2,838.583,16.953589041095892,29.214660273972605,22.998145205479453,21595673.88630137,5.202095890410959,26.792761643835618,-2.9046082191780824,0.44602173913043475,0.547,40.976444444444446,50.683
ZM-A2-1001,2004,0.26,8320.52,2161.929,ZM,-15.36743,22.54708,14.726,1.352,2,1026.05,16.600972677595628,28.631532786885245,22.47231967213115,21103580.325136613,4.992592896174863,25.043486338797813,-2.1891775956284154,0.46202173913043476,0.594,41.38469444444444,50.057
ZM-A2-1001,2005,0.199,12506.0,2490.64,ZM,-15.36743,22.54708,14.726,1.352,2,792.7,17.039005479452054,29.97002191780822,23.470189041095892,21775752.553424656,5.326498630136986,28.654624657534246,-3.154717808219178,0.4333913043478261,0.563,38.58988888888889,51.281
ZM-A2-1001,2006,0.408,4369.0,1783.0,ZM,-15.36743,22.54708,14.726,1.352,2,996.2,16.47423287671233,28.466493150684933,22.312901369863013,21033030.757534247,4.942405479452055,24.393706849315066,-2.213090410958904,0.4658913043478261,0.658,41.881249999999994,51.083
ZM-A2-1001,2007,0.173,15200.724,2633.918,ZM,-15.36743,22.54708,14.726,1.352,2,970.0,16.21745479452055,28.80268219178082,22.418805479452054,21294128.72328767,5.034295890410959,25.540728767123287,-2.3767616438356165,0.4574130434782609,0.56,40.770111111111106,51.224
ZM-A2-1001,2008,0.152,13127.0,1999.0,ZM,-15.36743,22.54708,14.726,1.352,2,1402.147,16.250909836065574,28.77146174863388,22.341571038251367,21143650.852459017,5.043,25.993497267759565,-1.211997267759563,0.47644444444444445,0.676,41.474916666666665,51.201
ZM-A2-1001,2009,0.322,12072.07,3891.269,ZM,-15.36743,22.54708,14.726,1.352,2,1057.433,16.623424657534247,28.938668493150683,22.639983561643835,21345088.405479454,5.087372602739726,25.6779698630137,-2.1902958904109586,0.4738695652173913,0.596,41.59744444444445,51.81
ZM-A2-1001,2010,0.886,7301.065,6470.238,ZM,-15.36743,22.54708,14.726,1.352,2,1178.86,17.02363561643836,28.945975342465754,22.886334246575345,20904387.76712329,4.98826301369863,25.055232876712328,-1.7585095890410958,0.4749333333333333,0.66,42.13227777777777,51.29
ZM-A2-1001,2011,1.12,7162.961,8019.883,ZM,-15.36743,22.54708,14.726,1.352,2,1170.983,16.375783561643836,28.776301369863013,22.39588493150685,21169378.369863015,4.948334246575342,25.24146301369863,-1.7401616438356164,0.46369565217391306,0.624,40.342166666666664,50.271
ZM-A2-1001,2012,0.53,7152.128,3789.757,ZM,-15.36743,22.54708,14.726,1.352,2,1171.306,16.453062841530055,29.076128415300545,22.622292349726777,21276509.142076503,5.054434426229508,26.350631147540984,-1.8541448087431693,0.46093478260869564,0.675,40.869416666666666,51.087
ZM-A2-1001,2013,0.398,7742.201,3084.799,ZM,-15.36743,22.54708,14.726,1.352,2,1122.79,16.73831780821918,29.387021917808223,22.941438356164383,21476683.37260274,5.156265753424657,27.101021917808218,-2.0801287671232878,0.45953488372093027,0.631,41.54869444444444,53.123
ZM-A2-1001,2014,0.525,6892.345,3620.742,ZM,-15.36743,22.54708,14.726,1.352,2,880.883,16.90184109589041,29.08111506849315,22.914383561643834,21196155.961643837,5.05932602739726,25.99157534246575,-2.6459479452054793,0.4794,0.608,42.04058333333333,52.251
ZM-A2-1001,2015,0.225,9294.646,2092.287,ZM,-15.36743,22.54708,14.726,1.352,2,773.709,16.973372602739726,29.67092602739726,23.237687671232877,21815281.284931507,5.267183561643836,27.92307397260274,-3.147432876712329,0.4247777777777778,0.573,38.002944444444445,49.268
ZM-A2-1001,2016,0.379,8425.016,3197.151,ZM,-15.36743,22.54708,14.726,1.352,2,1052.497,17.213734972677596,29.37235519125683,23.243090163934426,21359333.139344264,5.1884562841530055,27.061398907103825,-2.312781420765027,0.4245869565217391,0.738,38.18975,51.317
ZM-A2-1001,2017,0.507,12272.413,6219.283,ZM,-15.36743,22.54708,14.726,1.352,2,1276.348,17.145183561643837,28.93154520547945,22.868002739726027,20561529.479452055,4.9825479452054795,25.44234794520548,-1.4857041095890413,0.47922222222222227,0.633,43.221777777777774,53.142
ZM-A2-1007,2001,0.357,8156.0,2913.39,ZM,-15.20124,23.65441,15.025,1.415,6,1039.109,16.94926301369863,28.71852876712329,22.406369863013698,20817610.065753426,4.936939726027397,24.85969589041096,-2.0900657534246574,0.5247391304347826,0.67,48.31191666666667,56.69
ZM-A2-1007,2002,0.302,7942.0,2395.0,ZM,-15.20124,23.65441,15.025,1.415,6,788.855,17.320128767123286,29.279728767123288,22.97372328767123,21334897.189041097,5.172084931506849,26.618479452054796,-3.0108383561643834,0.5027173913043478,0.68,48.022194444444445,58.404
ZM-A2-1007,2003,1.105,8792.07,9714.66,ZM,-15.20124,23.65441,15.025,1.415,6,863.094,17.274309589041096,29.15005479452055,22.929230136986302,21448521.202739727,5.2137013698630135,26.68168767123288,-2.8490602739726025,0.5017173913043479,0.643,47.18861111111111,57.799
ZM-A2-1007,2004,1.229,6517.429,8008.92,ZM,-15.20124,23.65441,15.025,1.415,6,1092.842,16.895090163934427,28.875278688524592,22.591210382513662,20975662.409836065,5.05941256830601,25.786478142076504,-2.0735054644808746,0.5196304347826086,0.664,49.70755555555556,57.655
ZM-A2-1007,2005,0.386,11911.0,4600.84,ZM,-15.20124,23.65441,15.025,1.415,6,828.531,17.443536986301368,29.875183561643833,23.430986301369863,21618467.11506849,5.357684931506849,28.53392876712329,-3.0877369863013704,0.4938478260869565,0.639,46.43877777777778,57.962
ZM-A2-1007,2006,0.482,10501.0,5060.0,ZM,-15.20124,23.65441,15.025,1.415,6,968.153,16.832660273972603,28.71770136986301,22.41353698630137,20989403.83561644,5.022427397260274,25.135495890410958,-2.3699534246575342,0.5249782608695652,0.718,48.32230555555556,57.401
ZM-A2-1007,2007,0.405,10758.724,4354.215,ZM,-15.20124,23.65441,15.025,1.415,6,1049.656,16.708528767123287,28.938082191780822,22.53876438356164,21058702.05479452,5.077419178082192,25.99063287671233,-2.2016493150684933,0.5094666666666666,0.68,47.280055555555556,56.715
ZM-A2-1007,2008,0.234,18569.0,4351.0,ZM,-15.20124,23.65441,15.025,1.415,6,1332.035,16.676549180327868,29.051653005464484,22.51066666666667,21117049.587431695,5.157546448087432,26.95322677595628,-1.5181065573770491,0.5136222222222222,0.665,47.201972222222224,56.958
ZM-A2-1007,2009,0.606,10218.97,6190.353,ZM,-15.20124,23.65441,15.025,1.415,6,1038.559,16.825049315068494,29.07509589041096,22.59921095890411,21179164.04109589,5.130487671232877,26.090364383561646,-2.2851205479452052,0.5173913043478261,0.649,48.16602777777778,57.271
ZM-A2-1007,2010,1.053,8387.881,8836.125,ZM,-15.20124,23.65441,15.025,1.415,6,1115.076,17.348923287671234,29.20130684931507,22.993309589041097,20911350.0,5.103646575342466,25.87648219178082,-2.0486438356164385,0.520304347826087,0.645,48.60158333333333,57.663
ZM-A2-1007,2011,0.728,7869.055,5726.411,ZM,-15.20124,23.65441,15.025,1.415,6,1173.397,16.7100602739726,29.035813698630136,22.536098630136983,20997517.79452055,5.005939726027397,26.036646575342466,-1.791153424657534,0.5148666666666667,0.674,47.16786111111111,57.445
ZM-A2-1007,2012,0.858,6648.153,5703.981,ZM,-15.20124,23.65441,15.025,1.415,6,1077.804,16.88486612021858,29.247090163934423,22.730453551912568,21152693.262295082,5.111418032786886,26.866964480874316,-2.1665983606557377,0.5095869565217391,0.716,47.06341666666666,57.293
ZM-A2-1007,2013,0.371,8053.416,2987.302,ZM,-15.20124,23.65441,15.025,1.415,6,1138.528,17.169649315068494,29.52109589041096,23.015936986301366,21342649.85479452,5.201161643835617,27.443838356164385,-2.0819068493150685,0.5032272727272727,0.665,47.24686111111111,58.163
ZM-A2-1007,2014,0.707,7261.507,5130.53,ZM,-15.20124,23.65441,15.025,1.415,6,974.257,17.35237808219178,29.350216438356163,23.07551780821918,21049311.08219178,5.140717808219178,26.832616438356165,-2.4715205479452056,0.5221956521739131,0.669,47.63497222222222,57.135
ZM-A2-1007,2015,0.278,8258.853,2297.105,ZM,-15.20124,23.65441,15.025,1.415,6,920.508,17.292191780821916,29.63675342465753,23.171868493150686,21600757.065753426,5.2662438356164385,27.71426301369863,-2.744304109589041,0.5012391304347826,0.639,46.18438888888889,57.17
ZM-A2-1007,2016,0.923,6773.788,6254.586,ZM,-15.20124,23.65441,15.025,1.415,6,1089.48,17.53569398907104,29.491112021857923,23.278683060109287,21194079.595628414,5.2451803278688525,27.489909836065575,-2.2684590163934426,0.5177826086956522,0.79,47.58533333333333,59.593
ZM-A2-1007,2017,0.541,9827.386,5315.466,ZM,-15.20124,23.65441,15.025,1.415,6,1200.337,17.392391780821917,28.876210958904107,22.764361643835617,20405346.621917807,5.001178082191781,25.348876712328767,-1.7125835616438354,0.5276521739130434,0.672,47.32966666666667,56.018
ZM-A2-1012,2001,0.593,7549.0,4475.07,ZM,-16.01308,23.51087,14.054,1.41,6,945.349,17.101112328767123,28.756432876712328,22.453016438356165,20958976.443835616,4.925832876712329,24.820479452054794,-2.3358356164383562,0.5035869565217391,0.747,43.90608333333333,54.568
ZM-A2-1012,2002,0.294,12882.0,3783.0,ZM,-16.01308,23.51087,14.054,1.41,6,686.139,17.547180821917806,29.5149095890411,23.164791780821915,21521276.24109589,5.217241095890412,27.275432876712326,-3.3374082191780823,0.4735555555555555,0.62,41.39797222222222,54.55
ZM-A2-1012,2003,0.66,7077.49,4668.42,ZM,-16.01308,23.51087,14.054,1.41,6,831.85,17.489838356164384,29.258361643835617,23.0422602739726,21498722.64109589,5.219945205479452,27.00966575342466,-2.940904109589041,0.47615217391304343,0.653,42.129,54.097
ZM-A2-1012,2004,0.656,6462.6,4239.452,ZM,-16.01308,23.51087,14.054,1.41,6,1023.293,17.072357923497268,28.83718306010929,22.558948087431695,20978866.855191257,5.028404371584699,25.67184699453552,-2.2325218579234973,0.49632608695652175,0.638,43.93516666666667,54.382
ZM-A2-1012,2005,0.124,11893.0,1478.44,ZM,-16.01308,23.51087,14.054,1.41,6,797.702,17.612695890410958,30.037556164383563,23.540268493150684,21619857.238356166,5.363616438356164,29.02089315068493,-3.178131506849315,0.46454347826086956,0.659,40.5605,52.899
ZM-A2-1012,2006,0.351,9461.0,3325.0,ZM,-16.01308,23.51087,14.054,1.41,6,946.73,16.92553698630137,28.62328493150685,22.337079452054795,20971125.547945205,4.967246575342466,24.853835616438356,-2.3734657534246577,0.5021521739130435,0.668,44.05502777777778,55.414
ZM-A2-1012,2007,0.178,17174.873,3061.376,ZM,-16.01308,23.51087,14.054,1.41,6,946.274,16.742602739726028,28.92060273972603,22.477345205479452,21145863.86849315,5.040882191780822,25.928416438356162,-2.448350684931507,0.4867391304347826,0.656,42.25102777777778,52.386
ZM-A2-1012,2008,0.255,19778.0,5050.0,ZM,-16.01308,23.51087,14.054,1.41,6,1314.562,16.786071038251368,29.05091256830601,22.487475409836062,20972984.94535519,5.080732240437158,26.763273224043715,-1.489032786885246,0.4923181818181818,0.69,42.50922222222223,54.392
ZM-A2-1012,2009,0.263,13537.65,3563.09,ZM,-16.01308,23.51087,14.054,1.41,6,947.87,16.932624657534248,29.093394520547946,22.605372602739724,21254306.750684932,5.095989041095891,25.990775342465753,-2.4990849315068493,0.49939130434782614,0.642,43.26711111111111,53.959
ZM-A2-1012,2010,0.755,13370.754,10088.33,ZM,-16.01308,23.51087,14.054,1.41,6,1032.174,17.524276712328767,29.1724301369863,22.998460273972604,20875995.9260274,5.046383561643836,25.686098630136986,-2.218509589041096,0.4971739130434783,0.665,43.538361111111115,54.193
ZM-A2-1012,2011,0.435,13541.121,5884.301,ZM,-16.01308,23.51087,14.054,1.41,6,1098.224,16.85469315068493,29.03386849315068,22.52847123287671,21031646.87123288,4.9716219178082195,25.982805479452054,-1.9627890410958904,0.4940652173913044,0.689,41.94905555555555,52.891
ZM-A2-1012,2012,0.824,8024.001,6610.217,ZM,-16.01308,23.51087,14.054,1.41,6,1049.982,17.072456284153006,29.28091530054645,22.78640983606557,21163831.6284153,5.0832021857923495,26.91613661202186,-2.214398907103825,0.47782608695652173,0.668,41.359944444444444,53.615
ZM-A2-1012,2013,0.529,12880.968,6813.405,ZM,-16.01308,23.51087,14.054,1.41,6,1037.857,17.38066301369863,29.638005479452055,23.13789589041096,21312337.843835615,5.193005479452054,27.79282739726027,-2.3495616438356164,0.4763777777777778,0.678,42.057027777777776,53.726
ZM-A2-1012,2014,0.541,9053.285,4896.568,ZM,-16.01308,23.51087,14.054,1.41,6,888.112,17.520131506849314,29.33631506849315,23.092320547945206,21072499.471232876,5.115761643835616,26.7762602739726,-2.682578082191781,0.4967391304347826,0.689,42.66163888888889,53.81
ZM-A2-1012,2015,0.187,12016.5,2247.753,ZM,-16.01308,23.51087,14.054,1.41,6,723.894,17.500786301369864,29.91633698630137,23.419323287671233,21800534.816438355,5.3447287671232875,28.79617808219178,-3.3614575342465756,0.4702608695652174,0.604,41.09586111111111,51.549
ZM-A2-1012,2016,0.609,11174.837,6804.483,ZM,-16.01308,23.51087,14.054,1.41,6,1027.379,17.77321038251366,29.619505464480874,23.415349726775958,21236401.23224044,5.250628415300547,27.97427595628415,-2.443581967213115,0.4807173913043478,0.663,42.21530555555555,55.202
ZM-A2-1012,2017,0.595,13277.135,7906.187,ZM,-16.01308,23.51087,14.054,1.41,6,1200.877,17.505243835616437,28.979317808219175,22.858854794520546,20379987.534246575,4.987156164383562,25.739334246575343,-1.697082191780822,0.5139782608695652,0.661,43.75277777777777,54.087
ZM-A2-1014,2001,1.118,5674.0,6342.48,ZM,-16.52969,22.82306,13.413,1.413,2,858.863,17.06487397260274,28.867117808219177,22.6126602739726,21128926.99178082,4.985835616438356,25.11390684931507,-2.632786301369863,0.4714782608695652,0.749,42.686416666666666,58.268
ZM-A2-1014,2002,0.247,8733.0,2159.0,ZM,-16.52969,22.82306,13.413,1.413,2,646.154,17.505254794520546,29.7736,23.409030136986303,21708725.98630137,5.316649315068493,28.117983561643836,-3.546364383561644,0.41747826086956524,0.604,38.32238888888889,55.471
ZM-A2-1014,2003,0.688,4934.42,3396.97,ZM,-16.52969,22.82306,13.413,1.413,2,767.553,17.45604109589041,29.644715068493152,23.35594520547945,21682697.698630136,5.348197260273973,28.297241095890413,-3.245312328767123,0.4059130434782609,0.638,36.395722222222226,53.243
ZM-A2-1014,2004,1.182,8092.68,9567.171,ZM,-16.52969,22.82306,13.413,1.413,2,991.306,16.894057377049183,28.79080327868852,22.52915573770492,21094866.63114754,5.039814207650273,25.55727868852459,-2.331327868852459,0.4578695652173913,0.637,41.87166666666666,56.803
ZM-A2-1014,2005,0.122,11005.0,1337.19,ZM,-16.52969,22.82306,13.413,1.413,2,848.659,17.457528767123286,30.25365205479452,23.703375342465755,21730903.98082192,5.414819178082192,29.683657534246574,-3.08972602739726,0.4096304347826087,0.685,36.679,52.273
ZM-A2-1014,2006,0.783,3903.0,3055.0,ZM,-16.52969,22.82306,13.413,1.413,2,953.0550000000001,16.595432876712326,28.522041095890412,22.233202739726025,21008008.44109589,4.956243835616438,24.613443835616437,-2.3451342465753426,0.479804347826087,0.7,43.20477777777778,59.028
ZM-A2-1014,2007,0.433,11045.346,4777.348,ZM,-16.52969,22.82306,13.413,1.413,2,809.277,16.438060273972603,28.97110136986301,22.44575890410959,21395510.389041096,5.089980821917808,26.140849315068493,-2.8727835616438355,0.4468478260869565,0.653,39.808527777777776,55.906
ZM-A2-1014,2008,0.423,12608.0,5336.0,ZM,-16.52969,22.82306,13.413,1.413,2,1362.368,16.501603825136613,28.875357923497265,22.32989344262295,21005728.6284153,5.031284153005465,26.141920765027322,-1.308967213114754,0.4727272727272727,0.715,41.27594444444444,57.282
ZM-A2-1014,2009,0.468,12065.89,5642.664,ZM,-16.52969,22.82306,13.413,1.413,2,859.276,16.825265753424656,29.06992602739726,22.661153424657535,21462011.156164385,5.117465753424658,25.899301369863014,-2.7632849315068495,0.47439130434782606,0.663,41.39244444444444,56.843
ZM-A2-1014,2010,0.735,11908.646,8755.552,ZM,-16.52969,22.82306,13.413,1.413,2,1024.377,17.353665753424657,29.051438356164383,22.940934246575345,20954364.449315067,5.014164383561644,25.26006575342466,-2.2076520547945204,0.4698260869565217,0.661,41.87741666666667,56.319
ZM-A2-1014,2011,0.774,16134.057,12480.168,ZM,-16.52969,22.82306,13.413,1.413,2,1086.511,16.624397260273973,28.894115068493154,22.416493150684932,21125833.079452056,4.958857534246575,25.597312328767124,-1.9821150684931506,0.4654782608695652,0.673,40.82608333333334,57.368
ZM-A2-1014,2012,0.437,20418.927,8933.242,ZM,-16.52969,22.82306,13.413,1.413,2,945.875,16.767,29.2764043715847,22.726090163934426,21382598.68579235,5.1092814207650274,26.911581967213113,-2.5249234972677597,0.45810869565217394,0.69,40.40455555555556,58.656
ZM-A2-1014,2013,0.404,22716.579,9168.53,ZM,-16.52969,22.82306,13.413,1.413,2,978.211,17.149416438356166,29.63990684931507,23.125024657534247,21536682.684931505,5.238835616438356,27.888830136986304,-2.5588054794520545,0.42904545454545456,0.677,39.174277777777775,57.53
ZM-A2-1014,2014,0.544,14723.675,8015.803,ZM,-16.52969,22.82306,13.413,1.413,2,777.955,17.355632876712328,29.307252054794525,23.11681369863014,21151194.783561643,5.1431068493150685,26.8262602739726,-3.011723287671233,0.4592391304347826,0.663,40.29194444444445,56.115
ZM-A2-1014,2015,0.078,19286.351,1499.855,ZM,-16.52969,22.82306,13.413,1.413,2,624.76,17.432575342465753,30.29179178082192,23.706843835616436,22043376.810958903,5.498238356164383,30.27980821917808,-3.786567123287671,0.41089130434782606,0.587,36.881972222222224,50.975
ZM-A2-1014,2016,0.455,11232.246,5112.069,ZM,-16.52969,22.82306,13.413,1.413,2,968.167,17.66801912568306,29.77860382513661,23.562237704918033,21418569.523224045,5.315174863387978,28.607325136612022,-2.6699098360655737,0.4335434782608696,0.74,38.764472222222224,56.354
ZM-A2-1014,2017,0.629,13386.489,8421.41,ZM,-16.52969,22.82306,13.413,1.413,2,1067.882,17.361753424657532,29.047057534246573,22.937942465753427,20590850.534246575,5.029408219178082,26.071005479452054,-2.103704109589041,0.5008913043478261,0.708,43.15613888888889,57.836
ZM-A2-1018,2001,0.689,7866.0,5418.9,ZM,-14.81981,24.96622,11.081,1.403,5,1104.955,16.344268493150686,27.746342465753425,21.498813698630137,20850069.446575344,4.803671232876712,22.813978082191785,-1.7763972602739726,0.5831521739130434,0.779,51.14691666666667,64.135
ZM-A2-1018,2002,0.595,7547.0,4487.0,ZM,-14.81981,24.96622,11.081,1.403,5,840.928,16.68227397260274,28.12841917808219,21.960405479452053,21369781.18630137,5.012435616438356,23.947986301369863,-2.708523287671233,0.555804347826087,0.729,50.6605,67.312
ZM-A2-1018,2003,0.894,10261.0,9170.21,ZM,-14.81981,24.96622,11.081,1.403,5,890.925,16.580567123287672,28.000301369863017,21.833328767123287,21346046.35890411,4.996723287671233,24.010213698630135,-2.5558328767123286,0.5577173913043478,0.741,50.964444444444446,64.863
ZM-A2-1018,2004,1.383,12148.072,16798.717,ZM,-14.81981,24.96622,11.081,1.403,5,1025.683,16.311461748633878,27.724658469945357,21.561491803278688,20888994.88797814,4.851857923497268,23.102245901639346,-2.049445355191257,0.5758260869565217,0.751,52.47088888888889,65.322
ZM-A2-1018,2005,0.876,15326.0,13428.27,ZM,-14.81981,24.96622,11.081,1.403,5,782.084,16.790931506849315,28.7396904109589,22.401545205479454,21700853.05479452,5.229030136986301,25.9677698630137,-3.0863342465753423,0.5370217391304347,0.735,49.25677777777778,65.95
ZM-A2-1018,2006,1.209,10232.0,12368.0,ZM,-14.81981,24.96622,11.081,1.403,5,957.8,16.318928767123285,27.69225753424658,21.508961643835615,20970264.09041096,4.855558904109589,22.865249315068496,-2.231449315068493,0.5774782608695652,0.779,51.55447222222222,65.559
ZM-A2-1018,2007,1.355,13708.09,18568.88,ZM,-14.81981,24.96622,11.081,1.403,5,1036.334,16.30111780821918,27.931142465753425,21.699235616438354,21001317.747945204,4.9261698630136985,23.74641643835616,-2.0868986301369863,0.5727777777777777,0.757,50.57416666666667,64.527
ZM-A2-1018,2008,0.642,14483.0,9303.0,ZM,-14.81981,24.96622,11.081,1.403,5,1172.6209999999999,16.061726775956284,28.019524590163936,21.53145081967213,21240031.759562843,5.023631147540983,24.66334699453552,-1.8197486338797815,0.5627777777777777,0.759,49.376805555555556,64.606
ZM-A2-1018,2009,1.023,18067.41,18481.757,ZM,-14.81981,24.96622,11.081,1.403,5,1102.863,16.127438356164383,27.82799726027397,21.489512328767123,20997616.408219177,4.888284931506849,23.20151780821918,-1.8667424657534246,0.5729565217391305,0.74,50.52733333333333,64.938
ZM-A2-1018,2010,1.362,21563.755,29374.014,ZM,-14.81981,24.96622,11.081,1.403,5,1150.939,16.67201917808219,28.081950684931506,21.914835616438356,20767687.071232878,4.888999999999999,23.30742465753425,-1.7357424657534248,0.5791086956521739,0.738,51.42661111111111,65.818
ZM-A2-1018,2011,2.042,19530.206,39881.626,ZM,-14.81981,24.96622,11.081,1.403,5,1161.335,16.159868493150686,27.96454520547945,21.583687671232877,21095879.65479452,4.851695890410959,23.5376602739726,-1.6699561643835616,0.5627555555555556,0.742,50.23227777777778,65.831
ZM-A2-1018,2012,1.765,19128.706,33755.166,ZM,-14.81981,24.96622,11.081,1.403,5,1065.941,16.34322950819672,28.09330601092896,21.756275956284153,21067220.609289616,4.910879781420765,24.092554644808743,-1.9984726775956285,0.5599999999999999,0.734,50.027638888888895,66.995
ZM-A2-1018,2013,1.897,24550.503,46584.23,ZM,-14.81981,24.96622,11.081,1.403,5,1081.996,16.62498904109589,28.317887671232878,21.975479452054795,21229984.446575344,4.987561643835616,24.495980821917808,-2.02318904109589,0.5554222222222223,0.784,48.913361111111115,65.777
ZM-A2-1018,2014,1.678,23153.637,38852.083,ZM,-14.81981,24.96622,11.081,1.403,5,986.679,16.870679452054794,28.293827397260273,22.135539726027396,21053194.78630137,4.993890410958904,24.50105479452055,-2.2906602739726027,0.5676739130434783,0.762,50.11569444444444,65.338
ZM-A2-1018,2015,1.284,24429.676,31361.339,ZM,-14.81981,24.96622,11.081,1.403,5,1055.646,16.576161643835615,28.42401095890411,22.044860273972603,21570117.983561642,5.055531506849315,24.67513150684932,-2.163350684931507,0.5528478260869566,0.737,49.54544444444444,65.107
ZM-A2-1018,2016,1.911,22632.507,43241.415,ZM,-14.81981,24.96622,11.081,1.403,5,1054.3029999999999,16.908330601092896,28.356718579234972,22.232898907103824,21277011.13387978,5.068647540983607,24.83986338797814,-2.18803825136612,0.5563555555555556,0.763,50.03141666666667,67.709
ZM-A2-1018,2017,1.54,23561.574,36294.725,ZM,-14.81981,24.96622,11.081,1.403,5,1233.04,16.62486301369863,27.714838356164382,21.66390684931507,20345235.96438356,4.783131506849315,22.71856438356164,-1.4049397260273973,0.5765217391304348,0.773,50.07372222222222,65.547
ZM-A2-1019,2001,0.53,4889.0,2591.01,ZM,-14.19723,23.4357,14.565,1.382,2,1300.115,17.07072602739726,28.834372602739727,22.43829315068493,20742654.473972604,4.890539726027398,24.868706849315068,-1.3285808219178084,0.5926,0.748,53.58091666666667,65.944
ZM-A2-1019,2002,0.698,4351.0,3038.0,ZM,-14.19723,23.4357,14.565,1.382,2,965.056,17.28252602739726,29.193389041095887,22.797690410958904,21144111.74520548,5.011643835616439,25.675723287671232,-2.367654794520548,0.5692888888888888,0.762,52.37780555555556,66.438
ZM-A2-1019,2003,0.781,3488.35,2725.14,ZM,-14.19723,23.4357,14.565,1.382,2,1084.969,17.2484301369863,29.246682191780824,22.82540547945205,21264593.643835615,5.092260273972602,26.339882191780823,-2.1197424657534247,0.5808913043478261,0.756,51.97622222222222,66.084
ZM-A2-1019,2004,0.812,2528.19,2052.605,ZM,-14.19723,23.4357,14.565,1.382,2,1158.664,16.947453551912567,28.90015300546448,22.52272131147541,21069619.06284153,4.971696721311476,25.333871584699455,-1.805948087431694,0.5913260869565218,0.784,53.790055555555554,64.54
ZM-A2-1019,2005,0.753,5281.0,3979.08,ZM,-14.19723,23.4357,14.565,1.382,2,908.53,17.36054794520548,29.83893698630137,23.242471232876714,21723671.860273972,5.227084931506849,27.76684931506849,-2.7379616438356162,0.5555,0.758,50.116416666666666,65.531
ZM-A2-1019,2006,0.86,3724.0,3204.0,ZM,-14.19723,23.4357,14.565,1.382,2,1180.813,16.93514794520548,28.798468493150686,22.424024657534247,21017572.812328767,4.9455616438356165,24.790920547945205,-1.7104575342465753,0.5918260869565217,0.799,53.231972222222225,67.074
ZM-A2-1019,2007,0.51,3963.631,2020.375,ZM,-14.19723,23.4357,14.565,1.382,2,1216.023,16.844523287671233,29.025372602739726,22.55720273972603,21031721.69041096,4.993753424657534,25.655975342465755,-1.6621835616438356,0.5757555555555556,0.815,51.308055555555555,63.71
ZM-A2-1019,2008,0.803,3234.0,2596.0,ZM,-14.19723,23.4357,14.565,1.382,2,1192.001,16.82534699453552,29.163857923497268,22.517956284153005,21260926.26775956,5.112601092896175,26.804773224043718,-1.8557677595628415,0.5854444444444444,0.777,51.089111111111116,64.636
ZM-A2-1019,2009,0.79,6752.78,5335.347,ZM,-14.19723,23.4357,14.565,1.382,2,1164.738,16.995345205479452,29.140991780821917,22.617649315068494,21026819.78082192,5.0253424657534245,25.970849315068495,-1.8342794520547947,0.5839565217391305,0.747,51.11277777777778,63.644
ZM-A2-1019,2010,0.567,7471.704,4238.543,ZM,-14.19723,23.4357,14.565,1.382,2,1333.273,17.40011780821918,29.203920547945206,22.89994520547945,20935494.391780823,5.019120547945206,25.51037808219178,-1.366317808219178,0.5742826086956522,0.795,51.32555555555555,64.391
ZM-A2-1019,2011,1.793,7144.387,12808.661,ZM,-14.19723,23.4357,14.565,1.382,2,1339.466,16.808027397260275,29.059065753424655,22.472427397260272,21025183.3369863,4.938846575342466,25.576487671232876,-1.2690767123287672,0.5837608695652174,0.807,50.49183333333333,65.368
ZM-A2-1019,2012,0.733,8301.828,6082.811,ZM,-14.19723,23.4357,14.565,1.382,2,1285.847,16.94385792349727,29.175453551912568,22.601147540983607,21023684.901639346,4.994647540983606,26.127948087431694,-1.4814043715846994,0.5718695652173913,0.759,50.003611111111105,64.203
ZM-A2-1019,2013,0.774,6347.666,4911.045,ZM,-14.19723,23.4357,14.565,1.382,2,1226.772,17.119832876712326,29.424178082191784,22.813791780821916,21230943.528767124,5.056378082191781,26.62095616438356,-1.6953589041095891,0.5608863636363636,0.753,50.50552777777778,64.669
ZM-A2-1019,2014,0.914,5805.966,5305.224,ZM,-14.19723,23.4357,14.565,1.382,2,1170.417,17.336487671232877,29.228301369863015,22.87289589041096,20979033.68219178,4.992778082191781,25.92954520547945,-1.7861561643835617,0.5847173913043477,0.86,50.12397222222222,62.886
ZM-A2-1019,2015,0.482,7017.128,3380.179,ZM,-14.19723,23.4357,14.565,1.382,2,1087.929,17.321016438356164,29.48066301369863,22.944408219178083,21402895.72328767,5.0883890410958905,26.537169863013702,-2.1077616438356164,0.5523478260869565,0.711,49.01658333333333,64.418
ZM-A2-1019,2016,1.12,7783.783,8717.383,ZM,-14.19723,23.4357,14.565,1.382,2,1192.576,17.56504918032787,29.569857923497267,23.213346994535517,21304742.573770493,5.146035519125683,27.103101092896175,-1.8876311475409837,0.5423333333333333,0.768,48.99369444444444,64.126
ZM-A2-1019,2017,1.097,6515.607,7144.55,ZM,-14.19723,23.4357,14.565,1.382,2,1413.606,17.456027397260275,28.997435616438356,22.729172602739723,20521254.32328767,4.934164383561644,25.062194520547944,-1.0612712328767122,0.5870434782608696,0.763,50.84458333333333,62.849
ZM-A2-1020,2001,0.439,9071.0,3986.64,ZM,-16.90476,24.75661,12.817,1.479,6,838.08,16.688550684931506,28.898065753424657,22.33808219178082,20943167.7369863,4.928487671232877,25.38782191780822,-2.6323780821917806,0.5277826086956522,0.811,48.92066666666667,66.828
ZM-A2-1020,2002,0.233,6158.0,1432.0,ZM,-16.90476,24.75661,12.817,1.479,6,501.338,17.425180821917806,30.000104109589042,23.416394520547946,21580535.238356166,5.351627397260274,29.074019178082192,-3.9780986301369867,0.4408478260869565,0.729,41.91694444444445,68.169
ZM-A2-1020,2003,0.401,6671.0,2674.19,ZM,-16.90476,24.75661,12.817,1.479,6,755.343,17.27611506849315,29.4326301369863,23.011558904109588,21433219.287671234,5.2106876712328765,27.749838356164386,-3.141254794520548,0.4546521739130435,0.706,43.03288888888889,65.419
ZM-A2-1020,2004,0.636,9867.43,6273.52,ZM,-16.90476,24.75661,12.817,1.479,6,800.051,16.73674863387978,28.97770491803279,22.457554644808745,20881890.784153007,5.010661202185792,26.246027322404373,-2.8247295081967216,0.5134130434782609,0.706,48.711972222222215,68.393
ZM-A2-1020,2005,0.135,16976.0,2297.5,ZM,-16.90476,24.75661,12.817,1.479,6,719.692,17.359950684931505,30.257789041095894,23.502942465753428,21443343.88219178,5.398002739726027,30.013394520547944,-3.426243835616438,0.4647608695652174,0.74,43.58116666666667,66.048
ZM-A2-1020,2006,0.419,8820.0,3693.0,ZM,-16.90476,24.75661,12.817,1.479,6,844.717,16.6007397260274,28.53395890410959,22.09872328767123,20849520.816438355,4.874882191780822,24.657898630136987,-2.5605890410958905,0.5447173913043478,0.765,50.79538888888889,69.467
ZM-A2-1020,2007,0.354,16777.348,5937.05,ZM,-16.90476,24.75661,12.817,1.479,6,839.565,16.522734246575343,28.87897260273973,22.351457534246574,20999530.860273972,4.951309589041096,25.867879452054794,-2.6511315068493153,0.5162888888888889,0.802,47.13130555555556,66.957
ZM-A2-1020,2008,0.263,28015.0,7372.0,ZM,-16.90476,24.75661,12.817,1.479,6,1172.515,16.276833333333332,28.831314207650273,22.058330601092898,20835944.836065575,4.915732240437158,25.938683060109287,-1.7121393442622952,0.5262954545454546,0.775,48.314861111111114,67.625
ZM-A2-1020,2009,0.775,17706.8,13723.688,ZM,-16.90476,24.75661,12.817,1.479,6,811.922,16.362723287671233,28.739350684931505,22.080791780821915,21189671.739726026,4.9266575342465755,24.781013698630137,-2.702213698630137,0.5384782608695652,0.769,49.141083333333334,70.047
ZM-A2-1020,2010,1.173,17944.258,21041.221,ZM,-16.90476,24.75661,12.817,1.479,6,922.664,17.22363287671233,29.097775342465752,22.793712328767125,20776006.706849314,4.953471232876712,25.365901369863014,-2.4256246575342466,0.5455434782608696,0.8,49.14986111111111,69.64
ZM-A2-1020,2011,0.417,25734.996,10723.331,ZM,-16.90476,24.75661,12.817,1.479,6,885.007,16.59681095890411,29.029958904109588,22.39215616438356,21016442.243835617,4.907232876712329,25.928838356164384,-2.4825561643835616,0.5087826086956522,0.747,45.371361111111106,66.936
ZM-A2-1020,2012,0.644,22076.918,14227.909,ZM,-16.90476,24.75661,12.817,1.479,6,883.521,16.79814480874317,29.188969945355193,22.591207650273223,21126877.81693989,5.004964480874317,26.53681967213115,-2.5909726775956288,0.491304347826087,0.762,45.11833333333333,69.918
ZM-A2-1020,2013,0.492,13809.945,6793.736,ZM,-16.90476,24.75661,12.817,1.479,6,887.423,17.030142465753425,29.482131506849313,22.865167123287673,21259164.78082192,5.087021917808219,27.183975342465754,-2.6557260273972605,0.49317391304347824,0.753,44.57658333333333,67.179
ZM-A2-1020,2014,0.559,22274.705,12455.915,ZM,-16.90476,24.75661,12.817,1.479,6,798.351,17.20046575342466,29.28122191780822,22.877153424657536,20994749.638356164,5.027460273972602,26.55739178082192,-2.8401972602739725,0.5272608695652174,0.75,47.66283333333334,67.662
ZM-A2-1020,2015,0.288,23077.196,6647.306,ZM,-16.90476,24.75661,12.817,1.479,6,560.571,17.22700821917808,30.238032876712328,23.48150136986301,21846535.00547945,5.413367123287671,29.926520547945206,-3.8775561643835617,0.47897826086956524,0.761,43.629638888888884,65.451
ZM-A2-1020,2016,0.519,24067.35,12491.97,ZM,-16.90476,24.75661,12.817,1.479,6,932.889,17.562939890710382,29.807527322404372,23.437666666666665,21260605.19945355,5.266180327868852,28.644379781420767,-2.7173032786885245,0.4970869565217391,0.76,45.206944444444446,68.186
ZM-A2-1020,2017,0.526,26261.017,13807.107,ZM,-16.90476,24.75661,12.817,1.479,6,1125.027,17.008071232876713,28.743778082191778,22.548408219178082,20262158.098630138,4.853452054794521,25.18952602739726,-1.7711863013698628,0.5550434782608695,0.78,48.39666666666667,65.636
