crop_name_x,country_code,adm_id,harvest_year,yield,harvest_area,production,latitude,longitude,prec_sum,tmin_mean,tmax_mean,tavg_mean,rad_mean,et0_mean,vpd_mean,cwb_mean,ndvi_mean,ndvi_max,fpar_mean,fpar_max,crop_name_y,awc,bulk_density,drainage_class
winter_wheat,HR,HR03,2008,3.808,3016.0,11485.0,44.61342,15.00517,1371.319,8.754918032786886,16.76536338797814,12.716437158469946,14254436.904030055,2.5534371584699453,9.96498087431694,1.1933360655737704,0.5578260869565217,0.738,48.98441666666666,70.44,wheat,13.656,1.455,4
winter_wheat,HR,HR03,2009,3.33,2763.0,9200.0,44.61342,15.00517,1323.262,8.698257534246576,16.805942465753425,12.708449315068492,14402343.547260273,2.6182191780821915,10.284583561643835,1.0071561643835618,0.5618260869565218,0.71,48.59813888888888,66.653,wheat,13.656,1.455,4
winter_wheat,HR,HR03,2010,3.515,1927.0,6773.0,44.61342,15.00517,1692.006,8.026775342465754,15.798353424657535,11.89155616438356,13824160.87910959,2.4672739726027397,9.299172602739725,2.168358904109589,0.585413043478261,0.739,50.69872222222222,69.127,wheat,13.656,1.455,4
winter_wheat,HR,HR03,2011,3.683,1959.0,7215.0,44.61342,15.00517,834.395,8.538852054794521,17.20164383561644,12.771597260273973,15187388.133904109,2.708627397260274,11.078071232876713,-0.422613698630137,0.554391304347826,0.698,48.520999999999994,66.196,wheat,13.656,1.455,4
winter_wheat,HR,HR03,2012,3.508,2164.0,7591.0,44.61342,15.00517,1164.901,8.510390710382513,17.041303278688524,12.722275956284154,14918505.50307377,2.715073770491803,11.226398907103825,0.4677158469945355,0.5523695652173913,0.709,48.66769444444444,65.971,wheat,13.656,1.455,4
winter_wheat,HR,HR03,2013,3.44,2502.0,8606.0,44.61342,15.00517,1510.522,8.59030410958904,16.64726575342466,12.591742465753425,14141311.40239726,2.5365068493150686,10.036901369863013,1.601909589041096,0.596108695652174,0.736,53.88122222222222,69.017,wheat,13.656,1.455,4
winter_wheat,HR,HR03,2014,2.692,2613.0,7033.0,44.61342,15.00517,1754.478,9.467819178082191,17.077347945205478,13.260232876712328,13629200.328424657,2.413460273972603,9.008701369863013,2.3933287671232875,0.6267826086956522,0.743,57.01697222222222,67.377,wheat,13.656,1.455,4
winter_wheat,HR,HR03,2015,3.774,2204.0,8318.0,44.61342,15.00517,1056.52,8.924734246575342,17.380805479452054,13.044649315068492,14726721.535273973,2.6632849315068494,10.915610958904109,0.23129041095890412,0.5928913043478261,0.736,52.22519444444444,67.859,wheat,13.656,1.455,4
winter_wheat,HR,HR03,2016,3.683,2823.0,10396.0,44.61342,15.00517,1326.796,8.746371584699453,16.96443989071038,12.786000000000001,14192687.791325137,2.5701994535519126,10.000743169398907,1.0549262295081967,0.6016888888888889,0.746,53.590333333333334,70.717,wheat,13.656,1.455,4
winter_wheat,HR,HR03,2017,3.958,1560.0,6174.0,44.61342,15.00517,1291.051,8.369693150684931,17.122095890410957,12.675073972602739,14967572.193835616,2.7194630136986304,11.15631506849315,0.8176630136986301,0.5809130434782609,0.728,51.3545,68.077,wheat,13.656,1.455,4
winter_wheat,HR,HR03,2018,3.684,1273.0,4690.0,44.61342,15.00517,1280.587,9.380808219178082,17.58615890410959,13.380400000000002,14210094.809931507,2.6321589041095894,10.685186301369862,0.8762986301369864,0.6079565217391305,0.754,54.436861111111114,70.736,wheat,13.656,1.455,4
winter_wheat,HR,HR03,2020,3.431,2088.0,7163.0,44.61342,15.00517,1171.968,8.851256830601093,17.535551912568305,13.120729508196721,14869811.601092895,2.665532786885246,10.7204043715847,0.5365655737704917,0.5992173913043478,0.705,53.89891666666667,64.936,wheat,13.656,1.455,4
winter_wheat,HR,HR04,2008,5.523,151729.0,837994.0,45.59459,17.99166,698.028,7.844147540983607,17.36231693989071,12.516,13580822.969262294,2.489642076502732,11.440994535519128,-0.5824617486338798,0.541340909090909,0.72,45.50672222222222,70.016,wheat,15.037,1.488,2
winter_wheat,HR,HR04,2009,5.223,176468.0,921637.0,45.59459,17.99166,752.84,7.865345205479453,17.088821917808218,12.401320547945206,13441741.926712329,2.51493698630137,11.515043835616439,-0.45236164383561644,0.5238636363636364,0.718,43.559888888888885,65.547,wheat,15.037,1.488,2
winter_wheat,HR,HR04,2010,4.053,164801.0,667920.0,45.59459,17.99166,1113.948,7.227613698630138,15.721271232876713,11.363383561643836,12528029.285786303,2.2435342465753423,9.267920547945206,0.8083780821917808,0.5466046511627908,0.728,43.37927777777778,69.917,wheat,15.037,1.488,2
winter_wheat,HR,HR04,2011,5.254,145221.0,763009.0,45.59459,17.99166,487.392,7.148594520547945,16.857602739726026,11.83263287671233,13914752.440410959,2.5300000000000002,11.869254794520549,-1.1946794520547945,0.5005333333333334,0.727,40.589305555555555,66.363,wheat,15.037,1.488,2
winter_wheat,HR,HR04,2012,5.368,183680.0,986045.0,45.59459,17.99166,656.528,7.390898907103825,17.51419398907104,12.409491803278687,13978770.06215847,2.660431693989071,13.095202185792349,-0.866639344262295,0.5010222222222223,0.724,40.682611111111115,68.492,wheat,15.037,1.488,2
winter_wheat,HR,HR04,2013,4.905,200926.0,985541.0,45.59459,17.99166,822.628,7.618953424657534,16.671405479452055,12.064416438356163,13084683.217808219,2.3886219178082193,10.890356164383562,-0.13484657534246575,0.5524565217391304,0.696,46.75627777777778,65.011,wheat,15.037,1.488,2
winter_wheat,HR,HR04,2014,4.171,152118.0,634423.0,45.59459,17.99166,1040.5,8.526424657534246,17.213312328767124,12.744734246575344,12807428.359931506,2.280882191780822,9.667838356164383,0.5698027397260275,0.5616888888888889,0.716,47.41333333333333,68.832,wheat,15.037,1.488,2
winter_wheat,HR,HR04,2015,5.394,137248.0,740314.0,45.59459,17.99166,766.245,7.848947945205479,17.294632876712328,12.469915068493151,13349783.852054795,2.4884575342465753,11.507589041095892,-0.38915616438356165,0.5355333333333333,0.689,43.22555555555556,63.194,wheat,15.037,1.488,2
winter_wheat,HR,HR04,2016,5.751,164704.0,947192.0,45.59459,17.99166,828.579,7.455275956284153,16.76446994535519,12.009065573770492,13047675.420765027,2.369379781420765,10.441784153005464,-0.10550273224043714,0.5580444444444445,0.726,46.40222222222222,69.959,wheat,15.037,1.488,2
winter_wheat,HR,HR04,2017,5.905,113946.0,672858.0,45.59459,17.99166,763.39,7.177564383561644,17.37022191780822,12.19160273972603,13975239.975,2.633060273972603,12.428104109589041,-0.5415808219178082,0.53375,0.672,43.823277777777776,63.695,wheat,15.037,1.488,2
winter_wheat,HR,HR04,2018,5.462,133972.0,731767.0,45.59459,17.99166,806.5889999999999,8.369690410958905,17.604578082191782,12.818339726027398,13430123.922260273,2.49453698630137,11.509556164383563,-0.2847041095890411,0.543711111111111,0.736,46.97530555555555,70.703,wheat,15.037,1.488,2
winter_wheat,HR,HR04,2019,5.599,139294.0,779871.0,45.59459,17.99166,779.606,8.198575342465753,18.002068493150684,13.000558904109589,13480122.433561644,2.5223753424657533,11.853438356164384,-0.38646849315068493,0.553,0.725,47.26372222222223,69.128,wheat,15.037,1.488,2
winter_wheat,HR,HR04,2020,5.902,142207.0,839285.0,45.59459,17.99166,697.999,7.813773224043715,17.445937158469945,12.496715846994535,13653091.344945354,2.561516393442623,11.618445355191255,-0.654415300546448,0.5688260869565217,0.716,48.28788888888889,69.905,wheat,15.037,1.488,2
winter_wheat,HU,HU110,2002,2.993,10512.0,31467.0,47.5131,19.16772,668.494,7.192838356164383,15.959539726027398,11.49386301369863,12811359.694520548,2.523391780821918,10.648175342465754,-0.6919013698630138,0.4535,0.611,34.68911111111111,53.009,wheat,14.444,1.442,5
winter_wheat,HU,HU110,2003,1.6,10254.0,16409.0,47.5131,19.16772,460.325,5.973016438356164,15.764249315068493,10.772923287671233,13757501.994863013,2.6449287671232877,11.924353424657534,-1.3837643835616438,0.4255675675675676,0.55,28.978305555555558,47.257,wheat,14.444,1.442,5
winter_wheat,HU,HU110,2004,4.822,8307.0,40055.0,47.5131,19.16772,678.521,6.432024590163935,14.770904371584699,10.456303278688525,12519951.93169399,2.330997267759563,9.463822404371586,-0.4771147540983606,0.45158536585365855,0.636,33.81194444444444,57.607,wheat,14.444,1.442,5
winter_wheat,HU,HU110,2005,4.051,8644.0,35021.0,47.5131,19.16772,772.998,6.250024657534246,14.994605479452055,10.400542465753425,12784855.694178082,2.3637287671232876,9.852238356164383,-0.2459260273972603,0.47722499999999995,0.62,35.84502777777778,53.604,wheat,14.444,1.442,5
winter_wheat,HU,HU110,2006,3.186,9968.0,31757.0,47.5131,19.16772,536.196,6.792049315068493,15.604032876712328,11.077471232876713,12729081.233561644,2.4207287671232876,10.616802739726026,-0.9516986301369863,0.47140000000000004,0.654,35.14297222222222,54.213,wheat,14.444,1.442,5
winter_wheat,HU,HU110,2007,2.876,9662.0,27789.0,47.5131,19.16772,586.635,7.54845205479452,16.900090410958907,12.180008219178083,13245306.882191781,2.785076712328767,12.733630136986301,-1.1778575342465754,0.44960465116279075,0.566,35.47980555555555,50.212,wheat,14.444,1.442,5
winter_wheat,HU,HU110,2011,3.45,6458.0,22283.0,47.5131,19.16772,416.07,6.5116,15.935838356164384,11.09405205479452,13307293.997945206,2.532646575342466,11.28274794520548,-1.3927287671232877,0.44436363636363635,0.636,34.29691666666667,52.858,wheat,14.444,1.442,5
winter_wheat,HU,HU110,2016,4.414,8260.0,36460.0,47.5131,19.16772,780.985,6.811005464480874,15.70976775956284,11.196423497267759,12798717.174180327,2.350415300546448,9.772838797814208,-0.21657650273224044,0.5080909090909091,0.654,39.743916666666664,55.687,wheat,14.444,1.442,5
winter_wheat,HU,HU110,2018,4.883,6575.0,32107.0,47.5131,19.16772,638.105,7.769997260273972,16.79860821917808,12.212901369863014,12953248.839726027,2.5187616438356164,11.284876712328765,-0.7705287671232877,0.50465,0.658,40.01163888888889,57.282,wheat,14.444,1.442,5
winter_wheat,HU,HU110,2019,5.236,7250.0,37962.0,47.5131,19.16772,668.828,7.635356164383563,17.133180821917808,12.331945205479451,13046057.212841097,2.5494164383561646,11.308898630136985,-0.7170109589041096,0.4907045454545455,0.7,41.28172222222222,54.126,wheat,14.444,1.442,5
winter_wheat,HU,HU120,2002,2.738,54776.0,149956.0,47.41523,19.41166,660.379,7.228468493150685,16.042158904109588,11.566189041095889,12829956.543835616,2.521032876712329,10.676257534246576,-0.7117753424657535,0.4915714285714286,0.65,40.44941666666667,62.376,wheat,14.286,1.427,5
winter_wheat,HU,HU120,2003,1.803,52132.0,93970.0,47.41523,19.41166,456.40500000000003,5.960769863013699,15.772317808219178,10.803969863013698,13736525.689041097,2.6303698630136987,11.991243835616439,-1.379945205479452,0.45519999999999994,0.614,34.252361111111114,56.598,wheat,14.286,1.427,5
winter_wheat,HU,HU120,2004,4.512,61855.0,279082.0,47.41523,19.41166,693.983,6.532341530054644,14.9273825136612,10.591964480874317,12561199.56010929,2.348931693989071,9.696704918032788,-0.4528032786885246,0.5042558139534884,0.709,41.667722222222224,68.619,wheat,14.286,1.427,5
winter_wheat,HU,HU120,2005,4.437,63538.0,281902.0,47.41523,19.41166,800.096,6.226290410958904,14.971468493150686,10.408813698630137,12728559.798972603,2.337372602739726,9.764665753424659,-0.14532876712328766,0.5181627906976743,0.687,43.33305555555555,66.219,wheat,14.286,1.427,5
winter_wheat,HU,HU120,2006,4.204,54027.0,227130.0,47.41523,19.41166,555.347,6.811704109589041,15.624180821917808,11.110194520547946,12680386.449657533,2.403895890410959,10.59270684931507,-0.8823972602739726,0.4940888888888889,0.725,42.00661111111111,66.438,wheat,14.286,1.427,5
winter_wheat,HU,HU120,2007,2.771,56357.0,156188.0,47.41523,19.41166,588.071,7.545657534246575,16.943312328767124,12.228734246575343,13254501.81369863,2.766608219178082,12.748131506849315,-1.155454794520548,0.5000909090909091,0.636,42.60969444444444,60.002,wheat,14.286,1.427,5
winter_wheat,HU,HU120,2008,4.819,54812.0,264158.0,47.41523,19.41166,620.976,7.359002732240437,16.435647540983606,11.783382513661202,12974685.640027322,2.5086939890710385,10.876101092896175,-0.8120382513661203,0.5249090909090909,0.704,46.47558333333333,69.774,wheat,14.286,1.427,5
winter_wheat,HU,HU120,2009,3.135,56933.0,178498.0,47.41523,19.41166,637.461,7.2631506849315075,16.266660273972605,11.748101369863013,13209202.914383562,2.613287671232877,11.57938904109589,-0.8668191780821918,0.4933863636363636,0.64,41.131277777777775,59.793,wheat,14.286,1.427,5
winter_wheat,HU,HU120,2010,3.267,52988.0,173101.0,47.41523,19.41166,1059.804,6.658964383561644,14.74492876712329,10.564934246575342,12223201.228594521,2.2072520547945205,8.769679452054795,0.6963205479452055,0.5394146341463415,0.708,43.42897222222222,64.594,wheat,14.286,1.427,5
winter_wheat,HU,HU120,2011,4.26,53312.0,227134.0,47.41523,19.41166,430.919,6.585717808219178,16.0502,11.216531506849316,13330031.341438357,2.5398739726027397,11.483849315068491,-1.3592739726027396,0.4826444444444445,0.693,41.18588888888889,65.486,wheat,14.286,1.427,5
winter_wheat,HU,HU120,2012,2.83,56194.0,159054.0,47.41523,19.41166,519.297,6.9170765027322405,16.82763387978142,11.882524590163934,13568898.63387978,2.7676475409836065,13.221713114754099,-1.3488032786885245,0.4697441860465117,0.648,37.61172222222222,60.915,wheat,14.286,1.427,5
winter_wheat,HU,HU120,2013,4.277,55681.0,238147.0,47.41523,19.41166,757.625,7.269594520547946,15.88447397260274,11.53505205479452,12624655.742808219,2.4380849315068494,10.859142465753425,-0.36240000000000006,0.5284047619047619,0.706,43.92113888888889,65.44,wheat,14.286,1.427,5
winter_wheat,HU,HU120,2014,4.641,60062.0,278770.0,47.41523,19.41166,840.0790000000001,8.140052054794522,16.669457534246575,12.33967123287671,12331062.82790959,2.372594520547945,10.001035616438356,-0.0710082191780822,0.5543636363636364,0.679,48.516666666666666,62.116,wheat,14.286,1.427,5
winter_wheat,HU,HU120,2015,4.917,59198.0,291081.0,47.41523,19.41166,591.97,7.606284931506849,16.671016438356165,12.044449315068494,12750047.90410959,2.5156,11.522556164383563,-0.8937643835616438,0.5281428571428571,0.703,45.27897222222222,65.376,wheat,14.286,1.427,5
winter_wheat,HU,HU120,2016,4.769,56307.0,268532.0,47.41523,19.41166,768.107,6.947939890710383,15.86545355191257,11.367551912568308,12804816.358092897,2.38648087431694,10.110792349726777,-0.28782786885245903,0.5413863636363637,0.736,45.994166666666665,66.689,wheat,14.286,1.427,5
winter_wheat,HU,HU120,2018,4.77,52969.0,252678.0,47.41523,19.41166,643.987,7.934534246575343,16.9724,12.385342465753423,12928164.357534247,2.5534219178082194,11.632424657534246,-0.7890739726027397,0.5276086956521739,0.697,46.34641666666667,67.922,wheat,14.286,1.427,5
winter_wheat,HU,HU120,2019,4.787,53636.0,256771.0,47.41523,19.41166,687.693,7.778520547945205,17.30612328767123,12.49910684931507,13029526.28150685,2.578139726027397,11.597821917808218,-0.6940493150684932,0.5316222222222222,0.729,46.51336111111111,65.766,wheat,14.286,1.427,5
winter_wheat,HU,HU120,2020,4.641,42161.0,195683.0,47.41523,19.41166,722.1709999999999,7.34960655737705,16.53983606557377,11.883396174863389,12824441.092213115,2.50275956284153,10.965322404371586,-0.5296147540983607,0.5625333333333333,0.809,46.74886111111111,65.253,wheat,14.286,1.427,5
winter_wheat,HU,HU211,2002,4.284,78143.0,334792.0,47.14299,18.50674,658.2139999999999,7.37946301369863,15.951887671232878,11.58033698630137,12788428.833219178,2.4854986301369864,10.052920547945204,-0.682172602739726,0.4834090909090909,0.711,40.277027777777775,67.338,wheat,15.798,1.397,5
winter_wheat,HU,HU211,2003,2.645,77830.0,205852.0,47.14299,18.50674,459.941,5.832594520547945,15.589071232876714,10.67017808219178,13957143.643493151,2.6226301369863014,11.427024657534245,-1.3625178082191782,0.44135,0.618,34.48177777777778,60.192,wheat,15.798,1.397,5
winter_wheat,HU,HU211,2004,5.104,80395.0,410347.0,47.14299,18.50674,719.825,6.486366120218579,14.691819672131148,10.427068306010929,12444094.230874317,2.301049180327869,9.055926229508197,-0.3343142076502732,0.49197674418604653,0.748,39.99966666666667,71.747,wheat,15.798,1.397,5
winter_wheat,HU,HU211,2005,5.114,76049.0,388933.0,47.14299,18.50674,783.77,6.1492,14.631260273972602,10.21873698630137,12815242.402739726,2.292876712328767,8.931232876712329,-0.14556164383561643,0.515390243902439,0.691,42.078472222222224,69.802,wheat,15.798,1.397,5
winter_wheat,HU,HU211,2006,5.029,72996.0,367087.0,47.14299,18.50674,597.811,6.8680520547945205,15.41821095890411,10.999104109589041,12769141.399315068,2.356232876712329,9.596967123287671,-0.7183945205479452,0.48679545454545453,0.694,41.60480555555555,69.936,wheat,15.798,1.397,5
winter_wheat,HU,HU211,2007,3.643,62467.0,227575.0,47.14299,18.50674,624.663,7.508312328767124,16.594841095890413,12.028443835616438,13275809.25410959,2.697630136986301,11.647194520547945,-0.9862246575342465,0.4964418604651163,0.658,42.518,62.381,wheat,15.798,1.397,5
winter_wheat,HU,HU211,2008,5.55,59058.0,327784.0,47.14299,18.50674,588.087,7.356459016393442,16.344035519125683,11.755658469945354,13103632.554816939,2.525898907103825,10.488032786885245,-0.919103825136612,0.5105,0.73,45.39516666666666,72.046,wheat,15.798,1.397,5
winter_wheat,HU,HU211,2009,4.177,71154.0,297210.0,47.14299,18.50674,649.97,7.3534054794520545,16.110876712328768,11.672101369863014,13202289.246063013,2.5877616438356164,10.908109589041096,-0.8070219178082192,0.48253488372093023,0.653,40.86277777777778,61.13,wheat,15.798,1.397,5
winter_wheat,HU,HU211,2010,4.311,67259.0,289963.0,47.14299,18.50674,1035.822,6.7043397260273965,14.481742465753426,10.415186301369863,12251582.015238358,2.203764383561644,8.28353698630137,0.6341041095890411,0.523547619047619,0.673,43.60047222222222,66.605,wheat,15.798,1.397,5
winter_wheat,HU,HU211,2011,4.69,64662.0,303296.0,47.14299,18.50674,434.004,6.671323287671233,15.913558904109587,11.165956164383562,13510475.391780822,2.5406109589041095,10.756312328767123,-1.351558904109589,0.46889130434782605,0.718,41.45919444444444,65.863,wheat,15.798,1.397,5
winter_wheat,HU,HU211,2012,3.743,66521.0,248975.0,47.14299,18.50674,521.111,7.078191256830601,16.509060109289617,11.750101092896175,13716245.141051913,2.73803825136612,11.925445355191256,-1.3142377049180327,0.4603555555555556,0.663,39.03333333333333,64.095,wheat,15.798,1.397,5
winter_wheat,HU,HU211,2013,5.119,70814.0,362502.0,47.14299,18.50674,708.0,7.320446575342467,15.6759698630137,11.416126027397262,12680277.262328766,2.4432849315068492,10.31737808219178,-0.503558904109589,0.5104761904761905,0.708,43.39666666666667,68.017,wheat,15.798,1.397,5
winter_wheat,HU,HU211,2014,5.641,71137.0,401267.0,47.14299,18.50674,944.221,8.10668493150685,16.28679726027397,12.088901369863013,12370055.915580822,2.2831150684931507,8.895564383561643,0.3037917808219178,0.5505348837209302,0.672,49.16597222222222,65.799,wheat,15.798,1.397,5
winter_wheat,HU,HU211,2015,5.883,68140.0,400870.0,47.14299,18.50674,601.19,7.446947945205479,16.39116712328767,11.8244,12865365.973287672,2.483441095890411,10.668323287671234,-0.8363452054794521,0.5143863636363636,0.692,45.97719444444445,68.14,wheat,15.798,1.397,5
winter_wheat,HU,HU211,2016,6.351,62295.0,395661.0,47.14299,18.50674,765.453,7.0365573770491805,15.854311475409835,11.361450819672132,12901084.634904372,2.4223196721311475,9.847806010928961,-0.3309180327868852,0.5400232558139535,0.748,47.400166666666664,69.199,wheat,15.798,1.397,5
winter_wheat,HU,HU211,2018,5.865,59209.0,347235.0,47.14299,18.50674,715.261,7.978049315068493,16.64591232876712,12.20710684931507,12973276.06798082,2.4855013698630137,10.510356164383563,-0.525882191780822,0.544,0.707,48.02330555555555,68.798,wheat,15.798,1.397,5
winter_wheat,HU,HU211,2019,5.659,59987.0,339488.0,47.14299,18.50674,713.413,7.7922164383561645,16.979054794520547,12.328602739726026,13088023.76130137,2.519421917808219,10.611117808219179,-0.5648657534246576,0.5319111111111111,0.692,48.008972222222226,65.816,wheat,15.798,1.397,5
winter_wheat,HU,HU211,2020,5.643,59882.0,337910.0,47.14299,18.50674,671.53,7.370396174863388,16.43229781420765,11.825385245901641,12992309.903346995,2.5214808743169397,10.618743169398908,-0.6866994535519125,0.5529545454545454,0.698,48.10541666666667,64.476,wheat,15.798,1.397,5
winter_wheat,HU,HU212,2002,4.234,31102.0,131696.0,47.65365,18.1716,736.194,7.203131506849315,15.495638356164385,11.323786301369863,12460675.282534247,2.4549150684931504,9.805561643835617,-0.43794520547945204,0.5048837209302326,0.712,41.772416666666665,66.01,wheat,13.828,1.433,5
winter_wheat,HU,HU212,2003,2.709,30368.0,82275.0,47.65365,18.1716,451.603,5.940715068493151,15.382706849315069,10.630443835616438,13605862.94349315,2.623695890410959,11.321049315068493,-1.3864273972602739,0.45570731707317075,0.648,35.743805555555554,62.131,wheat,13.828,1.433,5
winter_wheat,HU,HU212,2004,4.977,28922.0,143934.0,47.65365,18.1716,695.587,6.181032786885245,14.221890710382516,10.109617486338797,12095387.422472678,2.2712677595628414,8.840893442622951,-0.3707568306010929,0.5070731707317073,0.742,40.12038888888889,69.27,wheat,13.828,1.433,5
winter_wheat,HU,HU212,2005,4.748,29237.0,138819.0,47.65365,18.1716,849.79,5.78984109589041,14.274164383561644,9.865041095890412,12688257.37739726,2.290939726027397,8.96015616438356,0.03725205479452056,0.5483589743589743,0.699,42.567166666666665,66.393,wheat,13.828,1.433,5
winter_wheat,HU,HU212,2006,4.528,25339.0,114740.0,47.65365,18.1716,613.172,6.615808219178082,14.99390410958904,10.67787397260274,12578955.191780822,2.341282191780822,9.473531506849316,-0.6613589041095891,0.512375,0.713,39.973194444444445,68.525,wheat,13.828,1.433,5
winter_wheat,HU,HU212,2009,4.006,29910.0,119811.0,47.65365,18.1716,754.149,7.097920547945206,15.505830136986301,11.261071232876713,12831456.238356164,2.515967123287671,10.407517808219179,-0.4498054794520548,0.5181463414634147,0.684,42.31333333333333,64.043,wheat,13.828,1.433,5
winter_wheat,HU,HU212,2010,3.887,28959.0,112563.0,47.65365,18.1716,1020.865,6.423660273972603,14.014010958904109,10.072117808219177,12028272.894863013,2.172783561643836,8.013695890410958,0.6241068493150685,0.5329285714285714,0.761,42.25969444444444,67.713,wheat,13.828,1.433,5
winter_wheat,HU,HU212,2012,3.482,30375.0,105761.0,47.65365,18.1716,554.696,6.887699453551913,16.017879781420763,11.438494535519125,13334087.49726776,2.6873497267759565,11.456248633879781,-1.1717868852459017,0.48047727272727275,0.683,39.86369444444445,63.061,wheat,13.828,1.433,5
winter_wheat,HU,HU212,2013,4.218,30199.0,127384.0,47.65365,18.1716,747.974,7.025156164383563,15.088616438356166,11.039468493150684,12426061.744520549,2.3867835616438358,9.804219178082192,-0.3375397260273973,0.5236410256410257,0.715,42.013444444444445,67.278,wheat,13.828,1.433,5
winter_wheat,HU,HU212,2014,4.502,30926.0,139220.0,47.65365,18.1716,918.405,8.003531506849315,16.001164383561644,11.93641095890411,12218870.937671233,2.2986438356164385,8.910397260273973,0.21753424657534245,0.5575111111111112,0.695,48.571222222222225,66.237,wheat,13.828,1.433,5
winter_wheat,HU,HU212,2015,5.511,29835.0,164417.0,47.65365,18.1716,645.552,7.20478904109589,15.988764383561644,11.576901369863014,12684778.528424658,2.4574164383561645,10.392482191780822,-0.6887808219178082,0.5267142857142857,0.704,44.46038888888889,67.452,wheat,13.828,1.433,5
winter_wheat,HU,HU212,2016,5.41,26569.0,143741.0,47.65365,18.1716,790.734,6.801745901639344,15.411669398907105,11.057021857923496,12751495.301912569,2.38346174863388,9.492379781420764,-0.2229863387978142,0.5436744186046512,0.763,45.648472222222225,67.604,wheat,13.828,1.433,5
winter_wheat,HU,HU212,2018,5.405,21921.0,118483.0,47.65365,18.1716,725.337,7.851356164383561,16.375857534246574,12.084049315068492,12763917.955649316,2.4948794520547946,10.573400000000001,-0.5076547945205478,0.5457674418604651,0.726,46.12891666666667,69.184,wheat,13.828,1.433,5
winter_wheat,HU,HU212,2019,5.722,21879.0,125187.0,47.65365,18.1716,763.702,7.576298630136987,16.58349589041096,12.095613698630139,12759733.139726028,2.5026301369863013,10.420238356164385,-0.41029589041095893,0.5318695652173914,0.731,46.42808333333333,66.75,wheat,13.828,1.433,5
winter_wheat,HU,HU212,2020,5.266,19529.0,102837.0,47.65365,18.1716,726.861,7.15953825136612,16.044718579234974,11.605969945355191,12638269.084699454,2.50403825136612,10.457316939890712,-0.5180792349726776,0.5600909090909091,0.773,45.92397222222222,65.011,wheat,13.828,1.433,5
winter_wheat,HU,HU213,2002,3.125,36272.0,113340.0,47.24195,17.55423,726.408,7.304958904109589,15.444969863013698,11.365950684931507,12532519.43630137,2.4204904109589043,9.477778082191781,-0.43033150684931504,0.5180465116279069,0.718,44.60927777777778,68.909,wheat,16.128,1.349,5
winter_wheat,HU,HU213,2003,2.275,34226.0,77860.0,47.24195,17.55423,457.393,6.126898630136986,15.32361095890411,10.729232876712329,13669267.832876712,2.6006876712328766,11.082939726027398,-1.3475561643835616,0.48409523809523813,0.669,38.39666666666667,61.65,wheat,16.128,1.349,5
winter_wheat,HU,HU213,2004,4.166,35256.0,146865.0,47.24195,17.55423,776.711,6.246275956284154,14.02398087431694,10.064972677595629,12142074.107923497,2.2177049180327866,8.394267759562842,-0.09554371584699452,0.5287045454545455,0.726,43.821472222222226,69.878,wheat,16.128,1.349,5
winter_wheat,HU,HU213,2005,4.091,33748.0,138060.0,47.24195,17.55423,834.206,5.832728767123287,14.00481095890411,9.788402739726028,12695486.724484932,2.2352602739726026,8.397049315068493,0.05023561643835614,0.5462619047619048,0.706,44.35733333333334,69.071,wheat,16.128,1.349,5
winter_wheat,HU,HU213,2006,3.722,31907.0,118762.0,47.24195,17.55423,685.744,6.7740465753424655,14.80638904109589,10.687139726027397,12654062.692293152,2.304295890410959,9.004367123287672,-0.42554520547945207,0.5286279069767442,0.762,43.78841666666667,69.827,wheat,16.128,1.349,5
winter_wheat,HU,HU213,2007,3.47,35151.0,121990.0,47.24195,17.55423,707.7139999999999,7.365490410958904,15.86048493150685,11.619413698630138,13023461.638356164,2.566931506849315,10.520591780821919,-0.6279890410958905,0.5548372093023256,0.713,48.30997222222222,69.645,wheat,16.128,1.349,5
winter_wheat,HU,HU213,2008,4.406,29715.0,130923.0,47.24195,17.55423,624.993,7.331311475409836,15.698603825136614,11.485751366120217,12842846.00512295,2.4502677595628417,9.662989071038252,-0.7426366120218579,0.5465909090909091,0.74,47.95375,70.494,wheat,16.128,1.349,5
winter_wheat,HU,HU213,2009,3.791,32873.0,124610.0,47.24195,17.55423,752.174,7.165109589041095,15.343443835616439,11.215071232876713,12913791.92209041,2.474109589041096,9.850613698630138,-0.41335890410958903,0.5439777777777778,0.712,45.985,67.499,wheat,16.128,1.349,5
winter_wheat,HU,HU213,2010,3.415,30992.0,105844.0,47.24195,17.55423,1016.076,6.500616438356164,13.94236712328767,10.105249315068493,12060046.121917808,2.194671232876712,8.017271232876713,0.5890986301369863,0.5661190476190476,0.747,47.19208333333333,66.069,wheat,16.128,1.349,5
winter_wheat,HU,HU213,2011,3.6,29767.0,107162.0,47.24195,17.55423,476.676,6.636369863013699,15.30406301369863,10.893202739726027,13384555.719863014,2.496386301369863,9.998183561643836,-1.1904246575342465,0.517,0.71,44.428333333333335,65.466,wheat,16.128,1.349,5
winter_wheat,HU,HU213,2012,3.207,32206.0,103274.0,47.24195,17.55423,560.592,7.059953551912569,15.84965300546448,11.448161202185792,13416602.543032788,2.6539754098360655,10.935210382513661,-1.1223032786885245,0.5097906976744185,0.695,43.001472222222226,65.459,wheat,16.128,1.349,5
winter_wheat,HU,HU213,2013,4.255,32737.0,139308.0,47.24195,17.55423,816.796,7.089876712328767,14.907361643835616,10.978191780821918,12503128.547945205,2.3846931506849316,9.50712602739726,-0.14689589041095893,0.5519000000000001,0.716,45.57875,67.568,wheat,16.128,1.349,5
winter_wheat,HU,HU213,2014,4.313,31206.0,134605.0,47.24195,17.55423,998.663,8.126846575342466,15.744767123287671,11.87026301369863,12268690.177569862,2.249153424657534,8.392567123287671,0.48690958904109594,0.5966744186046512,0.735,51.84358333333333,68.49,wheat,16.128,1.349,5
winter_wheat,HU,HU213,2015,4.485,31632.0,141863.0,47.24195,17.55423,676.627,7.368153424657534,15.893334246575343,11.59042191780822,12755299.07431507,2.4636027397260274,10.278509589041096,-0.6098301369863014,0.5528888888888889,0.732,46.83272222222222,66.145,wheat,16.128,1.349,5
winter_wheat,HU,HU213,2016,5.08,34741.0,176473.0,47.24195,17.55423,816.137,6.986797814207651,15.258519125683062,11.081155737704918,12796837.059084699,2.3723196721311477,9.127437158469945,-0.14243715846994537,0.5750930232558139,0.734,49.34311111111111,68.853,wheat,16.128,1.349,5
winter_wheat,HU,HU213,2018,4.61,32596.0,150255.0,47.24195,17.55423,777.791,7.958282191780822,16.068720547945205,11.967402739726028,12888457.944178082,2.4451863013698634,9.828764383561643,-0.31425205479452056,0.5891428571428572,0.734,51.359388888888894,71.063,wheat,16.128,1.349,5
winter_wheat,HU,HU213,2019,4.935,28520.0,140754.0,47.24195,17.55423,818.147,7.7674082191780816,16.355145205479452,12.082830136986303,12826091.578082193,2.4657561643835617,9.93164383561644,-0.22425753424657535,0.5723478260869566,0.739,51.07377777777778,69.631,wheat,16.128,1.349,5
winter_wheat,HU,HU213,2020,5.088,29468.0,149923.0,47.24195,17.55423,745.996,7.16293169398907,15.766491803278688,11.473079234972678,12858977.584357923,2.4427185792349726,9.728322404371584,-0.4044781420765027,0.5850222222222222,0.708,51.03333333333333,64.623,wheat,16.128,1.349,5
winter_wheat,HU,HU221,2002,3.753,62754.0,235502.0,47.69621,17.2338,703.766,7.522021917808219,15.96464109589041,11.702301369863013,12219508.52859726,2.5089698630136987,10.207882191780822,-0.5808438356164384,0.4932272727272727,0.697,40.50405555555555,67.743,wheat,16.615,1.321,4
winter_wheat,HU,HU221,2003,3.109,64479.0,200458.0,47.69621,17.2338,435.351,6.460553424657534,15.97181095890411,11.182317808219178,13339362.647602739,2.6762849315068493,11.745610958904109,-1.4835424657534249,0.4470909090909091,0.685,36.71113888888888,65.697,wheat,16.615,1.321,4
winter_wheat,HU,HU221,2004,5.012,67455.0,338055.0,47.69621,17.2338,680.948,6.549765027322405,14.718486338797815,10.5375,11841666.403688524,2.3213715846994534,9.259013661202186,-0.4608579234972678,0.5050232558139535,0.732,40.355111111111114,71.143,wheat,16.615,1.321,4
winter_wheat,HU,HU221,2005,4.378,68962.0,301906.0,47.69621,17.2338,798.605,6.105797260273973,14.772249315068493,10.269865753424659,12582178.065753425,2.372739726027397,9.485284931506849,-0.1847808219178082,0.5150975609756098,0.695,41.80580555555556,68.225,wheat,16.615,1.321,4
winter_wheat,HU,HU221,2006,4.189,65947.0,276275.0,47.69621,17.2338,656.612,6.987542465753425,15.55289315068493,11.123254794520548,12504611.583561644,2.4486,10.246375342465754,-0.6496630136986301,0.5015238095238095,0.742,40.53136111111111,68.428,wheat,16.615,1.321,4
winter_wheat,HU,HU221,2007,4.083,68045.0,277813.0,47.69621,17.2338,692.131,7.6307616438356165,16.543928767123287,12.054906849315069,12805030.529624658,2.706079452054795,11.566402739726028,-0.8098301369863012,0.5254883720930232,0.689,44.617555555555555,67.797,wheat,16.615,1.321,4
winter_wheat,HU,HU221,2008,4.821,66241.0,319348.0,47.69621,17.2338,615.484,7.570065573770491,16.26218032786885,11.864571038251366,12504760.929644808,2.5178005464480875,10.285827868852458,-0.8361502732240438,0.5250454545454546,0.724,45.40683333333333,71.466,wheat,16.615,1.321,4
winter_wheat,HU,HU221,2009,4.029,65343.0,263284.0,47.69621,17.2338,769.317,7.353934246575343,15.822805479452054,11.50370684931507,12586364.972260274,2.5335671232876713,10.405830136986301,-0.42584931506849316,0.5108,0.668,43.37833333333333,65.527,wheat,16.615,1.321,4
winter_wheat,HU,HU221,2010,3.974,62615.0,248856.0,47.69621,17.2338,963.645,6.640983561643835,14.50196712328767,10.428213698630138,11868581.119520549,2.2997671232876713,8.81683287671233,0.34035616438356164,0.5410731707317074,0.723,44.67825,66.469,wheat,16.615,1.321,4
winter_wheat,HU,HU221,2011,4.708,60858.0,286530.0,47.69621,17.2338,506.493,6.769879452054794,15.779898630136985,11.143191780821917,13028387.119178083,2.540564383561644,10.400701369863013,-1.1529123287671232,0.5010232558139535,0.716,43.42686111111111,68.668,wheat,16.615,1.321,4
winter_wheat,HU,HU221,2012,3.814,64395.0,245608.0,47.69621,17.2338,551.455,7.278811475409836,16.392743169398905,11.781314207650274,13027078.580942623,2.7304535519125683,11.656136612021857,-1.2237459016393444,0.48813333333333336,0.696,40.906194444444445,64.399,wheat,16.615,1.321,4
winter_wheat,HU,HU221,2013,4.613,65729.0,303217.0,47.69621,17.2338,767.806,7.260876712328766,15.300556164383563,11.227997260273973,12213730.621917808,2.4420109589041092,9.944093150684932,-0.3384328767123288,0.5266585365853659,0.757,43.51891666666667,67.253,wheat,16.615,1.321,4
winter_wheat,HU,HU221,2014,5.247,65276.0,342524.0,47.69621,17.2338,922.345,8.28421095890411,16.315545205479452,12.184572602739726,12111460.302736985,2.354846575342466,9.195791780821917,0.17212602739726024,0.5631555555555555,0.706,49.52683333333333,67.341,wheat,16.615,1.321,4
winter_wheat,HU,HU221,2016,5.172,59589.0,308186.0,47.69621,17.2338,739.805,7.180051912568306,15.876833333333334,11.471846994535518,12522944.231898908,2.4488879781420767,9.918795081967213,-0.42756284153005464,0.5405681818181818,0.727,45.78552777777778,69.406,wheat,16.615,1.321,4
winter_wheat,HU,HU221,2018,5.038,56576.0,285021.0,47.69621,17.2338,720.764,8.161682191780823,16.792438356164382,12.413594520547946,12721004.175512329,2.602994520547945,11.063150684931507,-0.6282986301369863,0.5528863636363637,0.729,47.87033333333333,70.337,wheat,16.615,1.321,4
winter_wheat,HU,HU221,2019,5.521,56385.0,311284.0,47.69621,17.2338,750.53,7.935353424657534,17.019786301369862,12.492120547945206,12523549.676027397,2.6096,11.050038356164384,-0.5533534246575342,0.5459347826086957,0.736,48.38872222222222,68.936,wheat,16.615,1.321,4
winter_wheat,HU,HU221,2020,5.323,54185.0,288429.0,47.69621,17.2338,710.701,7.3533661202185785,16.42997267759563,11.896248633879782,12571116.701672131,2.5801912568306014,10.8544043715847,-0.6383852459016394,0.5793333333333334,0.829,49.20697222222222,63.517,wheat,16.615,1.321,4
winter_wheat,HU,HU222,2002,3.487,37094.0,129364.0,47.26137,16.7695,722.0169999999999,7.344095890410959,15.818797260273973,11.52552602739726,12382163.909246575,2.462013698630137,9.982827397260273,-0.4838849315068493,0.5210975609756098,0.694,42.58913888888889,66.616,wheat,14.882,1.406,5
winter_wheat,HU,HU222,2003,2.838,37974.0,107757.0,47.26137,16.7695,476.467,6.354435616438357,15.897610958904108,11.076569863013699,13345142.45,2.6488849315068492,11.95227397260274,-1.3434958904109588,0.48968292682926834,0.677,39.27938888888889,64.492,wheat,14.882,1.406,5
winter_wheat,HU,HU222,2004,4.389,37601.0,165025.0,47.26137,16.7695,774.136,6.094693989071038,14.326008196721313,10.103243169398906,11894980.318647541,2.195122950819672,8.603188524590163,-0.07999726775956285,0.5316976744186046,0.731,43.54711111111111,70.149,wheat,14.882,1.406,5
winter_wheat,HU,HU222,2005,4.075,40252.0,164053.0,47.26137,16.7695,809.044,5.667923287671233,14.383605479452054,9.8713698630137,12556260.34520548,2.2573616438356163,8.88168493150685,-0.04080273972602739,0.54515,0.694,43.823027777777774,66.517,wheat,14.882,1.406,5
winter_wheat,HU,HU222,2006,4.174,37736.0,157521.0,47.26137,16.7695,737.572,6.461517808219178,15.19504109589041,10.709512328767124,12545677.962671233,2.343109589041096,9.74715890410959,-0.3223643835616439,0.5388,0.738,43.46530555555555,69.293,wheat,14.882,1.406,5
winter_wheat,HU,HU222,2007,4.223,37168.0,156967.0,47.26137,16.7695,746.2189999999999,7.099928767123288,16.308553424657536,11.677487671232878,12820335.8380137,2.5937808219178082,11.254224657534248,-0.5493452054794521,0.5450232558139535,0.699,47.181305555555554,68.176,wheat,14.882,1.406,5
winter_wheat,HU,HU222,2008,4.842,36310.0,175799.0,47.26137,16.7695,682.463,7.135658469945355,15.960284153005464,11.488054644808742,12581245.19040437,2.4281147540983605,9.930098360655737,-0.5634617486338798,0.5568095238095238,0.743,47.74647222222222,70.496,wheat,14.882,1.406,5
winter_wheat,HU,HU222,2009,4.513,34637.0,156334.0,47.26137,16.7695,819.609,6.98992602739726,15.60927397260274,11.208134246575343,12598764.097945206,2.450276712328767,10.057512328767125,-0.20477260273972603,0.5376136363636363,0.712,47.053805555555556,69.483,wheat,14.882,1.406,5
winter_wheat,HU,HU222,2010,4.608,36417.0,167809.0,47.26137,16.7695,936.422,6.439843835616439,14.397476712328766,10.317082191780822,11964227.140753424,2.287835616438356,8.800402739726028,0.2777041095890411,0.561,0.712,48.64205555555556,68.858,wheat,14.882,1.406,5
winter_wheat,HU,HU222,2011,4.485,38995.0,174882.0,47.26137,16.7695,537.039,6.531816438356164,15.576257534246574,10.915887671232877,13158700.492465753,2.493435616438356,10.279268493150685,-1.022095890410959,0.5305681818181818,0.744,46.734944444444444,70.673,wheat,14.882,1.406,5
winter_wheat,HU,HU222,2012,3.996,40752.0,162826.0,47.26137,16.7695,618.494,6.973543715846994,16.15062568306011,11.49037431693989,13073019.427254098,2.6376475409836067,11.184907103825136,-0.9477732240437158,0.5092888888888889,0.699,45.51813888888889,68.397,wheat,14.882,1.406,5
winter_wheat,HU,HU222,2013,4.6,38786.0,178424.0,47.26137,16.7695,877.059,6.967216438356164,15.059356164383562,10.957254794520548,12308270.198630137,2.4000821917808217,9.769750684931507,0.002819178082191783,0.5565853658536586,0.728,46.733111111111114,69.793,wheat,14.882,1.406,5
winter_wheat,HU,HU222,2014,5.123,45118.0,231158.0,47.26137,16.7695,972.351,8.016164383561645,16.014260273972603,11.939887671232878,12146732.61592329,2.301980821917808,8.917602739726028,0.36199452054794523,0.5943809523809523,0.752,52.18597222222222,70.557,wheat,14.882,1.406,5
winter_wheat,HU,HU222,2016,6.124,43471.0,266229.0,47.26137,16.7695,827.3580000000001,6.9415163934426225,15.611576502732241,11.192133879781421,12541729.815915301,2.3865491803278687,9.535953551912568,-0.12600819672131147,0.5792093023255813,0.77,51.01936111111112,71.966,wheat,14.882,1.406,5
winter_wheat,HU,HU222,2018,5.147,43234.0,222524.0,47.26137,16.7695,786.118,7.849449315068493,16.39252328767123,12.048071232876714,12804500.497947946,2.5123123287671234,10.494701369863012,-0.35856438356164383,0.5821162790697674,0.743,52.184916666666666,72.933,wheat,14.882,1.406,5
winter_wheat,HU,HU222,2019,5.979,42462.0,253892.0,47.26137,16.7695,835.183,7.662323287671233,16.74541095890411,12.208887671232876,12596062.698630137,2.5357397260273973,10.720443835616438,-0.24756712328767122,0.5843695652173914,0.75,54.851888888888894,72.097,wheat,14.882,1.406,5
winter_wheat,HU,HU222,2020,6.242,40257.0,251272.0,47.26137,16.7695,762.968,6.967811475409836,16.0928087431694,11.504685792349727,12713903.097336065,2.4760081967213114,10.307945355191258,-0.391396174863388,0.6057777777777779,0.946,54.12413888888889,67.422,wheat,14.882,1.406,5
winter_wheat,HU,HU223,2002,4.202,21684.0,91124.0,46.76295,16.86602,740.632,7.485375342465753,16.053427397260275,11.701128767123288,12626646.16849315,2.407517808219178,9.911706849315069,-0.3783890410958904,0.5675749999999999,0.721,45.972027777777775,67.654,wheat,17.631,1.341,5
winter_wheat,HU,HU223,2003,2.968,21219.0,62987.0,46.76295,16.86602,534.325,6.318052054794521,15.991742465753424,11.096446575342465,13611936.867808219,2.5826438356164383,11.85846301369863,-1.1187397260273972,0.536675,0.697,41.36438888888889,64.898,wheat,17.631,1.341,5
winter_wheat,HU,HU223,2004,4.668,21835.0,101916.0,46.76295,16.86602,826.034,6.264314207650274,14.575114754098362,10.305628415300546,12171332.49624317,2.182811475409836,8.740579234972678,0.07411202185792348,0.5763809523809523,0.749,47.58086111111111,71.457,wheat,17.631,1.341,5
winter_wheat,HU,HU223,2005,4.551,20595.0,93736.0,46.76295,16.86602,865.169,5.794271232876713,14.448282191780821,9.982945205479453,12617523.632534247,2.1992438356164383,8.634991780821917,0.17108219178082193,0.575875,0.765,46.52916666666667,72.843,wheat,17.631,1.341,5
winter_wheat,HU,HU223,2008,4.756,27623.0,131374.0,46.76295,16.86602,684.453,7.2752459016393445,16.161215846994537,11.64266393442623,12846294.408128416,2.403997267759563,10.010051912568306,-0.5339071038251366,0.5773414634146341,0.765,49.22430555555556,71.329,wheat,17.631,1.341,5
winter_wheat,HU,HU223,2009,4.72,28956.0,136683.0,46.76295,16.86602,778.09,7.143838356164384,15.876095890410959,11.419575342465755,12895647.485273972,2.420095890410959,10.134605479452054,-0.28834246575342465,0.5803181818181818,0.742,49.91580555555556,71.623,wheat,17.631,1.341,5
winter_wheat,HU,HU223,2011,4.326,24706.0,106873.0,46.76295,16.86602,501.894,6.691775342465753,15.840460273972603,11.100723287671233,13475882.791780822,2.474419178082192,10.53664109589041,-1.0993671232876712,0.5505813953488372,0.734,45.63088888888889,65.406,wheat,17.631,1.341,5
winter_wheat,HU,HU223,2012,4.531,25585.0,115916.0,46.76295,16.86602,633.583,7.12624043715847,16.432538251366122,11.705109289617486,13330665.424863389,2.6095765027322404,11.385743169398907,-0.8784754098360655,0.5480232558139535,0.725,46.8305,68.685,wheat,17.631,1.341,5
winter_wheat,HU,HU223,2013,5.143,23308.0,119873.0,46.76295,16.86602,914.215,7.113591780821917,15.337038356164385,11.139558904109588,12530043.70650685,2.3572301369863013,9.882501369863013,0.14746849315068494,0.5949230769230769,0.743,49.04705555555555,70.557,wheat,17.631,1.341,5
winter_wheat,HU,HU223,2014,5.214,24030.0,125290.0,46.76295,16.86602,1051.248,8.269890410958903,16.25869315068493,12.174197260273974,12265123.543663014,2.2491808219178084,8.860167123287672,0.6309506849315069,0.6208809523809523,0.734,52.66594444444444,68.447,wheat,17.631,1.341,5
winter_wheat,HU,HU223,2015,5.263,27023.0,142230.0,46.76295,16.86602,704.838,7.433876712328766,16.411879452054794,11.806871232876713,12784323.598630138,2.4475589041095893,10.673734246575343,-0.5164958904109589,0.5757045454545454,0.738,47.95733333333333,67.184,wheat,17.631,1.341,5
winter_wheat,HU,HU223,2016,5.947,30635.0,182194.0,46.76295,16.86602,864.487,7.107371584699453,15.77705737704918,11.316016393442624,12753159.546789618,2.3534207650273222,9.496866120218579,0.008565573770491794,0.6012790697674418,0.754,51.903444444444446,70.879,wheat,17.631,1.341,5
winter_wheat,HU,HU223,2018,5.14,30553.0,157052.0,46.76295,16.86602,842.636,8.06585205479452,16.542287671232877,12.19556712328767,12960048.080991782,2.427369863013699,10.258978082191781,-0.11877808219178078,0.6128837209302326,0.746,54.05405555555555,72.096,wheat,17.631,1.341,5
winter_wheat,HU,HU223,2019,5.809,29328.0,170362.0,46.76295,16.86602,900.2,7.872939726027397,16.94209315068493,12.356084931506851,12831479.504452055,2.462380821917808,10.596054794520548,0.003920547945205481,0.6146222222222223,0.752,55.502861111111116,69.242,wheat,17.631,1.341,5
winter_wheat,HU,HU231,2002,5.165,50782.0,262285.0,46.06345,18.21,699.233,7.726504109589041,16.48927397260274,12.068660273972602,13076908.242123287,2.458498630136986,10.249057534246575,-0.5427917808219178,0.5171666666666667,0.724,42.52708333333333,67.847,wheat,14.566,1.411,5
winter_wheat,HU,HU231,2003,3.638,54556.0,198465.0,46.06345,18.21,516.756,6.407427397260274,16.211079452054793,11.263509589041094,14082979.286643835,2.613101369863014,12.084652054794521,-1.197331506849315,0.46849999999999997,0.638,36.278055555555554,60.045,wheat,14.566,1.411,5
winter_wheat,HU,HU231,2004,5.417,53947.0,292220.0,46.06345,18.21,806.031,6.864327868852459,15.211207650273224,10.9031912568306,12741512.423666667,2.28101912568306,9.323311475409836,-0.07874863387978141,0.5256222222222222,0.721,45.171611111111105,70.879,wheat,14.566,1.411,5
winter_wheat,HU,HU231,2005,4.985,47266.0,235623.0,46.06345,18.21,804.037,6.333939726027397,14.83031506849315,10.464545205479453,12963840.254452055,2.262027397260274,8.978079452054795,-0.059186301369863026,0.5241707317073171,0.735,42.29694444444445,72.532,wheat,14.566,1.411,5
winter_wheat,HU,HU231,2006,5.117,47010.0,240568.0,46.06345,18.21,702.645,7.110950684931506,15.889057534246577,11.36667397260274,13099332.77020548,2.358786301369863,10.034013698630137,-0.4337315068493151,0.5035111111111111,0.713,42.29558333333333,70.48,wheat,14.566,1.411,5
winter_wheat,HU,HU231,2007,4.395,52343.0,230065.0,46.06345,18.21,693.173,7.646361643835617,16.89931780821918,12.235778082191782,13514578.65410959,2.594709589041096,11.635972602739725,-0.6956054794520548,0.5115348837209303,0.698,43.11613888888889,65.067,wheat,14.566,1.411,5
winter_wheat,HU,HU231,2008,5.911,56135.0,331787.0,46.06345,18.21,654.4350000000001,7.590699453551912,16.724609289617486,12.072234972677595,13498642.932035519,2.4900081967213112,10.756718579234972,-0.7019344262295082,0.5192790697674419,0.756,45.08733333333333,71.044,wheat,14.566,1.411,5
winter_wheat,HU,HU231,2009,5.103,54897.0,280133.0,46.06345,18.21,688.926,7.70214794520548,16.61661095890411,12.091879452054794,13502227.870205479,2.5516191780821917,11.163578082191782,-0.6641506849315069,0.5038139534883721,0.718,42.337583333333335,70.133,wheat,14.566,1.411,5
winter_wheat,HU,HU231,2010,4.219,45268.0,190967.0,46.06345,18.21,1111.591,7.007572602739726,15.073345205479452,10.913139726027397,12459663.41489863,2.2357698630136986,8.771608219178082,0.8096849315068494,0.5292926829268293,0.707,42.568250000000006,68.445,wheat,14.566,1.411,5
winter_wheat,HU,HU231,2014,5.842,61136.0,357129.0,46.06345,18.21,1019.729,8.321745205479452,16.68531506849315,12.410394520547944,12714910.262328766,2.2857397260273973,9.277169863013699,0.5080383561643835,0.5620487804878049,0.701,48.185694444444444,69.22,wheat,14.566,1.411,5
winter_wheat,HU,HU231,2016,6.471,53275.0,344731.0,46.06345,18.21,775.747,7.279868852459016,16.250398907103826,11.690185792349727,13037460.336407105,2.393846994535519,10.075775956284152,-0.27431967213114755,0.552953488372093,0.735,47.33938888888889,70.283,wheat,14.566,1.411,5
winter_wheat,HU,HU231,2018,6.164,52082.0,321015.0,46.06345,18.21,763.34,8.25608493150685,17.116646575342465,12.546909589041096,13309855.80650685,2.5092684931506852,11.128180821917809,-0.4179260273972603,0.541340909090909,0.739,48.044916666666666,69.658,wheat,14.566,1.411,5
winter_wheat,HU,HU231,2019,6.234,52991.0,330324.0,46.06345,18.21,761.922,8.0424,17.471720547945207,12.688449315068492,13366641.586986301,2.527,11.27516712328767,-0.43954246575342465,0.5523777777777777,0.736,48.089055555555554,70.323,wheat,14.566,1.411,5
winter_wheat,HU,HU231,2020,6.42,48621.0,312136.0,46.06345,18.21,663.02,7.672819672131148,16.900677595628416,12.187114754098362,13490937.583674863,2.5499043715846996,11.040622950819673,-0.7383743169398908,0.5639777777777778,0.708,48.722027777777775,69.34,wheat,14.566,1.411,5
winter_wheat,HU,HU232,2002,4.367,41439.0,180974.0,46.51648,17.60746,706.604,7.6524547945205486,16.22967123287671,11.901627397260274,12813300.824657533,2.4536465753424657,10.14205205479452,-0.517745205479452,0.5212857142857142,0.719,42.20147222222222,66.316,wheat,13.939,1.39,5
winter_wheat,HU,HU232,2003,3.24,46243.0,149846.0,46.51648,17.60746,528.275,6.295183561643836,16.035928767123288,11.156145205479453,13928119.315410959,2.628723287671233,12.044813698630136,-1.1813945205479452,0.5021282051282052,0.666,38.27491666666666,62.929,wheat,13.939,1.39,5
winter_wheat,HU,HU232,2004,4.828,48494.0,234134.0,46.51648,17.60746,814.563,6.617185792349726,14.867871584699452,10.641338797814207,12473655.515199453,2.2689726775956283,9.176590163934426,-0.04339071038251368,0.5233555555555556,0.736,43.85019444444444,71.852,wheat,13.939,1.39,5
winter_wheat,HU,HU232,2005,4.684,45834.0,214667.0,46.51648,17.60746,802.574,6.18107397260274,14.596175342465754,10.260841095890411,12750746.090580823,2.2476739726027395,8.776742465753424,-0.048841095890410934,0.5351428571428571,0.763,43.67002777777778,74.106,wheat,13.939,1.39,5
winter_wheat,HU,HU232,2006,4.438,45956.0,203967.0,46.51648,17.60746,710.981,6.9887999999999995,15.552736986301369,11.161342465753425,12876772.327054795,2.3337643835616437,9.664671232876712,-0.3858712328767123,0.5221162790697674,0.744,42.904805555555555,71.462,wheat,13.939,1.39,5
winter_wheat,HU,HU232,2007,3.896,52860.0,205953.0,46.51648,17.60746,736.14,7.485580821917808,16.50813424657534,11.986224657534246,13233783.56369863,2.545449315068493,10.954372602739726,-0.528627397260274,0.5335116279069767,0.711,44.60747222222222,65.682,wheat,13.939,1.39,5
winter_wheat,HU,HU232,2008,5.151,59298.0,305439.0,46.51648,17.60746,639.26,7.532204918032787,16.41464754098361,11.895407103825137,13174233.260073772,2.478237704918033,10.397412568306011,-0.7316256830601093,0.5335,0.758,45.98441666666667,72.582,wheat,13.939,1.39,5
winter_wheat,HU,HU232,2009,4.582,54847.0,251305.0,46.51648,17.60746,661.847,7.527827397260275,16.260523287671234,11.834945205479452,13259605.158219177,2.536586301369863,10.815531506849315,-0.7233068493150685,0.5259111111111111,0.736,44.50505555555556,69.133,wheat,13.939,1.39,5
winter_wheat,HU,HU232,2010,4.112,51035.0,209866.0,46.51648,17.60746,1049.267,6.829441095890411,14.687712328767125,10.633720547945206,12271745.4630137,2.225068493150685,8.541101369863014,0.6496356164383562,0.5497380952380952,0.717,44.138555555555556,68.619,wheat,13.939,1.39,5
winter_wheat,HU,HU232,2011,4.177,46537.0,194363.0,46.51648,17.60746,435.661,6.925509589041097,16.15187123287671,11.399712328767125,13706592.235273972,2.5393698630136985,11.02938904109589,-1.3457780821917809,0.5010444444444444,0.716,42.717166666666664,66.17,wheat,13.939,1.39,5
winter_wheat,HU,HU232,2012,4.438,45124.0,200243.0,46.51648,17.60746,573.73,7.263210382513662,16.734245901639344,12.001193989071037,13721929.74726776,2.702844262295082,12.109423497267759,-1.135275956284153,0.5020681818181818,0.723,41.93347222222222,68.902,wheat,13.939,1.39,5
winter_wheat,HU,HU232,2013,5.305,51600.0,273729.0,46.51648,17.60746,828.257,7.380816438356164,15.748471232876712,11.497832876712328,12752199.741438355,2.40333698630137,10.254323287671232,-0.13413972602739727,0.5507272727272727,0.723,46.33108333333334,68.782,wheat,13.939,1.39,5
winter_wheat,HU,HU232,2014,5.493,52579.0,288833.0,46.51648,17.60746,1079.686,8.400093150684931,16.42006301369863,12.323123287671232,12454358.250169864,2.263101369863014,8.887778082191781,0.6949424657534247,0.5853636363636364,0.709,50.69252777777778,68.072,wheat,13.939,1.39,5
winter_wheat,HU,HU232,2016,6.235,56284.0,350903.0,46.51648,17.60746,812.376,7.249163934426229,15.961937158469947,11.524270491803279,12929968.746584699,2.394745901639344,9.735666666666667,-0.17513934426229508,0.5697209302325582,0.751,48.946416666666664,68.28,wheat,13.939,1.39,5
winter_wheat,HU,HU232,2018,5.473,54367.0,297527.0,46.51648,17.60746,819.006,8.223402739726026,16.73096712328767,12.374087671232878,13071678.783906851,2.4431945205479453,10.379238356164384,-0.19934246575342468,0.5748604651162791,0.726,50.54116666666667,69.286,wheat,13.939,1.39,5
winter_wheat,HU,HU232,2019,6.044,52194.0,315481.0,46.51648,17.60746,800.811,8.03690410958904,17.147112328767122,12.5525698630137,13099027.243150685,2.4969753424657535,10.784668493150685,-0.30297260273972604,0.5725777777777777,0.732,50.499722222222225,68.504,wheat,13.939,1.39,5
winter_wheat,HU,HU232,2020,6.364,47231.0,300562.0,46.51648,17.60746,735.889,7.528808743169399,16.482256830601095,11.935008196721311,13275327.521174863,2.4779754098360653,10.260355191256831,-0.4673497267759563,0.5727111111111111,0.724,50.89680555555556,70.961,wheat,13.939,1.39,5
winter_wheat,HU,HU233,2002,4.98,51923.0,258591.0,46.56636,18.49117,638.476,7.629920547945205,16.307238356164383,11.885912328767123,12932348.446917808,2.495013698630137,10.218693150684931,-0.7457643835616439,0.4869047619047619,0.675,38.871,66.755,wheat,15.492,1.38,5
winter_wheat,HU,HU233,2003,3.621,57268.0,207363.0,46.56636,18.49117,484.231,6.1116,15.883558904109588,10.953882191780822,14053895.08630137,2.6318438356164386,11.760972602739725,-1.3051835616438356,0.45594736842105266,0.654,33.20422222222223,62.945,wheat,15.492,1.38,5
winter_wheat,HU,HU233,2004,5.367,60855.0,326629.0,46.56636,18.49117,759.487,6.774551912568306,15.02308743169399,10.741357923497267,12614245.996584699,2.3082896174863388,9.229248633879783,-0.23318852459016393,0.49409090909090914,0.732,39.99547222222222,71.572,wheat,15.492,1.38,5
winter_wheat,HU,HU233,2005,5.325,56300.0,299818.0,46.56636,18.49117,772.749,6.355265753424658,14.781594520547946,10.425254794520548,12841391.231506849,2.285413698630137,8.93243287671233,-0.1682931506849315,0.511425,0.752,40.08127777777778,75.606,wheat,15.492,1.38,5
winter_wheat,HU,HU233,2006,5.091,48803.0,248455.0,46.56636,18.49117,648.736,7.077265753424658,15.67943287671233,11.220076712328767,12880114.214726027,2.3560465753424658,9.718835616438357,-0.5786876712328767,0.4745869565217391,0.743,39.69027777777777,75.108,wheat,15.492,1.38,5
winter_wheat,HU,HU233,2007,3.53,50197.0,177181.0,46.56636,18.49117,649.817,7.5821643835616435,16.754019178082192,12.121942465753424,13424016.780821918,2.6423945205479455,11.498687671232876,-0.8620739726027397,0.4810232558139535,0.69,38.83322222222222,64.276,wheat,15.492,1.38,5
winter_wheat,HU,HU233,2008,5.986,51778.0,309958.0,46.56636,18.49117,594.965,7.5205,16.567688524590164,11.945871584699454,13347963.911543716,2.5205601092896175,10.560002732240436,-0.8949726775956284,0.4903863636363636,0.75,41.76094444444445,73.831,wheat,15.492,1.38,5
winter_wheat,HU,HU233,2009,4.733,46856.0,221757.0,46.56636,18.49117,637.545,7.557506849315068,16.459153424657536,11.941978082191781,13403665.701712329,2.5933753424657535,11.09651506849315,-0.8466767123287671,0.4659318181818182,0.704,37.50644444444444,67.425,wheat,15.492,1.38,5
winter_wheat,HU,HU233,2010,4.238,45363.0,192235.0,46.56636,18.49117,1099.075,6.931791780821917,14.804421917808218,10.714254794520548,12314427.53921096,2.2227068493150686,8.458654794520548,0.7884575342465754,0.5043658536585366,0.718,39.56788888888889,70.971,wheat,15.492,1.38,5
winter_wheat,HU,HU233,2011,4.822,45078.0,217353.0,46.56636,18.49117,424.442,6.914380821917808,16.247849315068493,11.423167123287671,13650176.85051233,2.5480794520547945,11.116109589041097,-1.3852246575342466,0.46484444444444445,0.715,39.20013888888889,70.564,wheat,15.492,1.38,5
winter_wheat,HU,HU233,2012,4.472,46910.0,209780.0,46.56636,18.49117,575.409,7.231478142076503,16.78139344262295,11.976863387978142,13891479.490778688,2.738855191256831,12.233024590163936,-1.1666994535519126,0.4550909090909091,0.696,36.80030555555555,67.423,wheat,15.492,1.38,5
winter_wheat,HU,HU233,2013,5.708,47524.0,271262.0,46.56636,18.49117,753.339,7.513827397260274,16.021123287671234,11.659408219178083,12824802.952054795,2.450227397260274,10.494293150684932,-0.38628493150684934,0.5052093023255814,0.693,41.10761111111111,67.945,wheat,15.492,1.38,5
winter_wheat,HU,HU233,2014,5.856,49623.0,290600.0,46.56636,18.49117,993.938,8.29788493150685,16.52500821917808,12.29212876712329,12523607.553082192,2.2954465753424658,9.069010958904109,0.4276712328767123,0.5453571428571429,0.791,46.33283333333333,69.104,wheat,15.492,1.38,5
winter_wheat,HU,HU233,2015,6.089,44641.0,271810.0,46.56636,18.49117,610.071,7.676032876712329,16.71077808219178,12.07878904109589,13038916.450684931,2.5145780821917807,10.9622,-0.8431506849315068,0.5120222222222223,0.694,43.45072222222222,66.666,wheat,15.492,1.38,5
winter_wheat,HU,HU233,2016,6.42,49692.0,319014.0,46.56636,18.49117,752.28,7.257830601092897,16.133795081967214,11.615174863387978,12932641.05976776,2.430983606557377,10.044598360655737,-0.3755737704918033,0.5350697674418604,0.732,45.186972222222224,68.344,wheat,15.492,1.38,5
winter_wheat,HU,HU233,2017,6.538,49768.0,322957.0,46.56636,18.49117,744.615,7.044558904109589,16.446101369863015,11.663624657534246,13730617.41369863,2.625794520547945,11.119819178082192,-0.5857534246575343,0.5172045454545455,0.704,43.565083333333334,64.687,wheat,15.492,1.38,5
winter_wheat,HU,HU233,2018,5.903,50310.0,296986.0,46.56636,18.49117,743.5889999999999,8.156257534246576,16.86698904109589,12.379531506849315,13161775.758049315,2.505213698630137,10.680715068493152,-0.4679835616438356,0.53475,0.731,46.20408333333333,67.256,wheat,15.492,1.38,5
winter_wheat,HU,HU233,2019,5.946,48132.0,286184.0,46.56636,18.49117,748.753,7.964739726027398,17.221065753424657,12.50066575342466,13228705.186643835,2.5216465753424657,10.76124109589041,-0.4702684931506849,0.5347555555555555,0.704,46.096361111111115,66.735,wheat,15.492,1.38,5
winter_wheat,HU,HU233,2020,6.209,46613.0,289433.0,46.56636,18.49117,656.298,7.565554644808743,16.682650273224045,12.013204918032786,13258639.342213115,2.5376803278688524,10.717158469945355,-0.744516393442623,0.5474666666666667,0.697,46.74622222222222,70.298,wheat,15.492,1.38,5
winter_wheat,HU,HU311,2002,2.775,72266.0,200524.0,48.17708,20.9502,624.357,6.543361643835616,15.650509589041095,11.012923287671233,12269476.590753425,2.4486164383561646,10.917364383561644,-0.7380493150684931,0.5029767441860465,0.738,41.45813888888889,66.467,wheat,13.947,1.478,5
winter_wheat,HU,HU311,2003,2.672,63998.0,171025.0,48.17708,20.9502,495.529,5.445153424657534,15.11521095890411,10.177013698630137,13132193.78630137,2.5188684931506846,11.800802739726027,-1.161254794520548,0.48374999999999996,0.716,36.2385,68.865,wheat,13.947,1.478,5
winter_wheat,HU,HU311,2004,4.856,69192.0,336012.0,48.17708,20.9502,740.821,5.993882513661202,14.523877049180326,10.089040983606557,12300138.604849726,2.2995245901639345,9.623409836065575,-0.27542349726775955,0.5287272727272727,0.748,45.83583333333333,76.388,wheat,13.947,1.478,5
winter_wheat,HU,HU311,2005,4.504,72740.0,327591.0,48.17708,20.9502,783.654,5.551065753424657,14.547934246575343,9.839668493150684,12351315.29109589,2.2536027397260274,9.716980821917808,-0.10660547945205479,0.5221904761904762,0.743,45.426833333333335,73.403,wheat,13.947,1.478,5
winter_wheat,HU,HU311,2009,3.905,66358.0,259102.0,48.17708,20.9502,646.915,6.621876712328768,15.93021095890411,11.246487671232876,12736532.584931508,2.560517808219178,11.886986301369863,-0.7881479452054794,0.5060232558139535,0.684,43.29022222222222,66.88,wheat,13.947,1.478,5
winter_wheat,HU,HU311,2010,3.797,56863.0,215932.0,48.17708,20.9502,1076.397,5.973479452054795,14.157191780821918,9.926821917808219,11838637.01609589,2.087235616438356,8.170578082191781,0.8617972602739725,0.5337857142857143,0.72,43.95491666666666,67.031,wheat,13.947,1.478,5
winter_wheat,HU,HU311,2011,4.126,59520.0,245599.0,48.17708,20.9502,513.053,5.919134246575342,15.473860273972603,10.573035616438355,12954982.943150684,2.3868712328767123,10.860742465753424,-0.9812465753424657,0.49,0.733,40.74986111111111,68.547,wheat,13.947,1.478,5
winter_wheat,HU,HU311,2012,3.69,67571.0,249313.0,48.17708,20.9502,579.526,6.199898907103825,16.063237704918034,11.039237704918033,12867632.99624317,2.554237704918033,12.3265956284153,-0.9708333333333333,0.48068181818181815,0.733,40.17091666666667,70.197,wheat,13.947,1.478,5
winter_wheat,HU,HU311,2013,4.399,65452.0,287948.0,48.17708,20.9502,747.055,6.641509589041095,15.43207397260274,10.947627397260273,12387533.901712328,2.3554602739726027,10.634068493150684,-0.3087342465753425,0.5160444444444445,0.762,44.12244444444444,72.094,wheat,13.947,1.478,5
winter_wheat,HU,HU311,2014,4.801,66343.0,318523.0,48.17708,20.9502,716.242,7.541117808219178,16.40432876712329,11.86349589041096,12062909.093150685,2.319054794520548,10.261419178082193,-0.3567479452054794,0.5627906976744186,0.723,50.078722222222225,70.355,wheat,13.947,1.478,5
winter_wheat,HU,HU311,2015,5.002,64586.0,323072.0,48.17708,20.9502,558.037,7.2324,16.547038356164382,11.791490410958906,12401543.357876712,2.5586301369863014,12.458553424657534,-1.0297616438356165,0.5325909090909091,0.74,47.24461111111111,70.885,wheat,13.947,1.478,5
winter_wheat,HU,HU311,2016,5.5,64803.0,356417.0,48.17708,20.9502,768.475,6.498120218579235,15.496319672131149,10.947079234972676,12391095.012978142,2.3603360655737706,10.495008196721312,-0.2606775956284153,0.547953488372093,0.754,48.426361111111106,71.385,wheat,13.947,1.478,5
winter_wheat,HU,HU311,2018,5.025,64956.0,326428.0,48.17708,20.9502,624.379,7.437695890410959,16.711668493150686,11.954586301369863,12509620.210958904,2.5280931506849313,12.135986301369863,-0.8174657534246575,0.5106739130434782,0.74,45.58869444444444,72.061,wheat,13.947,1.478,5
winter_wheat,HU,HU311,2019,5.383,64777.0,348674.0,48.17708,20.9502,706.172,7.1853260273972595,16.835394520547943,11.922953424657534,12475893.113356164,2.477690410958904,11.486515068493151,-0.542972602739726,0.5505581395348838,0.768,49.137055555555555,73.372,wheat,13.947,1.478,5
winter_wheat,HU,HU311,2020,5.384,61814.0,332828.0,48.17708,20.9502,752.067,6.731005464480874,15.984822404371585,11.287281420765028,12270787.156765029,2.38248087431694,10.524478142076502,-0.32765300546448084,0.5862272727272727,0.747,50.81344444444445,69.513,wheat,13.947,1.478,5
winter_wheat,HU,HU312,2002,2.247,47453.0,106637.0,47.73324,20.11604,667.944,7.118216438356164,16.069775342465753,11.544750684931506,12567647.98458904,2.5218191780821915,11.053934246575343,-0.6918356164383562,0.475093023255814,0.665,37.47152777777777,61.292,wheat,14.537,1.525,4
winter_wheat,HU,HU312,2003,1.605,46209.0,74186.0,47.73324,20.11604,502.578,6.1197479452054795,15.82825205479452,10.8856,13429293.236643836,2.621868493150685,12.262720547945205,-1.2449424657534247,0.45815,0.631,33.51444444444444,58.875,wheat,14.537,1.525,4
winter_wheat,HU,HU312,2004,4.767,47924.0,228460.0,47.73324,20.11604,719.807,6.468808743169398,14.94824043715847,10.570150273224044,12494437.213456284,2.3494726775956285,9.86472950819672,-0.3827868852459016,0.5005227272727273,0.738,42.08338888888889,73.683,wheat,14.537,1.525,4
winter_wheat,HU,HU312,2005,4.462,47654.0,212640.0,47.73324,20.11604,841.227,6.203030136986302,15.001298630136986,10.404276712328768,12488240.392123288,2.3156356164383562,9.92955616438356,-0.010904109589041094,0.4910681818181818,0.713,42.41316666666667,72.782,wheat,14.537,1.525,4
winter_wheat,HU,HU312,2008,4.695,52196.0,245038.0,47.73324,20.11604,613.139,7.262887978142077,16.44669945355191,11.741081967213114,12709873.936131146,2.480169398907104,11.111907103825137,-0.8049262295081967,0.5202045454545454,0.75,45.76880555555556,78.769,wheat,14.537,1.525,4
winter_wheat,HU,HU312,2009,3.164,50931.0,161159.0,47.73324,20.11604,681.771,7.097405479452054,16.23800821917808,11.647498630136985,13032876.38150685,2.6020301369863015,11.763934246575342,-0.7341643835616437,0.4959302325581395,0.763,39.80672222222222,65.584,wheat,14.537,1.525,4
winter_wheat,HU,HU312,2010,3.203,47309.0,151543.0,47.73324,20.11604,1089.675,6.523720547945206,14.703246575342467,10.50761917808219,12011462.334076712,2.164909589041096,8.686605479452055,0.8205013698630137,0.536025,0.718,42.50163888888889,65.203,wheat,14.537,1.525,4
winter_wheat,HU,HU312,2011,3.733,45338.0,169238.0,47.73324,20.11604,458.935,6.524197260273972,16.100194520547944,11.229999999999999,13157424.313526029,2.5083698630136984,11.682734246575343,-1.251013698630137,0.4471777777777778,0.665,36.91077777777778,66.333,wheat,14.537,1.525,4
winter_wheat,HU,HU312,2012,2.765,55039.0,152165.0,47.73324,20.11604,544.05,6.690396174863388,16.72228142076503,11.699346994535519,13263550.004098361,2.685199453551913,13.126273224043716,-1.198724043715847,0.45788095238095244,0.679,37.10786111111111,64.464,wheat,14.537,1.525,4
winter_wheat,HU,HU312,2013,4.244,53868.0,228589.0,47.73324,20.11604,773.8820000000001,7.156208219178082,15.935306849315067,11.505791780821916,12497697.807364384,2.4145808219178084,11.04481095890411,-0.2943561643835616,0.5224390243902439,0.755,44.11911111111111,72.264,wheat,14.537,1.525,4
winter_wheat,HU,HU312,2014,4.206,51897.0,218297.0,47.73324,20.11604,773.71,8.092515068493151,16.791482191780823,12.359709589041096,12168706.40171507,2.3897753424657533,10.440567123287671,-0.2700219178082192,0.5485,0.71,47.18461111111111,69.306,wheat,14.537,1.525,4
winter_wheat,HU,HU312,2015,4.888,52268.0,255502.0,47.73324,20.11604,593.703,7.580397260273972,16.73895890410959,12.061167123287671,12655335.135958904,2.523493150684932,11.864290410958905,-0.896909589041096,0.5358863636363637,0.755,48.23052777777778,74.983,wheat,14.537,1.525,4
winter_wheat,HU,HU312,2016,4.734,46120.0,218344.0,47.73324,20.11604,807.838,6.843289617486338,15.828062841530054,11.315986338797813,12667581.06403552,2.37394262295082,10.298699453551913,-0.16673497267759563,0.526093023255814,0.722,44.461305555555555,70.754,wheat,14.537,1.525,4
winter_wheat,HU,HU312,2017,5.157,42151.0,216461.0,47.73324,20.11604,709.312,6.481290410958904,16.046112328767123,11.27141095890411,13093760.192808218,2.5407205479452055,11.43511506849315,-0.5973999999999999,0.5242093023255814,0.743,44.873527777777774,75.371,wheat,14.537,1.525,4
winter_wheat,HU,HU312,2018,4.782,41355.0,197779.0,47.73324,20.11604,642.0,7.853164383561644,17.034021917808218,12.370191780821918,12699199.22790959,2.5501452054794522,12.098024657534248,-0.7912410958904109,0.516547619047619,0.732,44.22858333333333,72.199,wheat,14.537,1.525,4
winter_wheat,HU,HU312,2019,5.492,42741.0,234733.0,47.73324,20.11604,719.475,7.700416438356164,17.3415698630137,12.455438356164382,12777833.032191781,2.555635616438356,11.877627397260273,-0.5844712328767123,0.5300888888888888,0.793,47.39947222222222,76.673,wheat,14.537,1.525,4
winter_wheat,HU,HU312,2020,5.016,43546.0,218422.0,47.73324,20.11604,790.408,7.293997267759563,16.491196721311475,11.844497267759564,12579587.853825137,2.4631748633879784,10.959680327868853,-0.3035901639344262,0.5734285714285714,0.707,47.96319444444444,66.567,wheat,14.537,1.525,4
winter_wheat,HU,HU313,2002,2.442,17662.0,43135.0,47.96743,19.43431,710.4399999999999,6.343591780821918,15.036728767123288,10.691808219178084,12550847.9,2.3704712328767124,9.863531506849315,-0.4240602739726027,0.5266511627906977,0.732,43.60302777777778,67.114,wheat,14.243,1.476,5
winter_wheat,HU,HU313,2003,1.651,16323.0,26950.0,47.96743,19.43431,508.093,5.412408219178082,15.109778082191783,10.221312328767123,13508949.361986302,2.5405205479452055,11.516956164383563,-1.1484849315068493,0.4970769230769231,0.694,37.431250000000006,63.444,wheat,14.243,1.476,5
winter_wheat,HU,HU313,2004,4.49,17700.0,79472.0,47.96743,19.43431,739.315,5.650008196721311,13.955579234972678,9.725161202185793,12365765.452527322,2.2077540983606556,8.86389344262295,-0.18776775956284153,0.5419069767441861,0.77,43.544583333333335,74.791,wheat,14.243,1.476,5
winter_wheat,HU,HU313,2005,4.404,16753.0,73776.0,47.96743,19.43431,830.847,5.524539726027397,14.252569863013699,9.717764383561644,12547484.865926027,2.248131506849315,9.381364383561644,0.028161643835616427,0.5433720930232557,0.758,44.892805555555555,72.26,wheat,14.243,1.476,5
winter_wheat,HU,HU313,2008,4.441,15912.0,70668.0,47.96743,19.43431,672.546,6.615732240437159,15.54173224043716,11.037822404371584,12657705.55669399,2.37053825136612,10.095707650273225,-0.5329808743169399,0.5501136363636364,0.787,47.59188888888889,75.076,wheat,14.243,1.476,5
winter_wheat,HU,HU313,2012,2.013,16679.0,33599.0,47.96743,19.43431,598.006,6.200475409836065,15.987379781420765,11.121967213114754,13261030.042519126,2.611666666666667,12.27625956284153,-0.9777704918032786,0.5023414634146341,0.7,40.024277777777776,62.727,wheat,14.243,1.476,5
winter_wheat,HU,HU313,2016,4.626,17477.0,80856.0,47.96743,19.43431,893.993,6.159576502732241,14.90932786885246,10.53666393442623,12642604.461407105,2.2351256830601094,9.192185792349727,0.20747814207650273,0.5710909090909091,0.792,48.705305555555555,73.905,wheat,14.243,1.476,5
winter_wheat,HU,HU313,2018,4.88,14234.0,69463.0,47.96743,19.43431,659.3389999999999,7.123295890410959,16.1486,11.638375342465752,12762023.33869863,2.4414684931506847,11.05712602739726,-0.6350602739726028,0.571547619047619,0.771,48.349250000000005,75.301,wheat,14.243,1.476,5
winter_wheat,HU,HU313,2019,5.601,14086.0,78897.0,47.96743,19.43431,747.642,7.026673972602739,16.48156712328767,11.779016438356166,12759717.129279453,2.466876712328767,11.100572602739726,-0.4185424657534247,0.5736888888888889,0.801,50.744749999999996,77.367,wheat,14.243,1.476,5
winter_wheat,HU,HU313,2020,5.124,17030.0,87266.0,47.96743,19.43431,795.541,6.673890710382513,15.735341530054646,11.200516393442623,12605273.631830601,2.380254098360656,10.380267759562841,-0.2066448087431694,0.6022222222222222,0.77,50.63863888888889,66.96,wheat,14.243,1.476,5
winter_wheat,HU,HU321,2002,3.684,72109.0,265681.0,47.42967,21.35903,675.288,7.383158904109589,16.645723287671235,11.968221917808219,12846172.193665752,2.5699835616438356,11.564547945205481,-0.7198794520547946,0.48654545454545456,0.685,40.26030555555556,60.855,wheat,15.114,1.505,4
winter_wheat,HU,HU321,2003,3.063,77990.0,238858.0,47.42967,21.35903,529.175,5.932950684931507,15.804805479452055,10.812221917808218,13495584.311986301,2.590972602739726,12.127860273972603,-1.141178082191781,0.4726666666666667,0.672,34.78722222222222,63.628,wheat,15.114,1.505,4
winter_wheat,HU,HU321,2004,5.508,80897.0,445617.0,47.42967,21.35903,765.32,6.599147540983607,15.376330601092896,10.866062841530054,12739526.00956284,2.3793524590163933,10.085770491803277,-0.2883142076502732,0.5270232558139535,0.683,44.818194444444444,66.29,wheat,15.114,1.505,4
winter_wheat,HU,HU321,2005,4.495,71029.0,319252.0,47.42967,21.35903,859.893,5.999331506849314,15.183128767123288,10.403783561643836,12659025.960958904,2.2828794520547944,9.731383561643835,0.07299178082191782,0.5114761904761904,0.705,42.51463888888889,66.664,wheat,15.114,1.505,4
winter_wheat,HU,HU321,2006,3.931,69838.0,274526.0,47.42967,21.35903,677.753,6.627068493150685,15.683380821917808,11.006783561643836,12750893.003767123,2.3523890410958903,10.365326027397261,-0.4955315068493151,0.4905,0.693,38.94211111111111,65.736,wheat,15.114,1.505,4
winter_wheat,HU,HU321,2008,5.306,73909.0,392171.0,47.42967,21.35903,631.085,7.357620218579235,16.837040983606556,11.975502732240436,12974044.038081966,2.507434426229508,11.28782786885246,-0.7831584699453552,0.5047826086956522,0.707,44.312444444444445,70.081,wheat,15.114,1.505,4
winter_wheat,HU,HU321,2009,3.939,76697.0,302099.0,47.42967,21.35903,664.98,7.269095890410958,16.81147671232877,12.044690410958903,13265637.334589042,2.646380821917808,12.3367698630137,-0.8245178082191781,0.47314285714285714,0.675,37.41486111111111,64.438,wheat,15.114,1.505,4
winter_wheat,HU,HU321,2010,3.429,64155.0,220015.0,47.42967,21.35903,1045.673,6.892161643835617,15.413610958904108,11.03573698630137,12176518.999315068,2.2083643835616438,8.96478904109589,0.6564931506849315,0.5363170731707317,0.695,43.005916666666664,68.95,wheat,15.114,1.505,4
winter_wheat,HU,HU321,2011,4.408,59926.0,264169.0,47.42967,21.35903,489.476,6.537484931506849,16.353246575342467,11.354361643835615,13427409.912328767,2.5243671232876714,11.806969863013698,-1.1833369863013699,0.4786744186046512,0.687,39.90841666666667,67.242,wheat,15.114,1.505,4
winter_wheat,HU,HU321,2012,4.082,65144.0,265900.0,47.42967,21.35903,572.063,6.957612021857924,17.061887978142074,11.98670218579235,13448215.37465847,2.716204918032787,13.50217213114754,-1.153191256830601,0.44856818181818175,0.719,36.65105555555556,68.791,wheat,15.114,1.505,4
winter_wheat,HU,HU321,2013,4.708,77694.0,365800.0,47.42967,21.35903,767.643,7.31092602739726,16.522583561643838,11.833734246575343,12855499.567465754,2.470991780821918,11.351424657534247,-0.36786027397260274,0.504159090909091,0.7,41.46197222222222,67.546,wheat,15.114,1.505,4
winter_wheat,HU,HU321,2014,5.047,77326.0,390277.0,47.42967,21.35903,754.744,8.244016438356164,17.361257534246576,12.702271232876711,12621475.868832875,2.4544,11.010183561643835,-0.3866082191780822,0.5349772727272728,0.667,45.797444444444444,62.442,wheat,15.114,1.505,4
winter_wheat,HU,HU321,2015,5.16,71468.0,368764.0,47.42967,21.35903,574.775,7.840213698630136,17.084769863013697,12.365646575342467,12808275.163356164,2.5557397260273973,12.130060273972601,-0.981013698630137,0.5160454545454546,0.681,43.84411111111111,64.899,wheat,15.114,1.505,4
winter_wheat,HU,HU321,2016,5.502,55582.0,305826.0,47.42967,21.35903,800.766,7.131106557377049,16.162401639344264,11.592928961748633,12760123.485997267,2.4172131147540985,10.50288524590164,-0.229327868852459,0.5419069767441861,0.735,45.79972222222222,69.846,wheat,15.114,1.505,4
winter_wheat,HU,HU321,2018,5.337,58029.0,309694.0,47.42967,21.35903,691.802,8.083380821917808,17.396561643835618,12.630676712328768,12839831.921060275,2.5443342465753425,12.073443835616438,-0.648986301369863,0.4967727272727273,0.712,43.25058333333333,67.658,wheat,15.114,1.505,4
winter_wheat,HU,HU321,2019,5.454,59372.0,323823.0,47.42967,21.35903,625.134,7.981,17.7086,12.753819178082193,13011473.171917807,2.6103917808219177,12.145586301369864,-0.8976958904109589,0.5170476190476191,0.743,43.29497222222222,71.575,wheat,15.114,1.505,4
winter_wheat,HU,HU321,2020,5.565,51475.0,286452.0,47.42967,21.35903,724.245,7.450972677595629,16.728363387978142,11.998571038251367,12765668.948256832,2.4937103825136613,10.971606557377049,-0.5148989071038251,0.5668863636363637,0.73,47.53475,73.899,wheat,15.114,1.505,4
winter_wheat,HU,HU322,2002,2.422,114748.0,277892.0,47.29398,20.33136,622.29,7.611967123287671,16.77452602739726,12.128465753424658,12942353.94109589,2.6621260273972602,11.812397260273972,-0.9572219178082192,0.459046511627907,0.64,35.88580555555555,60.655,wheat,14.399,1.511,4
winter_wheat,HU,HU322,2003,1.894,111924.0,211986.0,47.29398,20.33136,453.695,6.198416438356165,16.062980821917808,11.057827397260274,13681299.583561644,2.678745205479452,12.528336986301369,-1.4357452054794522,0.4334615384615385,0.615,29.961194444444445,56.608,wheat,14.399,1.511,4
winter_wheat,HU,HU322,2004,5.179,121968.0,631638.0,47.29398,20.33136,684.772,6.8812131147540985,15.555680327868853,11.061060109289617,12748251.86851093,2.4584426229508196,10.482087431693989,-0.5874808743169398,0.5011136363636364,0.731,42.670138888888886,75.106,wheat,14.399,1.511,4
winter_wheat,HU,HU322,2005,4.151,121478.0,504253.0,47.29398,20.33136,844.4689999999999,6.286468493150685,15.289353424657532,10.59298904109589,12707314.353424657,2.361898630136986,10.07691506849315,-0.04828493150684932,0.4847380952380952,0.676,39.65869444444444,68.16,wheat,14.399,1.511,4
winter_wheat,HU,HU322,2006,2.899,109846.0,318479.0,47.29398,20.33136,572.836,6.973202739726028,15.960739726027397,11.32318082191781,12725991.881849315,2.444471232876712,10.977202739726028,-0.8750575342465754,0.46164444444444447,0.763,38.20408333333333,63.692,wheat,14.399,1.511,4
winter_wheat,HU,HU322,2007,3.112,115089.0,358159.0,47.29398,20.33136,569.205,7.749964383561644,17.457139726027396,12.584191780821916,13300434.939726027,2.8443835616438355,13.527101369863013,-1.2849178082191781,0.46632558139534885,0.617,38.938,61.45,wheat,14.399,1.511,4
winter_wheat,HU,HU322,2008,4.676,122588.0,573247.0,47.29398,20.33136,611.244,7.577224043715847,16.95913387978142,12.13120218579235,13039245.400956284,2.583193989071038,11.583377049180326,-0.9131284153005464,0.5027954545454546,0.738,43.8645,76.659,wheat,14.399,1.511,4
winter_wheat,HU,HU322,2009,3.199,120639.0,385894.0,47.29398,20.33136,624.279,7.505602739726028,16.891945205479452,12.196879452054795,13374963.200342465,2.7293890410958905,12.545430136986303,-1.0190356164383563,0.4541904761904762,0.625,35.95616666666667,61.897,wheat,14.399,1.511,4
winter_wheat,HU,HU322,2010,2.942,104560.0,307604.0,47.29398,20.33136,993.944,6.916539726027397,15.362087671232878,11.012734246575343,12282764.10479178,2.274504109589041,9.318673972602738,0.4486301369863014,0.524125,0.718,41.10319444444444,64.891,wheat,14.399,1.511,4
winter_wheat,HU,HU322,2011,3.301,102966.0,339923.0,47.29398,20.33136,432.563,6.788742465753425,16.529679452054793,11.572413698630136,13461318.512671232,2.612578082191781,12.212156164383561,-1.4274739726027397,0.4394090909090909,0.646,36.125,62.226,wheat,14.399,1.511,4
winter_wheat,HU,HU322,2012,3.249,108647.0,352951.0,47.29398,20.33136,507.852,7.040245901639344,17.19683606557377,12.125734972677597,13582428.42930328,2.811136612021858,13.884980874316941,-1.4235628415300547,0.4393863636363636,0.695,35.02111111111111,64.12,wheat,14.399,1.511,4
winter_wheat,HU,HU322,2013,4.131,108472.0,448103.0,47.29398,20.33136,768.048,7.5045315068493155,16.534627397260273,11.960449315068495,12822512.715753425,2.5319863013698627,11.6655698630137,-0.4277452054794521,0.5072857142857143,0.691,42.69813888888889,67.239,wheat,14.399,1.511,4
winter_wheat,HU,HU322,2016,4.579,96100.0,440010.0,47.29398,20.33136,744.431,7.258524590163934,16.389043715846995,11.776016393442623,12855009.80874317,2.4912704918032786,10.918653005464481,-0.4573060109289617,0.5111363636363637,0.69,42.508250000000004,67.435,wheat,14.399,1.511,4
winter_wheat,HU,HU322,2017,5.262,89217.0,467824.0,47.29398,20.33136,658.197,6.813772602739726,16.625786301369864,11.737284931506851,13266515.472260274,2.6704630136986305,12.184032876712328,-0.8671835616438356,0.50875,0.725,42.47,72.081,wheat,14.399,1.511,4
winter_wheat,HU,HU322,2018,4.567,90135.0,411673.0,47.29398,20.33136,619.509,8.303734246575342,17.59523561643836,12.859641095890412,12900829.520375343,2.65832602739726,12.646224657534248,-0.9610410958904109,0.48200000000000004,0.687,41.230694444444445,67.149,wheat,14.399,1.511,4
winter_wheat,HU,HU322,2019,5.022,96127.0,482762.0,47.29398,20.33136,674.6370000000001,8.097682191780821,17.868326027397263,12.893279452054793,13060823.776882192,2.677169863013699,12.352599999999999,-0.8288493150684931,0.5057777777777778,0.747,43.236999999999995,73.391,wheat,14.399,1.511,4
winter_wheat,HU,HU322,2020,5.24,91422.0,479021.0,47.29398,20.33136,744.082,7.613120218579235,16.959232240437156,12.223469945355191,12864285.017759563,2.568554644808743,11.356759562841528,-0.5355437158469946,0.5538372093023256,0.68,46.34258333333334,64.963,wheat,14.399,1.511,4
winter_wheat,HU,HU323,2002,3.384,33680.0,113986.0,48.05726,21.93501,724.46,6.666482191780822,16.000383561643837,11.244479452054794,12537091.556336986,2.5350328767123287,11.264446575342467,-0.5502109589041095,0.508095238095238,0.726,40.73433333333333,65.642,wheat,15.597,1.369,4
winter_wheat,HU,HU323,2003,2.551,27950.0,71303.0,48.05726,21.93501,587.139,5.4717315068493155,15.444682191780823,10.349679452054794,13215052.00958904,2.636235616438356,12.477978082191783,-1.0276356164383562,0.489025641025641,0.677,36.32955555555556,64.643,wheat,15.597,1.369,4
winter_wheat,HU,HU323,2004,4.534,35991.0,163176.0,48.05726,21.93501,778.865,6.122030054644809,14.976945355191257,10.39707650273224,12458409.50648907,2.412579234972678,10.293530054644808,-0.2845327868852459,0.5152954545454546,0.705,43.75205555555556,67.385,wheat,15.597,1.369,4
winter_wheat,HU,HU323,2005,4.38,31483.0,137911.0,48.05726,21.93501,818.003,5.538309589041096,14.82221095890411,9.953084931506849,12406728.2130137,2.2997616438356165,10.010356164383563,-0.058657534246575355,0.5221666666666667,0.733,43.282722222222226,69.09,wheat,15.597,1.369,4
winter_wheat,HU,HU323,2006,3.959,28171.0,111521.0,48.05726,21.93501,733.177,5.972027397260274,15.182572602739727,10.36312602739726,12486256.855821919,2.3501808219178084,10.534438356164385,-0.3414767123287671,0.5117619047619048,0.723,41.07105555555555,68.71,wheat,15.597,1.369,4
winter_wheat,HU,HU323,2007,3.41,32174.0,109699.0,48.05726,21.93501,692.612,7.05272602739726,16.772849315068495,11.869213698630137,12882205.033219177,2.742430136986301,13.011347945205479,-0.8448630136986301,0.5115454545454545,0.702,43.073027777777774,65.491,wheat,15.597,1.369,4
winter_wheat,HU,HU323,2008,4.501,35781.0,161054.0,48.05726,21.93501,683.766,6.859142076502732,16.200437158469946,11.379147540983606,12561540.593407104,2.430215846994536,10.764398907103825,-0.5620027322404372,0.5287173913043478,0.732,46.22702777777778,72.88,wheat,15.597,1.369,4
winter_wheat,HU,HU323,2009,2.654,43255.0,114801.0,48.05726,21.93501,734.5889999999999,6.697854794520548,16.310934246575343,11.471772602739726,12920604.076712329,2.61087397260274,12.156720547945207,-0.5983013698630136,0.5203249999999999,0.724,42.712999999999994,69.157,wheat,15.597,1.369,4
winter_wheat,HU,HU323,2011,4.021,29395.0,118210.0,48.05726,21.93501,536.727,6.054865753424657,15.914189041095891,10.837257534246575,13121926.990238357,2.524441095890411,11.68556712328767,-1.0539561643835618,0.49725,0.76,41.81908333333334,72.66,wheat,15.597,1.369,4
winter_wheat,HU,HU323,2012,3.423,30545.0,104561.0,48.05726,21.93501,658.268,6.452166666666667,16.48373224043716,11.363601092896175,12986231.988387978,2.674997267759563,13.095267759562843,-0.8764508196721311,0.4802857142857143,0.738,39.300805555555556,72.966,wheat,15.597,1.369,4
winter_wheat,HU,HU323,2013,4.089,30336.0,124045.0,48.05726,21.93501,768.455,6.773257534246575,15.958934246575344,11.245802739726027,12553312.3988,2.448090410958904,11.076676712328767,-0.34273424657534246,0.5167674418604651,0.734,42.85341666666667,70.437,wheat,15.597,1.369,4
winter_wheat,HU,HU323,2016,4.865,27272.0,132667.0,48.05726,21.93501,818.292,6.794784153005465,15.90670218579235,11.269699453551913,12502700.63387978,2.4532677595628414,10.879800546448088,-0.2174972677595628,0.541047619047619,0.76,45.69244444444445,75.671,wheat,15.597,1.369,4
winter_wheat,HU,HU323,2018,4.857,25279.0,122787.0,48.05726,21.93501,706.543,7.602849315068493,17.143268493150686,12.234665753424657,12706531.709589042,2.5869534246575343,12.312616438356164,-0.6512191780821919,0.5004782608695652,0.73,43.40727777777778,70.667,wheat,15.597,1.369,4
winter_wheat,HU,HU323,2019,4.952,25434.0,125949.0,48.05726,21.93501,677.54,7.679205479452055,17.457487671232876,12.451805479452053,12701205.79571781,2.6557424657534248,12.434591780821918,-0.7994684931506849,0.5325952380952381,0.774,44.74341666666666,77.357,wheat,15.597,1.369,4
winter_wheat,HU,HU323,2020,5.063,22743.0,115143.0,48.05726,21.93501,812.674,7.005248633879781,16.337090163934427,11.558909836065572,12425726.826330602,2.470450819672131,10.79715300546448,-0.25003005464480876,0.5727272727272728,0.789,48.165055555555554,79.776,wheat,15.597,1.369,4
winter_wheat,HU,HU331,2002,3.956,85910.0,339885.0,46.55035,19.25918,608.751,7.715597260273973,16.81141917808219,12.180246575342466,13143353.302739726,2.610482191780822,11.229827397260273,-0.9426712328767123,0.4703953488372093,0.642,39.024027777777775,61.645,wheat,14.369,1.406,5
winter_wheat,HU,HU331,2003,2.246,81636.0,183395.0,46.55035,19.25918,444.824,6.081739726027397,16.213180821917806,11.13293698630137,14057340.473972602,2.6824876712328765,12.446564383561643,-1.4637917808219179,0.44335897435897437,0.595,32.23163888888889,55.44,wheat,14.369,1.406,5
winter_wheat,HU,HU331,2006,4.692,77976.0,365896.0,46.55035,19.25918,611.807,7.116717808219177,16.067920547945207,11.445961643835616,12939964.572260274,2.434769863013699,10.637454794520547,-0.758586301369863,0.48434782608695653,0.685,42.05547222222222,64.058,wheat,14.369,1.406,5
winter_wheat,HU,HU331,2007,3.812,81496.0,310646.0,46.55035,19.25918,579.8100000000001,7.670010958904109,17.283,12.44298904109589,13588397.127739726,2.7445479452054795,12.560054794520548,-1.156027397260274,0.4912093023255814,0.631,42.078111111111106,57.925,wheat,14.369,1.406,5
winter_wheat,HU,HU331,2008,4.79,85424.0,409151.0,46.55035,19.25918,571.102,7.605866120218579,17.005784153005465,12.212644808743171,13485228.18613388,2.5919398907103823,11.382357923497269,-1.031551912568306,0.5082,0.685,44.53013888888889,65.36,wheat,14.369,1.406,5
winter_wheat,HU,HU331,2009,3.98,80495.0,320336.0,46.55035,19.25918,612.538,7.655578082191781,16.957038356164386,12.274835616438356,13547082.834589042,2.689112328767123,12.078035616438356,-1.0109260273972602,0.47177272727272723,0.613,39.46675,58.129,wheat,14.369,1.406,5
winter_wheat,HU,HU331,2010,3.853,65892.0,253897.0,46.55035,19.25918,1040.912,7.056523287671232,15.373673972602738,11.07774794520548,12469968.08390411,2.284194520547945,9.182649315068494,0.5676191780821919,0.5279512195121951,0.696,41.997638888888886,63.382,wheat,14.369,1.406,5
winter_wheat,HU,HU331,2011,4.504,65518.0,295119.0,46.55035,19.25918,433.199,6.901432876712329,16.5864602739726,11.612887671232876,13703680.22260274,2.613101369863014,11.900164383561645,-1.426254794520548,0.4653695652173913,0.676,40.53438888888889,64.283,wheat,14.369,1.406,5
winter_wheat,HU,HU331,2012,3.826,70912.0,271312.0,46.55035,19.25918,534.17,7.112349726775956,17.201204918032786,12.179527322404372,13947061.50102459,2.808598360655737,13.360174863387977,-1.3491174863387978,0.45464444444444446,0.663,37.48258333333334,62.259,wheat,14.369,1.406,5
winter_wheat,HU,HU331,2013,4.445,64717.0,287667.0,46.55035,19.25918,735.708,7.570684931506849,16.4832,11.950016438356165,12966255.408219177,2.504923287671233,11.194698630136987,-0.4892849315068493,0.51,0.683,44.010416666666664,63.0,wheat,14.369,1.406,5
winter_wheat,HU,HU331,2014,4.612,71485.0,329690.0,46.55035,19.25918,881.781,8.391920547945205,16.991046575342466,12.577309589041095,12666970.41130137,2.38852602739726,9.921528767123288,0.027312328767123285,0.5447209302325581,0.647,48.43952777777778,62.393,wheat,14.369,1.406,5
winter_wheat,HU,HU331,2015,5.02,59623.0,299329.0,46.55035,19.25918,587.165,7.805975342465754,17.023386301369865,12.316791780821918,13127533.281849315,2.5578,11.517038356164385,-0.9491287671232878,0.5185454545454545,0.674,44.946444444444445,63.851,wheat,14.369,1.406,5
winter_wheat,HU,HU331,2016,5.474,60935.0,333537.0,46.55035,19.25918,706.636,7.358265027322404,16.469986338797813,11.856543715846994,13009890.239412569,2.47424043715847,10.634232240437159,-0.5435409836065574,0.5308409090909091,0.687,45.79633333333334,65.408,wheat,14.369,1.406,5
winter_wheat,HU,HU331,2018,5.098,62830.0,320294.0,46.55035,19.25918,689.951,8.256909589041095,17.36110410958904,12.69828493150685,13290187.090068493,2.615564383561644,11.627402739726028,-0.7252876712328767,0.5283181818181818,0.666,46.95086111111111,65.514,wheat,14.369,1.406,5
winter_wheat,HU,HU331,2019,5.249,59442.0,311997.0,46.55035,19.25918,695.827,8.059816438356165,17.683887671232874,12.777786301369863,13350155.717123287,2.6172,11.606734246575341,-0.7108246575342466,0.5352608695652173,0.674,48.028666666666666,63.428,wheat,14.369,1.406,5
winter_wheat,HU,HU331,2020,5.811,57085.0,331695.0,46.55035,19.25918,644.4879999999999,7.616153005464481,17.03782786885246,12.233407103825135,13261690.24931694,2.594016393442623,11.342071038251367,-0.833120218579235,0.5543111111111111,0.652,49.28461111111111,61.439,wheat,14.369,1.406,5
winter_wheat,HU,HU332,2002,3.39,110483.0,374589.0,46.78328,20.93943,649.65,7.920238356164384,17.15847123287671,12.47294794520548,13289591.49760274,2.6542136986301372,11.920819178082192,-0.8743506849315068,0.4610681818181818,0.653,35.86408333333333,61.123,wheat,14.763,1.51,4
winter_wheat,HU,HU332,2003,2.97,120065.0,356623.0,46.78328,20.93943,499.437,6.135739726027397,16.064109589041095,11.041693150684932,13916919.73869863,2.6152684931506847,12.14798904109589,-1.2469479452054795,0.4482894736842105,0.651,29.68775,61.141,wheat,14.763,1.51,4
winter_wheat,HU,HU332,2004,6.197,126198.0,782012.0,46.78328,20.93943,770.836,7.015959016393443,15.78537704918033,11.25884699453552,12960523.662057376,2.435295081967213,10.429021857923496,-0.3291857923497268,0.5096136363636363,0.723,42.069027777777784,72.272,wheat,14.763,1.51,4
winter_wheat,HU,HU332,2005,4.523,120427.0,544683.0,46.78328,20.93943,891.521,6.187191780821918,15.345093150684932,10.592334246575343,12968627.894863013,2.3055698630136985,9.738917808219178,0.1369534246575343,0.4795348837209303,0.655,38.010666666666665,64.166,wheat,14.763,1.51,4
winter_wheat,HU,HU332,2006,3.708,112425.0,416880.0,46.78328,20.93943,670.735,7.031805479452054,16.01490410958904,11.347490410958903,13005800.65,2.386884931506849,10.421915068493151,-0.5492547945205479,0.46913953488372095,0.686,36.79116666666667,64.293,wheat,14.763,1.51,4
winter_wheat,HU,HU332,2007,3.883,118813.0,461292.0,46.78328,20.93943,620.55,7.694380821917808,17.4529698630137,12.53558904109589,13579654.190753425,2.743531506849315,12.855791780821917,-1.0433945205479451,0.484,0.647,39.894555555555556,62.458,wheat,14.763,1.51,4
winter_wheat,HU,HU332,2008,4.986,113206.0,564403.0,46.78328,20.93943,617.733,7.7188387978142075,17.22924863387978,12.348002732240436,13414477.209699454,2.5949890710382513,11.673715846994535,-0.9071939890710383,0.49217777777777777,0.716,41.72477777777778,71.483,wheat,14.763,1.51,4
winter_wheat,HU,HU332,2009,4.086,120420.0,492154.0,46.78328,20.93943,678.674,7.67408493150685,17.155027397260273,12.409898630136986,13715588.866780821,2.687358904109589,12.361057534246575,-0.8279780821917808,0.46025581395348836,0.632,35.66988888888889,60.261,wheat,14.763,1.51,4
winter_wheat,HU,HU332,2010,3.497,100336.0,350903.0,46.78328,20.93943,990.465,7.331284931506849,15.949194520547946,11.511868493150686,12507368.359934248,2.3105643835616436,9.620432876712329,0.4030383561643836,0.531825,0.69,41.20188888888889,62.943,wheat,14.763,1.51,4
winter_wheat,HU,HU332,2011,4.106,87777.0,360369.0,46.78328,20.93943,440.895,6.825449315068494,16.737794520547947,11.693468493150684,13800372.45650685,2.6203972602739727,12.412441095890411,-1.4124657534246574,0.4533953488372093,0.651,37.03697222222222,61.68,wheat,14.763,1.51,4
winter_wheat,HU,HU332,2012,3.836,100065.0,383845.0,46.78328,20.93943,542.532,7.223710382513661,17.375707650273224,12.30424043715847,13867769.670423497,2.7776666666666667,13.83575956284153,-1.2953387978142077,0.42911363636363636,0.688,33.9345,66.342,wheat,14.763,1.51,4
winter_wheat,HU,HU332,2016,5.071,92806.0,470626.0,46.78328,20.93943,819.31,7.342109289617486,16.53934426229508,11.858166666666666,13048784.99931694,2.4534180327868853,10.683937158469945,-0.2148661202185792,0.5108837209302326,0.705,41.20513888888889,65.49,wheat,14.763,1.51,4
winter_wheat,HU,HU332,2018,5.14,99193.0,509817.0,46.78328,20.93943,657.316,8.372309589041096,17.695054794520548,12.943758904109588,13156843.352912327,2.597742465753425,12.172320547945205,-0.7968767123287671,0.48742222222222226,0.676,41.66588888888889,67.095,wheat,14.763,1.51,4
winter_wheat,HU,HU332,2019,4.647,101176.0,470126.0,46.78328,20.93943,672.08,8.221797260273974,17.996528767123287,13.001471232876714,13410163.235273972,2.6617041095890412,12.226827397260275,-0.8203890410958904,0.49604545454545457,0.735,40.16011111111111,70.961,wheat,14.763,1.51,4
winter_wheat,HU,HU332,2020,5.457,87965.0,480004.0,46.78328,20.93943,732.001,7.668920765027322,17.112945355191258,12.286161202185792,13218359.298838798,2.5559617486338797,11.238734972677596,-0.5559590163934426,0.5521555555555556,0.687,45.07919444444445,68.837,wheat,14.763,1.51,4
winter_wheat,HU,HU333,2002,3.303,67573.0,223205.0,46.49205,20.29004,586.41,8.118317808219178,17.31515890410959,12.615254794520549,13461815.340068493,2.7215041095890413,12.077849315068493,-1.1149013698630137,0.46547727272727274,0.631,36.911944444444444,61.276,wheat,14.26,1.456,5
winter_wheat,HU,HU333,2003,2.578,68602.0,176876.0,46.49205,20.29004,469.01,6.239408219178082,16.243405479452054,11.171098630136987,14143934.924657535,2.6663753424657535,12.373082191780822,-1.3814164383561642,0.44592307692307687,0.639,29.99411111111111,57.942,wheat,14.26,1.456,5
winter_wheat,HU,HU333,2004,5.368,71146.0,381878.0,46.49205,20.29004,702.228,7.179314207650273,15.934887978142076,11.38522131147541,13064984.473360656,2.483396174863388,10.667494535519126,-0.5647404371584699,0.5156976744186047,0.698,42.56852777777778,70.915,wheat,14.26,1.456,5
winter_wheat,HU,HU333,2005,4.022,67594.0,271885.0,46.49205,20.29004,833.708,6.371402739726027,15.412041095890412,10.715049315068493,13188210.5880137,2.3649232876712327,9.88213698630137,-0.08079178082191782,0.48657142857142854,0.647,37.9435,62.697,wheat,14.26,1.456,5
winter_wheat,HU,HU333,2006,3.837,67810.0,260169.0,46.49205,20.29004,601.656,7.253241095890411,16.218605479452055,11.538761643835617,13150409.297260273,2.4485452054794523,10.72027397260274,-0.800172602739726,0.46886666666666665,0.688,38.22736111111111,64.015,wheat,14.26,1.456,5
winter_wheat,HU,HU333,2007,3.601,69062.0,248710.0,46.49205,20.29004,588.74,7.858687671232876,17.59651506849315,12.669457534246575,13764145.139383562,2.7820136986301374,12.996071232876712,-1.169027397260274,0.48093181818181824,0.665,40.14138888888888,63.032,wheat,14.26,1.456,5
winter_wheat,HU,HU333,2008,5.014,68780.0,344840.0,46.49205,20.29004,591.317,7.901243169398907,17.394224043715848,12.502819672131148,13634333.606557377,2.6641311475409837,11.98121038251366,-1.0485109289617487,0.49290697674418604,0.705,42.32772222222222,70.141,wheat,14.26,1.456,5
winter_wheat,HU,HU333,2009,3.079,68945.0,212293.0,46.49205,20.29004,641.635,7.891153424657535,17.304528767123287,12.564547945205481,13830173.18869863,2.741931506849315,12.546046575342466,-0.984027397260274,0.4591162790697675,0.638,36.05441666666667,61.649,wheat,14.26,1.456,5
winter_wheat,HU,HU333,2010,3.794,56169.0,213078.0,46.49205,20.29004,946.289,7.368306849315068,15.94774794520548,11.509326027397261,12675936.849142466,2.355501369863014,9.79683287671233,0.23707123287671233,0.541125,0.705,42.58722222222222,66.037,wheat,14.26,1.456,5
winter_wheat,HU,HU333,2011,3.894,52574.0,204719.0,46.49205,20.29004,420.101,7.088608219178083,16.858109589041096,11.84529589041096,13964667.428424658,2.682698630136986,12.50432602739726,-1.5317369863013697,0.4493333333333333,0.642,37.16297222222222,62.163,wheat,14.26,1.456,5
winter_wheat,HU,HU333,2012,3.879,70149.0,272083.0,46.49205,20.29004,505.538,7.247562841530055,17.39035245901639,12.30813387978142,14113713.836065574,2.821554644808743,13.773628415300546,-1.4403032786885244,0.43855555555555553,0.707,34.57475,66.196,wheat,14.26,1.456,5
winter_wheat,HU,HU333,2013,4.753,71504.0,339870.0,46.49205,20.29004,748.975,7.845194520547945,16.96108493150685,12.310298630136986,13282562.024315068,2.5753123287671236,11.749284931506848,-0.5233260273972602,0.5139534883720931,0.712,42.67205555555555,65.99,wheat,14.26,1.456,5
winter_wheat,HU,HU333,2014,3.97,69398.0,275490.0,46.49205,20.29004,844.794,8.691367123287671,17.492613698630137,12.94441095890411,12899219.887671232,2.482931506849315,10.693750684931507,-0.16842739726027398,0.5399761904761905,0.681,45.92480555555555,66.294,wheat,14.26,1.456,5
winter_wheat,HU,HU333,2015,4.907,54916.0,269455.0,46.49205,20.29004,589.063,8.217156164383562,17.414684931506848,12.703701369863012,13326672.664383562,2.630805479452055,12.179202739726026,-1.0169342465753424,0.520452380952381,0.676,43.081722222222226,64.641,wheat,14.26,1.456,5
winter_wheat,HU,HU333,2016,4.794,57644.0,276371.0,46.49205,20.29004,764.799,7.546592896174863,16.771803278688523,12.075013661202185,13201792.648907105,2.51379781420765,10.983360655737705,-0.42418306010928963,0.5145454545454545,0.683,42.373527777777774,66.745,wheat,14.26,1.456,5
winter_wheat,HU,HU333,2017,5.416,54000.0,289912.0,46.49205,20.29004,579.817,7.322879452054795,17.157690410958903,12.178531506849314,13728203.658219177,2.7626520547945206,12.71171506849315,-1.1741123287671233,0.49529545454545454,0.679,40.19538888888889,66.499,wheat,14.26,1.456,5
winter_wheat,HU,HU333,2018,4.958,54255.0,269000.0,46.49205,20.29004,671.773,8.531917808219179,17.72701917808219,13.005046575342465,13388977.941780822,2.6646383561643834,12.089068493150686,-0.8241643835616438,0.48309090909090907,0.665,42.05033333333333,68.164,wheat,14.26,1.456,5
winter_wheat,HU,HU333,2019,4.49,52988.0,237899.0,46.49205,20.29004,684.873,8.33515616438356,18.028761643835615,13.041890410958905,13553244.278767124,2.699550684931507,12.138427397260273,-0.823186301369863,0.49597826086956526,0.705,41.216277777777776,67.569,wheat,14.26,1.456,5
winter_wheat,HU,HU333,2020,4.647,50063.0,232660.0,46.49205,20.29004,702.648,7.759423497267759,17.22322131147541,12.371931693989072,13449508.903688524,2.6046612021857927,11.302393442622952,-0.6848579234972677,0.5503555555555555,0.652,46.48355555555556,64.997,wheat,14.26,1.456,5
winter_wheat,BG,BG31,2010,3.745,232850.0,871940.0,43.59249,23.83931,790.057,8.140057534246576,16.386980821917806,12.03842191780822,13914735.342123287,2.5640301369863012,10.667345205479453,-0.3994904109589041,0.5119761904761905,0.711,40.84777777777778,68.912,wheat,13.73,1.483,5
winter_wheat,BG,BG31,2011,3.911,240970.0,942360.0,43.59249,23.83931,465.827,7.459523287671233,16.70937808219178,11.843334246575342,14722304.51369863,2.763619178082192,12.324956164383563,-1.4873808219178082,0.48241860465116276,0.733,40.05394444444445,71.743,wheat,13.73,1.483,5
winter_wheat,BG,BG31,2012,3.744,240800.0,901500.0,43.59249,23.83931,621.884,8.12089344262295,17.706467213114752,12.779636612021857,15229270.578893442,3.024939890710382,14.754418032786885,-1.3258032786885248,0.4460975609756097,0.762,33.79372222222222,72.796,wheat,13.73,1.483,5
winter_wheat,BG,BG31,2013,4.227,275840.0,1166230.0,43.59249,23.83931,691.418,8.317060273972603,17.37005205479452,12.638284931506849,14555404.44349315,2.7389616438356166,11.997405479452054,-0.8446657534246576,0.4883913043478261,0.699,41.336083333333335,70.459,wheat,13.73,1.483,5
winter_wheat,BG,BG31,2014,4.485,273840.0,1228250.0,43.59249,23.83931,1090.172,8.388698630136986,16.490131506849316,12.180364383561642,13540115.77020548,2.439890410958904,9.740679452054794,0.5468821917808219,0.554093023255814,0.706,46.904805555555555,68.557,wheat,13.73,1.483,5
winter_wheat,BG,BG31,2018,5.043,262720.0,1324830.0,43.59249,23.83931,750.777,8.25425205479452,17.418342465753422,12.567339726027397,14345610.944520548,2.700304109589041,11.993128767123288,-0.6433808219178081,0.5098333333333334,0.701,43.76441666666667,69.126,wheat,13.73,1.483,5
winter_wheat,BG,BG32,2010,3.995,227980.0,910860.0,43.66061,26.17835,747.068,8.141819178082192,16.54825479452055,12.092613698630137,13860051.754452055,2.554567123287671,10.480515068493151,-0.5078054794520549,0.5385116279069767,0.725,46.01072222222222,71.3,wheat,12.939,1.487,5
winter_wheat,BG,BG32,2011,4.251,240270.0,1021470.0,43.66061,26.17835,607.872,7.114638356164384,15.963189041095891,11.265860273972603,14367953.870547945,2.5637972602739727,10.794690410958903,-0.8983945205479452,0.4959090909090909,0.754,42.08405555555556,74.478,wheat,12.939,1.487,5
winter_wheat,BG,BG32,2012,4.189,240600.0,1007900.0,43.66061,26.17835,699.092,7.918360655737705,17.344428961748633,12.4428087431694,15046627.553278688,2.8868196721311477,13.216092896174864,-0.9767322404371584,0.4892682926829268,0.77,38.21866666666667,75.745,wheat,12.939,1.487,5
winter_wheat,BG,BG32,2013,4.961,253240.0,1256560.0,43.66061,26.17835,697.209,8.371819178082191,17.307742465753424,12.631605479452055,14690464.718835616,2.7339561643835615,11.518175342465753,-0.8237945205479452,0.536,0.734,47.49016666666667,74.827,wheat,12.939,1.487,5
winter_wheat,BG,BG32,2014,4.476,243610.0,1090420.0,43.66061,26.17835,1006.944,8.287739726027398,16.53131232876712,12.10281095890411,13533325.865583561,2.4595123287671234,9.843112328767123,0.2992383561643835,0.5521666666666667,0.728,46.95747222222222,70.503,wheat,12.939,1.487,5
winter_wheat,BG,BG32,2017,6.224,217060.0,1351000.0,43.66061,26.17835,708.031,7.613512328767123,17.136898630136987,12.095660273972603,14449755.013013698,2.7699123287671235,12.289432876712329,-0.8301013698630137,0.546404761904762,0.778,46.28219444444444,77.198,wheat,12.939,1.487,5
winter_wheat,BG,BG32,2018,5.452,225290.0,1228330.0,43.66061,26.17835,719.582,8.071013698630138,17.32550684931507,12.380827397260274,14366214.382534247,2.680413698630137,11.722684931506848,-0.7089561643835617,0.5329761904761905,0.703,45.79663888888889,67.251,wheat,12.939,1.487,5
winter_wheat,BG,BG33,2010,4.121,256770.0,1058090.0,43.49633,27.4062,740.957,8.197501369863014,16.57465205479452,12.123616438356164,13986466.423972603,2.5964931506849314,10.174690410958904,-0.5664739726027398,0.5416511627906977,0.74,46.65991666666667,70.349,wheat,12.985,1.46,5
winter_wheat,BG,BG33,2011,4.387,265350.0,1164180.0,43.49633,27.4062,627.629,7.072101369863014,15.696769863013698,11.077742465753426,14251908.614041096,2.5790246575342466,10.32253698630137,-0.8594931506849315,0.4887333333333333,0.726,40.61980555555556,73.157,wheat,12.985,1.46,5
winter_wheat,BG,BG33,2012,4.335,265700.0,1151700.0,43.49633,27.4062,652.169,7.977945355191257,17.174396174863386,12.374830601092896,15088765.945013661,2.882672131147541,12.195497267759562,-1.1007896174863387,0.46864285714285714,0.757,35.032555555555554,72.683,wheat,12.985,1.46,5
winter_wheat,BG,BG33,2013,4.797,300660.0,1442470.0,43.49633,27.4062,594.246,8.308583561643836,16.93064109589041,12.421301369863013,14626838.507534247,2.757065753424657,10.92837808219178,-1.1289945205479452,0.514108695652174,0.715,43.615138888888886,73.36,wheat,12.985,1.46,5
winter_wheat,BG,BG33,2014,4.462,301110.0,1343590.0,43.49633,27.4062,933.303,8.355572602739727,16.45437808219178,12.119747945205479,13555010.604109589,2.495367123287671,9.503090410958904,0.06162739726027396,0.5523809523809524,0.723,46.27616666666667,68.184,wheat,12.985,1.46,5
winter_wheat,BG,BG33,2018,5.315,293820.0,1561530.0,43.49633,27.4062,729.157,8.192394520547946,17.008761643835616,12.270783561643837,14314048.38630137,2.6894,10.798868493150685,-0.6917095890410958,0.5217441860465116,0.694,43.822750000000006,65.986,wheat,12.985,1.46,5
winter_wheat,BG,BG33,2019,5.13,278310.0,1427680.0,43.49633,27.4062,503.314,8.840961643835616,17.993945205479452,13.08249315068493,14568659.256164383,2.7612,11.49148219178082,-1.3822575342465753,0.5019782608695652,0.756,41.01691666666667,70.11,wheat,12.985,1.46,5
winter_wheat,BG,BG33,2020,2.562,265740.0,680990.0,43.49633,27.4062,544.7379999999999,8.530092896174864,17.83113387978142,12.899289617486339,14787241.31830601,2.8553169398907103,11.807707650273224,-1.3669617486338799,0.5072222222222222,0.706,41.382666666666665,66.825,wheat,12.985,1.46,5
winter_wheat,BG,BG34,2010,3.035,217700.0,660620.0,42.48341,26.40157,768.4830000000001,8.897309589041097,17.81767397260274,13.136172602739727,14086947.139041096,2.697282191780822,11.754082191780821,-0.5918493150684931,0.5306,0.71,45.95022222222222,68.331,wheat,14.376,1.549,4
winter_wheat,BG,BG34,2011,3.489,207310.0,723400.0,42.48341,26.40157,633.142,7.683367123287671,17.087424657534246,12.074476712328767,14512314.482876712,2.7137287671232877,12.342994520547945,-0.9790931506849316,0.4711739130434783,0.748,40.14152777777778,73.676,wheat,14.376,1.549,4
winter_wheat,BG,BG34,2012,3.606,236100.0,851300.0,42.48341,26.40157,605.7669999999999,8.56210655737705,18.529636612021857,13.348770491803277,15282961.50068306,3.018434426229508,14.43966393442623,-1.3633333333333333,0.4582045454545455,0.773,36.55252777777778,72.28,wheat,14.376,1.549,4
winter_wheat,BG,BG34,2013,3.665,260370.0,954300.0,42.48341,26.40157,567.189,8.706887671232877,18.416101369863014,13.374024657534248,14979575.20239726,2.911991780821918,13.291019178082191,-1.3580493150684931,0.5018444444444444,0.707,43.52572222222222,74.755,wheat,14.376,1.549,4
winter_wheat,BG,BG34,2014,4.019,256270.0,1030090.0,42.48341,26.40157,996.627,9.139605479452054,17.787583561643835,13.191887671232877,13841480.308731508,2.63461095890411,11.06177808219178,0.09587397260273975,0.5412,0.767,46.592277777777774,70.85,wheat,14.376,1.549,4
winter_wheat,BG,BG34,2016,4.327,232440.0,1005680.0,42.48341,26.40157,637.565,8.601232240437158,18.531008196721313,13.319825136612021,14694536.666666666,2.9073934426229506,13.233601092896174,-1.1654125683060108,0.5032666666666666,0.773,43.27119444444444,72.205,wheat,14.376,1.549,4
winter_wheat,BG,BG34,2018,4.269,244880.0,1045500.0,42.48341,26.40157,712.086,8.9482301369863,18.455890410958904,13.409712328767123,14624484.63630137,2.8718438356164384,12.735139726027397,-0.9209232876712329,0.5293695652173913,0.686,45.50011111111111,66.549,wheat,14.376,1.549,4
winter_wheat,BG,BG34,2019,4.795,243450.0,1167370.0,42.48341,26.40157,564.94,9.312268493150684,19.368698630136986,14.030586301369862,14822801.442808218,2.926923287671233,13.743468493150685,-1.3791424657534246,0.5106521739130434,0.758,43.87141666666667,73.341,wheat,14.376,1.549,4
winter_wheat,BG,BG34,2020,3.219,249300.0,802710.0,42.48341,26.40157,566.175,8.949762295081968,19.160133879781423,13.783530054644809,14988229.477459017,3.0040218579234974,14.061002732240437,-1.4570956284153007,0.5153913043478261,0.692,43.29527777777778,64.776,wheat,14.376,1.549,4
winter_wheat,BG,BG41,2010,2.861,44320.0,126790.0,42.58599,23.21942,858.54,5.858153424657535,15.114175342465753,10.306723287671234,14301797.180479452,2.421750684931507,10.129243835616439,-0.069586301369863,0.5169565217391304,0.716,40.4995,66.35,wheat,14.298,1.487,4
winter_wheat,BG,BG41,2011,3.125,42820.0,133830.0,42.58599,23.21942,505.127,4.933175342465753,15.058320547945206,9.664652054794521,15324379.367123287,2.5234246575342465,11.219739726027397,-1.1395150684931508,0.4912954545454546,0.715,36.98561111111111,63.142,wheat,14.298,1.487,4
winter_wheat,BG,BG41,2012,2.464,53200.0,131100.0,42.58599,23.21942,691.54,5.225073770491803,15.750857923497268,10.368674863387978,15613007.581625683,2.6946147540983607,12.802330601092898,-0.8051612021857925,0.4751590909090909,0.751,33.015027777777775,68.066,wheat,14.298,1.487,4
winter_wheat,BG,BG41,2013,2.882,66830.0,192650.0,42.58599,23.21942,675.82,5.790386301369863,15.756232876712328,10.611701369863015,15044266.897260275,2.560260273972603,11.261649315068494,-0.7086986301369863,0.4937608695652174,0.674,38.672583333333336,62.854,wheat,14.298,1.487,4
winter_wheat,BG,BG41,2014,3.19,59810.0,190800.0,42.58599,23.21942,1004.502,6.272282191780821,15.53442191780822,10.664210958904109,14117825.339726027,2.358109589041096,9.776638356164383,0.39395068493150687,0.5467173913043478,0.739,44.89327777777778,68.821,wheat,14.298,1.487,4
winter_wheat,BG,BG41,2018,3.16,51820.0,163730.0,42.58599,23.21942,792.987,5.836101369863014,15.955369863013699,10.60392602739726,14709882.270890411,2.4890520547945205,10.88063287671233,-0.31648493150684937,0.5095000000000001,0.703,40.52366666666667,62.49,wheat,14.298,1.487,4
winter_wheat,BG,BG41,2020,3.414,52830.0,180380.0,42.58599,23.21942,783.374,5.424478142076502,15.942185792349727,10.388292349726775,14970684.484972678,2.5042786885245905,11.06162568306011,-0.36391256830601093,0.516,0.695,41.007361111111116,63.419,wheat,14.298,1.487,4
winter_wheat,BG,BG42,2010,3.021,122940.0,371430.0,42.18211,25.1032,807.245,8.720397260273973,17.624205479452055,13.017657534246574,14341805.486643836,2.6689835616438353,12.093027397260274,-0.45735342465753426,0.5204222222222222,0.675,45.37283333333333,66.39,wheat,14.12,1.508,4
winter_wheat,BG,BG42,2011,3.046,105050.0,319940.0,42.18211,25.1032,566.625,7.653679452054794,17.246597260273973,12.174021917808219,14950642.70479452,2.7457260273972603,13.165876712328767,-1.1933287671232877,0.4765333333333333,0.691,41.059416666666664,69.041,wheat,14.12,1.508,4
winter_wheat,BG,BG42,2012,2.783,129900.0,361500.0,42.18211,25.1032,647.356,8.177573770491804,18.412131147540983,13.171065573770491,15568537.827868853,2.98474043715847,15.323868852459016,-1.2160081967213114,0.44779545454545455,0.721,36.54808333333333,67.743,wheat,14.12,1.508,4
winter_wheat,BG,BG42,2013,3.124,144620.0,451850.0,42.18211,25.1032,594.667,8.645994520547946,18.560931506849315,13.500454794520548,15198380.033561643,2.9112246575342464,14.15672602739726,-1.282,0.4708478260869565,0.663,42.037749999999996,70.424,wheat,14.12,1.508,4
winter_wheat,BG,BG42,2014,3.473,126830.0,440530.0,42.18211,25.1032,1081.526,9.053783561643835,17.902304109589043,13.27016712328767,14087299.161816437,2.638586301369863,11.814808219178081,0.3244986301369863,0.5341555555555555,0.711,47.39555555555555,68.082,wheat,14.12,1.508,4
winter_wheat,BG,BG42,2016,3.368,128680.0,433350.0,42.18211,25.1032,605.224,8.549677595628415,18.760169398907102,13.457265027322405,14956349.12295082,2.9240163934426233,14.413724043715847,-1.270398907103825,0.4806444444444445,0.728,41.949527777777774,67.388,wheat,14.12,1.508,4
winter_wheat,BG,BG42,2018,3.785,118560.0,448790.0,42.18211,25.1032,772.85,8.80869589041096,18.6889698630137,13.552391780821917,14855134.731849315,2.88506301369863,13.91708493150685,-0.7676657534246575,0.5189347826086956,0.675,46.13536111111111,65.785,wheat,14.12,1.508,4
winter_wheat,BG,BG42,2020,4.269,126860.0,541640.0,42.18211,25.1032,639.72,8.656092896174863,19.309128415300545,13.738524590163935,15075294.359289618,2.9704836065573774,15.186631147540982,-1.2226147540983605,0.501195652173913,0.697,43.81205555555555,64.593,wheat,14.12,1.508,4
winter_wheat,RO,RO111,2001,3.097,62634.0,193977.498,47.10532,21.91424,901.411,6.550046575342465,15.419153424657534,10.879208219178082,12525081.599827398,2.307221917808219,9.836898630136986,0.1623972602739726,0.520875,0.725,42.779833333333336,69.151,wheat,13.887,1.526,5
winter_wheat,RO,RO111,2002,2.675,56301.0,150605.175,47.10532,21.91424,770.854,7.240958904109589,16.47344109589041,11.825476712328767,13011416.25530959,2.4960739726027397,11.08830684931507,-0.384145205479452,0.48793023255813955,0.651,39.790166666666664,59.868,wheat,13.887,1.526,5
winter_wheat,RO,RO111,2003,2.826,50852.0,143707.752,47.10532,21.91424,634.949,5.83345205479452,15.718027397260274,10.731443835616439,13637469.677227397,2.536046575342466,11.804098630136986,-0.7964602739726028,0.477825,0.695,34.597638888888895,57.439,wheat,13.887,1.526,5
winter_wheat,RO,RO111,2004,3.951,75138.0,296870.238,47.10532,21.91424,898.887,6.443931693989071,15.19670218579235,10.726207650273224,12815088.738898909,2.314551912568306,9.767546448087431,0.14142349726775957,0.5147272727272727,0.679,43.37280555555556,64.126,wheat,13.887,1.526,5
winter_wheat,RO,RO111,2006,2.832,57864.0,163870.848,47.10532,21.91424,831.0790000000001,6.506663013698629,15.454772602739727,10.809567123287671,12861399.376027398,2.2829890410958904,9.815060273972602,-0.0060602739726027316,0.49472093023255814,0.699,39.60458333333334,64.964,wheat,13.887,1.526,5
winter_wheat,RO,RO111,2009,1.882,62617.0,117845.194,47.10532,21.91424,765.466,7.024304109589042,16.576432876712328,11.809301369863014,13429578.025684932,2.543923287671233,11.627087671232877,-0.44675616438356164,0.485390243902439,0.678,38.14930555555556,64.188,wheat,13.887,1.526,5
winter_wheat,RO,RO111,2010,3.133,51055.0,159955.315,47.10532,21.91424,1066.156,7.033767123287671,15.553191780821917,11.170328767123287,12261018.812671233,2.196005479452055,8.963323287671232,0.7249698630136986,0.5473414634146341,0.72,44.15038888888889,70.612,wheat,13.887,1.526,5
winter_wheat,RO,RO111,2011,3.92,58754.0,230333.0,47.10532,21.91424,550.609,6.278994520547945,16.13552602739726,11.124967123287671,13593101.426882192,2.4650301369863015,11.514438356164385,-0.9565123287671233,0.47788372093023257,0.672,39.658138888888885,62.078,wheat,13.887,1.526,5
winter_wheat,RO,RO111,2012,2.947,58242.0,171629.0,47.10532,21.91424,641.68,6.88510655737705,16.87103825136612,11.86255737704918,13591508.87568306,2.633707650273224,12.989046448087432,-0.880483606557377,0.4481818181818182,0.705,36.06183333333334,68.237,wheat,13.887,1.526,5
winter_wheat,RO,RO111,2013,3.985,61048.0,243251.0,47.10532,21.91424,808.681,7.243509589041095,16.411290410958905,11.750843835616438,12967108.74041096,2.3951890410958905,10.87826301369863,-0.17962465753424658,0.5155652173913043,0.672,43.828111111111106,63.805,wheat,13.887,1.526,5
winter_wheat,RO,RO111,2014,3.763,65456.0,246291.0,47.10532,21.91424,744.421,8.060101369863013,17.303857534246575,12.610208219178082,12898448.4762,2.415284931506849,10.879090410958904,-0.37577534246575345,0.5315333333333333,0.655,47.19880555555555,60.888,wheat,13.887,1.526,5
winter_wheat,RO,RO111,2015,3.783,87969.0,332779.0,47.10532,21.91424,636.974,7.745520547945205,16.838191780821916,12.22361095890411,12967514.704109589,2.457232876712329,11.461912328767124,-0.7120986301369863,0.5286444444444445,0.695,46.56561111111111,65.417,wheat,13.887,1.526,5
winter_wheat,RO,RO111,2016,2.935,81900.0,240393.0,47.10532,21.91424,881.152,7.053196721311475,15.91914480874317,11.4243087431694,12879028.527491804,2.3387677595628418,9.870330601092897,0.06875136612021861,0.5385454545454545,0.713,46.84630555555556,66.987,wheat,13.887,1.526,5
winter_wheat,RO,RO111,2017,4.11,81859.0,336440.0,47.10532,21.91424,692.947,6.862232876712329,16.35325205479452,11.584827397260275,13144670.179109588,2.5394547945205477,11.398632876712329,-0.6409698630136986,0.5200465116279069,0.705,43.46672222222222,66.762,wheat,13.887,1.526,5
winter_wheat,RO,RO111,2018,4.176,80095.0,334466.0,47.10532,21.91424,786.778,7.971227397260274,17.08065205479452,12.419147945205479,12959243.572769864,2.416468493150685,10.997295890410959,-0.2609123287671233,0.5189347826086957,0.703,47.07072222222222,66.486,wheat,13.887,1.526,5
winter_wheat,RO,RO111,2019,4.361,84153.0,367028.0,47.10532,21.91424,652.016,8.059934246575343,17.63758082191781,12.746939726027398,13195919.648972603,2.5733808219178083,11.976923287671234,-0.7870356164383561,0.5199069767441861,0.719,44.99044444444444,70.298,wheat,13.887,1.526,5
winter_wheat,RO,RO111,2020,4.072,90543.0,368732.0,47.10532,21.91424,759.433,7.349142076502733,16.523071038251366,11.82693169398907,12892529.302765029,2.4204234972677594,10.522612021857922,-0.34546994535519127,0.5584782608695652,0.725,49.46186111111111,70.525,wheat,13.887,1.526,5
winter_wheat,RO,RO112,2008,3.039,5305.0,16121.895,47.03154,24.29896,903.69,4.954920765027322,14.193841530054645,9.294543715846995,12900320.021174863,2.1602540983606557,8.831169398907104,0.308844262295082,0.575304347826087,0.786,49.46516666666667,79.269,wheat,13.855,1.565,5
winter_wheat,RO,RO112,2011,3.621,4732.0,17133.0,47.03154,24.29896,570.565,4.138704109589041,14.102309589041095,8.820594520547944,13700091.386816438,2.2614273972602743,9.693734246575342,-0.6982356164383562,0.5781951219512195,0.815,46.391416666666665,77.026,wheat,13.855,1.565,5
winter_wheat,RO,RO112,2012,2.185,4422.0,9661.0,47.03154,24.29896,712.151,4.1289836065573775,14.615893442622951,9.148726775956284,13678325.63387978,2.3544262295081966,11.096128415300546,-0.40865846994535526,0.5718000000000001,0.799,37.84952777777778,78.054,wheat,13.855,1.565,5
winter_wheat,RO,RO112,2013,2.736,2511.0,6871.0,47.03154,24.29896,806.625,5.107934246575343,14.50689589041096,9.581210958904109,12901964.830479452,2.224041095890411,9.596210958904111,-0.014109589041095896,0.6206153846153847,0.82,44.745555555555555,77.542,wheat,13.855,1.565,5
winter_wheat,RO,RO112,2014,3.295,2420.0,7975.0,47.03154,24.29896,672.201,5.707326027397261,15.46071780821918,10.364583561643835,13224526.50599452,2.319649315068493,10.011586301369862,-0.4780027397260274,0.6052325581395348,0.757,49.39036111111111,74.027,wheat,13.855,1.565,5
winter_wheat,RO,RO112,2015,3.24,2940.0,9527.0,47.03154,24.29896,737.892,5.6726301369863,15.04266301369863,10.165695890410959,12836877.405649316,2.2487068493150684,10.110208219178082,-0.2270849315068493,0.5886904761904762,0.798,49.30875,77.895,wheat,13.855,1.565,5
winter_wheat,RO,RO112,2016,3.143,3094.0,9724.0,47.03154,24.29896,872.486,5.274524590163935,14.22770218579235,9.557060109289617,12740943.461065574,2.1860765027322406,9.114745901639344,0.1977650273224044,0.6074871794871795,0.783,48.98616666666666,78.545,wheat,13.855,1.565,5
winter_wheat,RO,RO112,2018,3.18,3860.0,12273.0,47.03154,24.29896,740.09,5.969835616438355,15.398605479452055,10.47677808219178,13051262.635273973,2.2887342465753426,10.095526027397261,-0.2610904109589041,0.60625,0.803,46.17388888888889,78.531,wheat,13.855,1.565,5
winter_wheat,RO,RO113,2005,2.966,32762.0,97172.092,46.75098,23.72579,968.574,4.10846301369863,13.16685205479452,8.32393698630137,12969285.596917808,2.060484931506849,8.351734246575342,0.5931424657534247,0.5730000000000001,0.751,42.15794444444444,73.266,wheat,13.949,1.498,5
winter_wheat,RO,RO113,2012,2.887,9334.0,26951.0,46.75098,23.72579,644.674,4.467666666666666,15.064674863387978,9.543860655737705,13842304.571721312,2.452303278688525,12.149158469945354,-0.6908989071038252,0.5033947368421053,0.762,35.026805555555555,74.624,wheat,13.949,1.498,5
winter_wheat,RO,RO113,2013,3.579,8879.0,31780.0,46.75098,23.72579,794.204,5.228849315068493,14.766810958904111,9.737386301369863,13203594.568150684,2.270630136986301,10.010328767123287,-0.09472876712328765,0.5497142857142857,0.752,42.10480555555555,74.579,wheat,13.949,1.498,5
winter_wheat,RO,RO113,2014,4.083,9369.0,38256.0,46.75098,23.72579,653.474,5.79325205479452,15.718087671232876,10.51801095890411,13326375.546575343,2.354005479452055,10.567479452054794,-0.5636657534246575,0.5686190476190477,0.738,47.15213888888889,73.407,wheat,13.949,1.498,5
winter_wheat,RO,RO113,2015,4.306,9036.0,38909.0,46.75098,23.72579,717.66,5.683169863013698,15.345005479452054,10.317871232876712,13118047.788356164,2.3207013698630137,10.872476712328767,-0.3545095890410959,0.5423777777777777,0.75,45.67647222222222,73.768,wheat,13.949,1.498,5
winter_wheat,RO,RO113,2016,3.931,10743.0,42227.0,46.75098,23.72579,907.565,5.278218579234973,14.447513661202185,9.613811475409836,12991750.760928962,2.2143306010928963,9.31511475409836,0.26535519125683055,0.5726046511627907,0.813,46.563833333333335,74.17,wheat,13.949,1.498,5
winter_wheat,RO,RO113,2017,4.486,10501.0,47108.0,46.75098,23.72579,637.318,5.184353424657534,15.061542465753424,9.926268493150685,13236483.693835616,2.3935808219178085,10.985791780821918,-0.6475041095890411,0.5386666666666666,0.757,41.560027777777776,73.412,wheat,13.949,1.498,5
winter_wheat,RO,RO113,2018,4.125,10735.0,44280.0,46.75098,23.72579,774.388,6.087958904109589,15.642293150684932,10.644841095890412,13245182.400169864,2.32887397260274,10.538282191780821,-0.20726301369863012,0.5394761904761906,0.76,43.74008333333333,74.247,wheat,13.949,1.498,5
winter_wheat,RO,RO113,2019,4.17,11188.0,46657.0,46.75098,23.72579,654.646,5.883712328767123,16.020438356164384,10.732624657534247,13368729.248972602,2.4081260273972602,11.175871232876712,-0.6145753424657534,0.5243095238095238,0.78,41.66583333333333,75.202,wheat,13.949,1.498,5
winter_wheat,RO,RO113,2020,3.117,11534.0,35956.0,46.75098,23.72579,834.814,5.425030054644808,14.974939890710385,9.920188524590165,12909443.780909834,2.2505601092896175,9.702565573770492,0.030352459016393447,0.5475434782608696,0.764,45.295944444444444,77.265,wheat,13.949,1.498,5
winter_wheat,RO,RO114,2006,2.097,6835.0,14332.995,47.62042,23.2602,1041.552,5.398876712328767,13.8834,9.392317808219177,12600967.006164383,2.1143260273972606,8.442980821917809,0.7392410958904109,0.5987948717948718,0.81,46.028555555555556,73.772,wheat,12.934,1.534,5
winter_wheat,RO,RO114,2009,2.315,3015.0,6979.725,47.62042,23.2602,874.971,6.066032876712328,15.097298630136986,10.46241095890411,13233158.7618137,2.327317808219178,9.924408219178083,0.06986301369863016,0.5794736842105263,0.773,45.31688888888888,73.675,wheat,12.934,1.534,5
winter_wheat,RO,RO114,2014,3.197,2718.0,8690.0,47.62042,23.2602,816.942,7.133090410958904,16.1179698630137,11.444161643835615,13054113.850339726,2.360627397260274,10.053909589041096,-0.12243013698630138,0.5887272727272728,0.71,49.478,65.622,wheat,12.934,1.534,5
winter_wheat,RO,RO114,2015,3.29,2953.0,9716.0,47.62042,23.2602,782.558,6.6908958904109594,15.49576712328767,10.940756164383561,12662124.52739726,2.258794520547945,9.902432876712329,-0.1148,0.5878181818181818,0.784,48.908722222222224,70.661,wheat,12.934,1.534,5
winter_wheat,RO,RO114,2016,3.274,3011.0,9858.0,47.62042,23.2602,963.2669999999999,6.239737704918033,14.688341530054645,10.33627868852459,12639027.527663935,2.219568306010929,8.994065573770492,0.4123087431693989,0.6072195121951219,0.834,49.87777777777777,73.386,wheat,12.934,1.534,5
winter_wheat,RO,RO114,2017,4.011,3023.0,12129.0,47.62042,23.2602,977.94,5.981109589041096,14.82250410958904,10.257504109589041,12693028.203249315,2.2716904109589042,9.36351506849315,0.4075972602739726,0.6097179487179487,0.77,47.524277777777776,75.234,wheat,12.934,1.534,5
winter_wheat,RO,RO114,2018,4.124,3599.0,14841.0,47.62042,23.2602,845.221,7.048624657534247,15.88361917808219,11.278676712328766,12879478.154282192,2.3355808219178082,10.023290410958905,-0.01990684931506849,0.5779285714285715,0.803,46.4135,75.105,wheat,12.934,1.534,5
winter_wheat,RO,RO114,2019,3.982,3103.0,12356.0,47.62042,23.2602,770.228,7.0672356164383565,16.17865205479452,11.45377808219178,12932094.752054794,2.4004849315068495,10.363164383561644,-0.29027123287671236,0.5664418604651162,0.767,43.814388888888885,72.045,wheat,12.934,1.534,5
winter_wheat,RO,RO114,2020,3.457,3044.0,10523.0,47.62042,23.2602,924.26,6.595475409836065,15.302606557377048,10.752584699453552,12416730.824112022,2.239699453551913,9.273983606557376,0.28560109289617486,0.6124772727272728,0.791,51.67922222222222,79.748,wheat,12.934,1.534,5
winter_wheat,RO,RO115,2001,3.452,47535.0,164090.82,47.68235,22.61682,940.309,6.250909589041096,15.035241095890411,10.408090410958904,12288736.994520549,2.3041753424657534,9.727917808219178,0.27201369863013697,0.5279999999999999,0.728,44.99319444444445,70.302,wheat,14.475,1.492,5
winter_wheat,RO,RO115,2002,3.333,28980.0,96590.34,47.68235,22.61682,795.412,6.919731506849316,16.039764383561643,11.32557808219178,12815302.628082192,2.537942465753425,11.026378082191782,-0.35873150684931504,0.50275,0.709,41.50338888888889,61.04,wheat,14.475,1.492,5
winter_wheat,RO,RO115,2003,2.85,30212.0,86104.2,47.68235,22.61682,631.1899999999999,5.604076712328768,15.436413698630137,10.31207397260274,13337935.7869863,2.5934904109589043,12.117989041095889,-0.8642027397260275,0.4672307692307693,0.619,35.08455555555556,56.848,wheat,14.475,1.492,5
winter_wheat,RO,RO115,2004,4.199,46081.0,193494.119,47.68235,22.61682,839.931,6.1295901639344255,14.874737704918035,10.307103825136613,12631460.340163935,2.369032786885246,9.953685792349727,-0.07413934426229507,0.5215365853658537,0.694,43.482194444444445,66.755,wheat,14.475,1.492,5
winter_wheat,RO,RO115,2008,3.301,30279.0,99950.979,47.68235,22.61682,759.9110000000001,6.96118306010929,16.101928961748634,11.310398907103824,12749221.781420765,2.417177595628415,10.399800546448088,-0.34091803278688526,0.5191304347826087,0.71,45.45305555555555,70.51,wheat,14.475,1.492,5
winter_wheat,RO,RO115,2010,2.894,37328.0,108027.232,47.68235,22.61682,1095.888,6.67966301369863,15.072852054794522,10.645835616438356,12115528.681679452,2.179095890410959,8.59604109589041,0.8233369863013698,0.5426341463414635,0.726,44.36238888888889,71.072,wheat,14.475,1.492,5
winter_wheat,RO,RO115,2011,3.421,36222.0,123907.0,47.68235,22.61682,564.231,5.969438356164383,15.76307397260274,10.649443835616438,13305042.577742467,2.4790794520547945,11.298424657534246,-0.9332410958904109,0.47478571428571426,0.695,39.413444444444444,65.29,wheat,14.475,1.492,5
winter_wheat,RO,RO115,2012,3.226,37652.0,121462.0,47.68235,22.61682,640.172,6.594704918032787,16.53688524590164,11.41851092896175,13209086.644125683,2.6728579234972676,13.212396174863388,-0.9237540983606557,0.4442857142857143,0.715,35.90636111111112,71.031,wheat,14.475,1.492,5
winter_wheat,RO,RO115,2013,3.89,37763.0,146884.0,47.68235,22.61682,788.083,6.921134246575343,16.026271232876713,11.264232876712327,12676569.185273973,2.4096849315068494,10.739523287671233,-0.2505534246575342,0.5212444444444444,0.683,45.151805555555555,68.137,wheat,14.475,1.492,5
winter_wheat,RO,RO115,2014,4.105,36941.0,151650.0,47.68235,22.61682,709.892,7.821778082191781,17.26487397260274,12.362339726027397,12929419.068665752,2.546802739726027,11.573698630136985,-0.6018931506849315,0.5212954545454546,0.65,46.160555555555554,60.706,wheat,14.475,1.492,5
winter_wheat,RO,RO115,2015,4.279,37027.0,158454.0,47.68235,22.61682,633.263,7.442241095890411,16.703646575342468,11.90885205479452,12615005.66130137,2.4927205479452055,11.79623287671233,-0.7577534246575343,0.5179777777777778,0.717,45.32441666666667,66.804,wheat,14.475,1.492,5
winter_wheat,RO,RO115,2016,4.216,38533.0,162442.0,47.68235,22.61682,848.628,6.946390710382514,15.838939890710382,11.251092896174862,12671777.388491802,2.4168169398907104,10.359959016393443,-0.09816120218579233,0.5331363636363636,0.72,47.35622222222222,67.647,wheat,14.475,1.492,5
winter_wheat,RO,RO115,2017,4.738,36594.0,173373.0,47.68235,22.61682,810.183,6.817827397260274,16.070621917808218,11.301871232876712,12745278.415068492,2.5312328767123287,11.014865753424658,-0.3115534246575342,0.5328780487804878,0.71,46.03616666666667,71.793,wheat,14.475,1.492,5
winter_wheat,RO,RO115,2018,4.729,39358.0,186109.0,47.68235,22.61682,770.259,7.736383561643836,17.003630136986303,12.170635616438357,12838945.20479726,2.5143753424657533,11.494994520547944,-0.40407671232876713,0.5154565217391304,0.698,47.111805555555556,67.516,wheat,14.475,1.492,5
winter_wheat,RO,RO115,2019,3.474,37026.0,128631.0,47.68235,22.61682,630.678,7.998550684931507,17.57742191780822,12.59745205479452,12903495.939210959,2.665794520547945,12.360350684931507,-0.9379095890410959,0.523904761904762,0.716,46.751333333333335,69.989,wheat,14.475,1.492,5
winter_wheat,RO,RO115,2020,3.477,39419.0,137061.0,47.68235,22.61682,798.398,7.19845081967213,16.42643169398907,11.609789617486339,12535444.147030054,2.4737568306010926,10.786483606557377,-0.2923415300546448,0.5738222222222222,0.768,51.186083333333336,74.154,wheat,14.475,1.492,5
winter_wheat,RO,RO121,2001,2.634,26208.0,69031.872,46.15003,23.64966,979.287,4.991030136986302,14.190610958904111,9.33724383561644,13186475.290753424,2.118208219178082,8.581887671232877,0.5647698630136987,0.53735,0.745,43.246972222222226,70.327,wheat,14.071,1.556,5
winter_wheat,RO,RO121,2003,2.572,21815.0,56108.18,46.15003,23.64966,635.352,4.786046575342466,14.476520547945206,9.402273972602739,13885800.607876712,2.2969424657534248,10.332734246575342,-0.5562520547945206,0.5043846153846153,0.684,35.40977777777778,59.961,wheat,14.071,1.556,5
winter_wheat,RO,RO121,2007,2.582,19505.0,50361.91,46.15003,23.64966,814.5120000000001,5.68312602739726,15.423939726027397,10.38112602739726,13833379.204109589,2.3610794520547946,10.477268493150685,-0.12953972602739725,0.5448636363636363,0.728,45.10669444444444,65.858,wheat,14.071,1.556,5
winter_wheat,RO,RO121,2016,4.15,16459.0,68301.0,46.15003,23.64966,930.503,5.738191256830601,14.946874316939889,10.075185792349727,13219382.93886612,2.186068306010929,9.19113387978142,0.35628961748633875,0.5631627906976745,0.759,46.620111111111115,71.921,wheat,14.071,1.556,5
winter_wheat,RO,RO121,2017,4.487,14658.0,65776.0,46.15003,23.64966,684.208,5.659520547945205,15.562695890410959,10.397772602739726,13566549.543835616,2.363030136986301,10.967147945205479,-0.48848767123287673,0.532125,0.746,41.72866666666667,74.309,wheat,14.071,1.556,5
winter_wheat,RO,RO121,2018,4.631,16525.0,76529.0,46.15003,23.64966,812.539,6.4968958904109595,16.03067123287671,10.971717808219179,13498237.121232877,2.290939726027397,10.362794520547945,-0.06480547945205478,0.5412682926829269,0.777,44.66997222222222,73.023,wheat,14.071,1.556,5
winter_wheat,RO,RO121,2019,4.295,15483.0,66505.0,46.15003,23.64966,713.97,6.454556164383562,16.609950684931505,11.263424657534246,13605228.695547946,2.3753287671232877,11.472865753424658,-0.4192465753424658,0.5184651162790698,0.764,40.78838888888889,74.846,wheat,14.071,1.556,5
winter_wheat,RO,RO121,2020,3.278,15404.0,50498.0,46.15003,23.64966,812.188,6.14234699453552,15.66731693989071,10.604062841530055,13350012.954576503,2.281188524590164,10.12854644808743,-0.062095628415300516,0.561,0.766,45.64747222222222,76.479,wheat,14.071,1.556,5
winter_wheat,RO,RO122,2006,2.218,15614.0,34631.852,45.80385,25.3291,938.995,3.2420904109589044,12.352613698630137,7.618539726027397,13202384.180821918,1.983668493150685,7.569901369863014,0.5889205479452055,0.5433250000000001,0.784,39.42097222222222,74.953,wheat,14.147,1.51,5
winter_wheat,RO,RO123,2001,3.768,17819.0,67141.992,45.97826,25.94623,803.722,3.0817808219178078,12.314665753424658,7.431882191780822,12967409.089383561,1.997441095890411,7.674783561643835,0.20453698630136988,0.5325384615384615,0.739,40.09408333333333,73.73,wheat,14.109,1.507,5
winter_wheat,RO,RO123,2006,3.242,18555.0,60155.31,45.97826,25.94623,806.174,2.666709589041096,12.04871506849315,7.127594520547945,13090041.330479452,1.9628602739726027,7.5042767123287675,0.24583561643835616,0.5446341463414633,0.779,39.57841666666667,77.691,wheat,14.109,1.507,5
winter_wheat,RO,RO123,2016,3.399,20526.0,69768.0,45.97826,25.94623,933.245,3.957912568306011,13.248139344262297,8.375142076502733,12723470.049180327,2.056584699453552,8.389729508196721,0.49326502732240435,0.5761904761904761,0.788,45.39997222222222,79.405,wheat,14.109,1.507,5
winter_wheat,RO,RO123,2017,4.535,24091.0,109246.0,45.97826,25.94623,781.615,3.6835369863013696,13.454564383561644,8.30922191780822,13260350.943150684,2.1460739726027396,8.998208219178082,-0.0046630136986301335,0.5676341463414634,0.806,40.13122222222222,79.381,wheat,14.109,1.507,5
winter_wheat,RO,RO123,2018,4.11,24096.0,99045.0,45.97826,25.94623,772.206,4.285304109589041,13.969153424657534,8.810912328767124,13266942.33339178,2.139972602739726,9.090975342465754,-0.024339726027397274,0.5424285714285715,0.74,42.65094444444444,69.199,wheat,14.109,1.507,5
winter_wheat,RO,RO123,2019,4.029,23793.0,95856.0,45.97826,25.94623,691.388,4.557893150684932,14.543775342465754,9.265306849315069,13388095.117808219,2.174101369863014,9.546323287671232,-0.27988767123287667,0.5316190476190477,0.814,41.678111111111114,80.87,wheat,14.109,1.507,5
winter_wheat,RO,RO123,2020,3.314,23307.0,77248.0,45.97826,25.94623,761.136,4.514590163934426,14.218420765027322,9.104524590163933,13261702.010587431,2.1734590163934424,9.143344262295082,-0.09385245901639347,0.5709302325581396,0.839,46.68822222222222,78.167,wheat,14.109,1.507,5
winter_wheat,RO,RO124,2001,2.73,13046.0,35615.58,46.5234,25.60694,889.135,1.3145534246575343,10.913832876712329,5.946139726027397,13027679.465753425,1.8610958904109587,6.960734246575343,0.5748904109589041,0.5357692307692308,0.771,40.019555555555556,73.897,wheat,15.009,1.533,2
winter_wheat,RO,RO124,2006,1.94,12017.0,23312.98,46.5234,25.60694,883.201,1.009,10.576627397260275,5.644057534246576,13076776.191438356,1.8083068493150687,6.656942465753425,0.6114219178082192,0.5823333333333333,0.808,37.69422222222222,77.456,wheat,15.009,1.533,2
winter_wheat,RO,RO124,2010,2.275,9321.0,21205.275,46.5234,25.60694,985.335,1.7666547945205482,11.28369315068493,6.356539726027398,12658491.710616438,1.8043945205479452,6.786128767123287,0.8951534246575342,0.5939473684210527,0.792,40.79027777777778,76.262,wheat,15.009,1.533,2
winter_wheat,RO,RO124,2011,3.246,11136.0,36151.0,46.5234,25.60694,656.33,1.1125616438356163,11.504487671232877,6.073087671232877,13769990.400684932,1.9446684931506848,7.749945205479452,-0.1465041095890411,0.5413777777777777,0.796,39.65172222222222,79.682,wheat,15.009,1.533,2
winter_wheat,RO,RO124,2012,2.251,7772.0,17494.0,46.5234,25.60694,646.444,1.5086420765027322,12.479729508196721,6.834336065573771,13856514.56045082,2.13346174863388,9.651710382513661,-0.3672213114754098,0.5503157894736842,0.865,34.38805555555555,76.208,wheat,15.009,1.533,2
winter_wheat,RO,RO124,2014,2.798,9679.0,27079.0,46.5234,25.60694,854.686,2.4002246575342467,12.111191780821917,7.094569863013699,13117474.799315069,1.8967643835616437,7.30502191780822,0.44484109589041093,0.5743720930232559,0.782,43.483694444444446,77.539,wheat,15.009,1.533,2
winter_wheat,RO,RO124,2016,3.222,10534.0,33941.0,46.5234,25.60694,913.952,1.9909207650273224,11.636931693989071,6.708486338797814,12789080.604849726,1.8989426229508197,7.417986338797815,0.5981939890710383,0.5866279069767443,0.82,45.054972222222226,78.471,wheat,15.009,1.533,2
winter_wheat,RO,RO124,2017,3.477,9927.0,34519.0,46.5234,25.60694,720.357,1.8552684931506849,11.909419178082192,6.726860273972603,13291757.086643836,1.9859780821917807,7.973260273972602,-0.012397260273972607,0.5948048780487805,0.82,39.96780555555555,77.485,wheat,15.009,1.533,2
winter_wheat,RO,RO124,2018,3.306,10181.0,33660.0,46.5234,25.60694,826.839,2.2963589041095887,12.179249315068494,7.070978082191782,13249143.004794521,1.933276712328767,7.690331506849315,0.33203561643835616,0.5776842105263158,0.791,40.82047222222222,72.448,wheat,15.009,1.533,2
winter_wheat,RO,RO124,2019,3.196,10593.0,33854.0,46.5234,25.60694,739.3340000000001,2.644454794520548,12.692158904109588,7.517038356164384,13366038.2130137,1.9595369863013699,8.001131506849315,0.06603561643835615,0.5784523809523809,0.817,41.18961111111111,80.002,wheat,15.009,1.533,2
winter_wheat,RO,RO124,2020,3.147,11582.0,36445.0,46.5234,25.60694,831.663,2.607142076502732,12.420295081967215,7.361978142076502,13144123.63148907,1.9391502732240438,7.674120218579235,0.33315300546448084,0.5693913043478261,0.83,47.163444444444444,78.467,wheat,15.009,1.533,2
winter_wheat,RO,RO125,2001,3.051,40821.0,124544.871,46.5774,24.40748,926.095,4.277205479452055,13.737446575342465,8.723073972602739,12928311.355136987,2.106178082191781,8.485438356164384,0.43106849315068496,0.54695,0.752,44.235305555555556,72.218,wheat,14.216,1.512,5
winter_wheat,RO,RO125,2002,2.768,29320.0,81157.76,46.5774,24.40748,674.695,4.845594520547945,14.511980821917808,9.440202739726027,13286169.50239726,2.2582657534246575,9.419457534246575,-0.40978630136986305,0.5607857142857143,0.776,44.02294444444445,72.975,wheat,14.216,1.512,5
winter_wheat,RO,RO125,2003,2.451,32562.0,79809.462,46.5774,24.40748,584.78,4.168608219178082,14.157397260273973,8.92247397260274,13693539.386986302,2.3236630136986305,10.44432602739726,-0.7215260273972603,0.5416341463414635,0.815,36.244638888888886,69.09,wheat,14.216,1.512,5
winter_wheat,RO,RO125,2004,4.016,44890.0,180278.24,46.5774,24.40748,801.036,4.287054644808743,13.633204918032787,8.709237704918033,12987491.394467212,2.131448087431694,8.700122950819672,0.05717486338797815,0.5607804878048781,0.747,41.92822222222222,69.348,wheat,14.216,1.512,5
winter_wheat,RO,RO125,2006,2.609,34128.0,89039.952,46.5774,24.40748,858.131,3.9035260273972603,13.561098630136987,8.42208493150685,13050594.615068493,2.0499232876712328,8.230657534246575,0.30112054794520543,0.578780487804878,0.767,43.630472222222224,73.566,wheat,14.216,1.512,5
winter_wheat,RO,RO125,2010,2.969,26109.0,77517.621,46.5774,24.40748,896.118,4.953484931506849,14.24471506849315,9.28871506849315,12574313.586986301,2.0437808219178084,8.203413698630138,0.4113369863013698,0.588780487804878,0.759,46.170944444444444,74.695,wheat,14.216,1.512,5
winter_wheat,RO,RO125,2013,3.686,23510.0,86650.0,46.5774,24.40748,739.771,5.182205479452055,14.991109589041097,9.801493150684932,13238128.8380137,2.2585890410958904,10.018057534246575,-0.2318191780821918,0.584025,0.83,43.780611111111114,74.042,wheat,14.216,1.512,5
winter_wheat,RO,RO125,2014,3.984,24944.0,99368.0,46.5774,24.40748,601.079,5.829805479452054,15.912257534246576,10.58388493150685,13406531.477739725,2.3484986301369863,10.422145205479453,-0.7017068493150684,0.5753571428571428,0.739,47.022777777777776,72.726,wheat,14.216,1.512,5
winter_wheat,RO,RO125,2016,4.132,26991.0,111525.0,46.5774,24.40748,820.742,5.4573715846994535,14.845838797814208,9.887306010928961,12936218.894808743,2.2328852459016395,9.64892349726776,0.009579234972677571,0.5675111111111111,0.795,45.98452777777778,75.01,wheat,14.216,1.512,5
winter_wheat,RO,RO125,2017,4.315,25159.0,108572.0,46.5774,24.40748,672.453,5.2517945205479455,15.297090410958905,10.05585205479452,13152058.974145204,2.3743260273972604,10.954276712328767,-0.5319890410958904,0.5663255813953488,0.81,41.80925,75.448,wheat,14.216,1.512,5
winter_wheat,RO,RO125,2018,4.609,26011.0,119877.0,46.5774,24.40748,700.187,6.199865753424658,16.031523287671234,10.843747945205479,13280234.294178082,2.3616876712328767,10.815468493150686,-0.44336712328767125,0.5481395348837209,0.787,44.83936111111112,75.302,wheat,14.216,1.512,5
winter_wheat,RO,RO125,2019,4.662,27162.0,126620.0,46.5774,24.40748,652.312,6.046202739726027,16.442923287671235,10.96875890410959,13399857.241780821,2.442731506849315,11.57577808219178,-0.6555753424657534,0.5457209302325582,0.773,43.88127777777778,75.614,wheat,14.216,1.512,5
winter_wheat,RO,RO125,2020,4.5,24603.0,110719.0,46.5774,24.40748,788.245,5.649483606557377,15.416032786885246,10.21972131147541,12939596.709699454,2.2830437158469947,10.070098360655738,-0.1293688524590164,0.5748,0.781,47.462583333333335,76.435,wheat,14.216,1.512,5
winter_wheat,RO,RO126,2001,2.534,10663.0,27020.042,45.98328,24.23316,1031.293,4.88793698630137,13.641912328767123,9.035616438356165,13098544.923630137,2.128158904109589,8.260394520547944,0.6973013698630136,0.5725121951219512,0.77,47.10372222222222,74.964,wheat,14.069,1.57,5
winter_wheat,RO,RO126,2002,2.638,12587.0,33204.506,45.98328,24.23316,808.028,5.311750684931507,14.263301369863015,9.6045698630137,13491564.14109589,2.2381835616438357,8.811427397260273,-0.02440821917808219,0.5781428571428572,0.779,47.846916666666665,74.534,wheat,14.069,1.57,5
winter_wheat,RO,RO126,2003,2.569,12762.0,32785.578,45.98328,24.23316,696.919,4.708117808219178,13.809030136986301,9.066783561643836,13742710.701369863,2.2987342465753424,9.781178082191781,-0.38936712328767126,0.563813953488372,0.815,41.56375,69.685,wheat,14.069,1.57,5
winter_wheat,RO,RO126,2004,3.495,14085.0,49227.075,45.98328,24.23316,942.497,4.730647540983607,13.429685792349728,8.913524590163934,13228284.545423497,2.1400983606557378,8.336811475409837,0.43503005464480876,0.5925853658536585,0.786,46.56752777777778,73.868,wheat,14.069,1.57,5
winter_wheat,RO,RO126,2005,2.987,13918.0,41573.066,45.98328,24.23316,1143.827,4.522454794520548,13.104709589041097,8.568999999999999,13159185.735958904,2.0556794520547945,7.854846575342466,1.0780931506849316,0.6070526315789474,0.79,46.595555555555556,76.625,wheat,14.069,1.57,5
winter_wheat,RO,RO126,2008,2.868,8495.0,24363.66,45.98328,24.23316,901.603,5.3131775956284155,14.497819672131149,9.692494535519126,13530703.389344262,2.247915300546448,9.248636612021858,0.21548087431693985,0.5672272727272727,0.787,47.640972222222224,77.547,wheat,14.069,1.57,5
winter_wheat,RO,RO126,2009,2.69,7889.0,21221.41,45.98328,24.23316,767.879,5.467578082191781,14.847652054794521,10.039821917808219,13903481.09109589,2.3268054794520547,9.857879452054796,-0.22302739726027399,0.5739302325581395,0.773,45.72497222222222,73.349,wheat,14.069,1.57,5
winter_wheat,RO,RO126,2010,2.504,6940.0,17377.76,45.98328,24.23316,960.438,5.394191780821918,14.069306849315067,9.507641095890412,12795513.771575343,2.0875260273972605,8.154591780821917,0.5438109589041096,0.5990909090909091,0.81,48.967277777777774,77.849,wheat,14.069,1.57,5
winter_wheat,RO,RO126,2011,3.322,6097.0,20256.0,45.98328,24.23316,677.513,4.608317808219178,14.249712328767124,9.15852602739726,14064369.126369864,2.2511835616438356,9.47787397260274,-0.39498356164383563,0.5433181818181818,0.791,44.76877777777778,77.932,wheat,14.069,1.57,5
winter_wheat,RO,RO126,2013,3.225,6560.0,21159.0,45.98328,24.23316,869.943,5.471295890410959,14.565646575342466,9.813909589041096,13500909.635958904,2.219254794520548,9.300054794520548,0.16415068493150684,0.5855909090909092,0.796,47.321666666666665,76.788,wheat,14.069,1.57,5
winter_wheat,RO,RO126,2014,3.7,6332.0,23430.0,45.98328,24.23316,794.966,6.149460273972602,15.376479452054795,10.560923287671233,13400698.395547945,2.263454794520548,9.435432876712328,-0.08546575342465754,0.5888809523809524,0.784,48.50933333333333,75.263,wheat,14.069,1.57,5
winter_wheat,RO,RO126,2015,3.579,5946.0,21282.0,45.98328,24.23316,841.761,5.994241095890412,15.089090410958905,10.406038356164384,13315438.598972602,2.2696301369863012,9.91872602739726,0.036564383561643835,0.5702222222222222,0.776,47.748416666666664,75.769,wheat,14.069,1.57,5
winter_wheat,RO,RO126,2016,3.564,5890.0,20990.0,45.98328,24.23316,1019.5699999999999,5.5404371584699454,14.431822404371584,9.79162568306011,13048872.082308743,2.193338797814208,8.967308743169399,0.5923715846994535,0.6070227272727272,0.802,49.64602777777778,74.886,wheat,14.069,1.57,5
winter_wheat,RO,RO126,2017,3.846,5463.0,21010.0,45.98328,24.23316,832.795,5.372293150684931,14.733947945205479,9.894695890410958,13465412.046575343,2.3096082191780822,9.85770410958904,-0.027978082191780832,0.6048636363636364,0.84,46.252833333333335,78.549,wheat,14.069,1.57,5
winter_wheat,RO,RO126,2018,3.77,5255.0,19810.0,45.98328,24.23316,871.436,6.313613698630137,15.42914794520548,10.652646575342466,13424660.040926026,2.300049315068493,9.790317808219179,0.08744657534246573,0.5683863636363636,0.816,46.880250000000004,77.974,wheat,14.069,1.57,5
winter_wheat,RO,RO126,2019,3.367,4952.0,16672.0,45.98328,24.23316,784.108,6.274394520547945,15.860391780821917,10.892123287671232,13542141.012328766,2.3528794520547947,10.515216438356164,-0.20463835616438356,0.5677209302325581,0.807,44.83225,77.292,wheat,14.069,1.57,5
winter_wheat,RO,RO126,2020,3.313,6322.0,20945.0,45.98328,24.23316,922.034,5.946027322404372,15.058751366120218,10.294494535519124,13330737.267418033,2.2697786885245903,9.484754098360655,0.24943989071038253,0.6035909090909091,0.81,48.94891666666667,79.057,wheat,14.069,1.57,5
winter_wheat,RO,RO211,2001,2.979,21678.0,64578.762,46.4953,27.01674,619.832,5.155013698630137,14.309800000000001,9.504317808219177,13143331.275,2.367109589041096,9.900682191780822,-0.6689397260273973,0.5262,0.713,41.94855555555555,68.407,wheat,13.825,1.522,5
winter_wheat,RO,RO211,2004,2.988,22435.0,67035.78,46.4953,27.01674,593.631,5.202344262295082,14.221453551912568,9.504726775956284,13094977.382855192,2.3328934426229506,9.706745901639344,-0.7109508196721313,0.5262619047619048,0.779,39.35852777777777,72.975,wheat,13.825,1.522,5
winter_wheat,RO,RO211,2010,2.718,15678.0,42612.804,46.4953,27.01674,792.3,5.430638356164383,14.24158904109589,9.577383561643835,12891532.981849315,2.2410931506849314,9.120800000000001,-0.07040821917808221,0.5923076923076923,0.831,42.95336111111111,72.821,wheat,13.825,1.522,5
winter_wheat,RO,RO211,2015,3.168,14092.0,44638.0,46.4953,27.01674,528.793,6.589123287671233,15.89826301369863,11.031506849315068,13269127.312328767,2.5186630136986303,11.523328767123289,-1.0699150684931507,0.49515555555555557,0.69,37.595416666666665,61.607,wheat,13.825,1.522,5
winter_wheat,RO,RO211,2016,3.588,15253.0,54725.0,46.4953,27.01674,798.635,6.296021857923497,15.361937158469946,10.654360655737705,12961811.31113388,2.406172131147541,10.428065573770493,-0.22410928961748633,0.5434772727272728,0.754,44.160333333333334,72.512,wheat,13.825,1.522,5
winter_wheat,RO,RO211,2017,4.298,15328.0,65877.0,46.4953,27.01674,619.217,5.816772602739726,15.40883287671233,10.417934246575342,13372986.68390411,2.4836520547945207,10.958038356164383,-0.7871671232876714,0.5607391304347826,0.792,41.23166666666666,70.803,wheat,13.825,1.522,5
winter_wheat,RO,RO211,2018,4.469,15709.0,70210.0,46.4953,27.01674,631.524,6.14973698630137,15.207572602739726,10.442410958904109,13341487.257191781,2.432386301369863,10.474046575342467,-0.7021835616438356,0.555875,0.795,40.91880555555556,72.655,wheat,13.825,1.522,5
winter_wheat,RO,RO211,2019,3.838,15319.0,58790.0,46.4953,27.01674,576.251,6.602684931506849,16.10835616438356,11.102441095890411,13446431.364726027,2.453358904109589,10.847002739726028,-0.8745890410958904,0.5538139534883721,0.795,41.113305555555556,78.213,wheat,13.825,1.522,5
winter_wheat,RO,RO211,2020,3.368,17268.0,58167.0,46.4953,27.01674,532.928,6.669882513661203,16.480647540983608,11.369565573770492,13537791.94210929,2.6056693989071036,11.726524590163935,-1.149581967213115,0.544586956521739,0.768,44.21977777777778,69.832,wheat,13.825,1.522,5
winter_wheat,RO,RO212,2005,2.696,28590.0,77078.64,47.92599,26.73609,801.468,5.336895890410959,14.027145205479453,9.437000000000001,12282377.583734246,2.1853397260273972,9.34947397260274,0.010463013698630149,0.5148571428571428,0.733,41.67366666666666,70.14,wheat,14.584,1.457,5
winter_wheat,RO,RO212,2009,2.317,25676.0,59491.292,47.92599,26.73609,518.627,5.7691123287671235,15.104454794520548,10.310805479452055,12886427.21849315,2.429482191780822,10.83583287671233,-1.008586301369863,0.5092368421052631,0.705,37.36252777777778,66.999,wheat,14.584,1.457,5
winter_wheat,RO,RO212,2010,2.967,29558.0,87698.586,47.92599,26.73609,848.842,5.486528767123288,13.966301369863013,9.4952,12207244.828597259,2.176520547945205,8.769679452054795,0.14907397260273972,0.5744444444444444,0.733,41.22516666666667,73.808,wheat,14.584,1.457,5
winter_wheat,RO,RO212,2011,3.176,24728.0,78538.0,47.92599,26.73609,440.397,5.4333397260273975,14.719684931506851,9.88032602739726,12956919.357534247,2.4261424657534247,10.551942465753424,-1.2195753424657534,0.4947560975609756,0.739,39.98488888888889,72.628,wheat,14.584,1.457,5
winter_wheat,RO,RO212,2012,2.395,22425.0,53697.0,47.92599,26.73609,556.867,5.6196284153005465,15.325601092896175,10.283521857923498,12941826.94569672,2.580314207650273,12.805483606557376,-1.0588196721311476,0.4705555555555556,0.701,32.367638888888884,67.078,wheat,14.584,1.457,5
winter_wheat,RO,RO212,2016,3.021,27525.0,83140.0,47.92599,26.73609,731.335,6.441825136612022,15.323573770491803,10.736393442622951,12439765.422472678,2.4209180327868856,10.624710382513662,-0.42273497267759563,0.5022093023255814,0.74,40.800472222222226,72.313,wheat,14.584,1.457,5
winter_wheat,RO,RO212,2017,4.364,26168.0,114207.0,47.92599,26.73609,548.586,6.287890410958904,15.32607123287671,10.674287671232877,12714327.464726027,2.5009342465753424,10.974191780821918,-0.997958904109589,0.536829268292683,0.739,42.059666666666665,71.943,wheat,14.584,1.457,5
winter_wheat,RO,RO212,2018,4.316,26994.0,116506.0,47.92599,26.73609,639.08,6.1158109589041105,15.05242191780822,10.400682191780822,12860936.139383562,2.3942027397260275,10.386690410958904,-0.6432986301369863,0.5418888888888889,0.775,41.850972222222225,74.628,wheat,14.584,1.457,5
winter_wheat,RO,RO212,2019,4.203,28484.0,119720.0,47.92599,26.73609,556.151,6.93915890410959,16.059627397260275,11.274621917808219,12788849.176712329,2.4472,10.751356164383562,-0.9234986301369863,0.5016585365853659,0.767,38.4165,76.048,wheat,14.584,1.457,5
winter_wheat,RO,RO212,2020,2.822,30557.0,86246.0,47.92599,26.73609,643.031,6.830991803278689,16.075360655737708,11.260505464480875,12685289.15847268,2.4847841530054646,10.943885245901638,-0.7278688524590163,0.5283636363636364,0.835,41.08475,74.57,wheat,14.584,1.457,5
winter_wheat,RO,RO213,2002,2.877,46356.0,133366.212,47.25402,27.22922,631.349,5.7739589041095885,14.893271232876712,10.154824657534247,12747178.442808218,2.3818849315068493,10.17151506849315,-0.6521616438356165,0.5118292682926829,0.749,40.30027777777778,69.224,wheat,14.475,1.455,5
winter_wheat,RO,RO213,2005,3.083,39040.0,120360.32,47.25402,27.22922,745.777,5.425531506849315,14.274534246575342,9.613923287671232,12551605.244863013,2.2229890410958904,9.423849315068493,-0.17976438356164384,0.49019047619047623,0.712,40.04105555555556,67.928,wheat,14.475,1.455,5
winter_wheat,RO,RO213,2006,2.696,33242.0,89620.432,47.25402,27.22922,588.464,5.116427397260274,14.295558904109589,9.517065753424657,12954983.345547944,2.308268493150685,9.767791780821918,-0.6960383561643836,0.5156052631578948,0.716,38.842305555555555,68.85,wheat,14.475,1.455,5
winter_wheat,RO,RO213,2009,2.029,31890.0,64704.81,47.25402,27.22922,491.106,5.923684931506849,15.588887671232877,10.606578082191781,13178218.624657534,2.498986301369863,11.449186301369863,-1.1534904109589041,0.49684210526315786,0.673,36.75222222222222,63.98,wheat,14.475,1.455,5
winter_wheat,RO,RO213,2011,3.101,29018.0,89975.0,47.25402,27.22922,429.798,5.310967123287671,15.010594520547945,9.925087671232877,13333169.914726028,2.464246575342466,10.96933698630137,-1.2867178082191781,0.4788372093023256,0.767,38.95102777777778,68.056,wheat,14.475,1.455,5
winter_wheat,RO,RO213,2012,2.238,31456.0,70385.0,47.25402,27.22922,544.736,5.540622950819672,15.740756830601093,10.449825136612022,13503701.147540983,2.63051912568306,13.229284153005464,-1.1421693989071038,0.4654722222222223,0.678,31.68213888888889,65.594,wheat,14.475,1.455,5
winter_wheat,RO,RO213,2013,3.063,32014.0,98045.0,47.25402,27.22922,657.077,6.1880493150684925,14.95008219178082,10.396216438356165,12647214.323287671,2.3062328767123286,9.558539726027398,-0.5060219178082191,0.5325526315789473,0.75,39.82738888888889,73.634,wheat,14.475,1.455,5
winter_wheat,RO,RO213,2014,3.175,38508.0,122274.0,47.25402,27.22922,750.852,5.979430136986302,14.903501369863015,10.238320547945206,12668968.107531507,2.297213698630137,9.730641095890412,-0.24008493150684931,0.5251315789473684,0.717,39.916000000000004,70.181,wheat,14.475,1.455,5
winter_wheat,RO,RO213,2015,3.012,37625.0,113321.0,47.25402,27.22922,487.105,6.901819178082192,16.27738904109589,11.402208219178082,13056463.536643835,2.5700219178082193,12.098156164383562,-1.2354876712328766,0.47135714285714286,0.625,36.088972222222225,59.201,wheat,14.475,1.455,5
winter_wheat,RO,RO213,2016,3.609,38400.0,138581.0,47.25402,27.22922,745.879,6.554390710382514,15.640581967213116,10.955770491803278,12771864.716188524,2.4633169398907104,10.901628415300546,-0.42539617486338793,0.4910217391304348,0.719,42.245777777777775,71.719,wheat,14.475,1.455,5
winter_wheat,RO,RO213,2017,4.4,33976.0,149508.0,47.25402,27.22922,572.155,6.209553424657535,15.586060273972603,10.737309589041097,13066690.939041097,2.507049315068493,11.092986301369864,-0.9395013698630137,0.517525,0.709,40.62347222222222,68.069,wheat,14.475,1.455,5
winter_wheat,RO,RO213,2018,4.158,34168.0,142058.0,47.25402,27.22922,573.703,6.3052904109589045,15.452745205479452,10.707216438356165,13145293.433219178,2.46806301369863,10.955720547945207,-0.8962739726027397,0.5250857142857143,0.749,40.011944444444445,70.505,wheat,14.475,1.455,5
winter_wheat,RO,RO213,2019,4.08,36013.0,146920.0,47.25402,27.22922,544.811,6.882775342465754,16.339712328767124,11.415750684931506,13088415.679624656,2.476156164383562,11.084353424657534,-0.9835232876712329,0.5101951219512195,0.773,40.08566666666667,76.708,wheat,14.475,1.455,5
winter_wheat,RO,RO213,2020,3.043,39977.0,121645.0,47.25402,27.22922,559.312,6.9881502732240435,16.723325136612022,11.665038251366118,13167447.761442622,2.618502732240437,12.082915300546448,-1.090327868852459,0.49961363636363637,0.723,41.310916666666664,67.082,wheat,14.475,1.455,5
winter_wheat,RO,RO214,2008,3.265,22817.0,74497.505,46.99883,26.67449,659.759,5.548964480874317,14.685953551912569,9.897062841530055,12919944.090163935,2.364806010928962,9.977035519125682,-0.5621857923497269,0.5467906976744186,0.782,45.47058333333334,71.694,wheat,14.057,1.52,5
winter_wheat,RO,RO214,2009,2.86,22406.0,64081.16,46.99883,26.67449,566.734,5.161805479452055,14.854010958904109,9.839956164383562,13206073.614726027,2.424246575342466,10.736186301369862,-0.8715506849315068,0.5170250000000001,0.729,39.15025,71.073,wheat,14.057,1.52,5
winter_wheat,RO,RO214,2010,2.916,24483.0,71392.428,46.99883,26.67449,851.341,4.933671232876712,13.71153698630137,9.090586301369862,12596460.951712329,2.1775424657534246,8.719528767123288,0.15489863013698632,0.5718461538461538,0.732,41.265277777777776,73.445,wheat,14.057,1.52,5
winter_wheat,RO,RO214,2012,3.297,22505.0,74204.0,46.99883,26.67449,592.963,4.575516393442623,14.925502732240439,9.56577049180328,13584259.012636611,2.5296338797814206,12.109852459016393,-0.9095163934426229,0.5077179487179487,0.747,34.85083333333333,69.722,wheat,14.057,1.52,5
winter_wheat,RO,RO214,2013,3.532,22315.0,78812.0,46.99883,26.67449,649.859,5.340150684931507,14.310375342465754,9.63966301369863,12838152.799315069,2.2629260273972602,9.253076712328767,-0.48249041095890416,0.5413589743589744,0.764,39.72575,75.409,wheat,14.057,1.52,5
winter_wheat,RO,RO214,2014,4.075,19940.0,81264.0,46.99883,26.67449,854.628,5.387093150684931,14.207742465753425,9.588624657534247,12585044.71609589,2.2069068493150685,8.913583561643836,0.13453972602739728,0.5572790697674419,0.736,42.623916666666666,72.05,wheat,14.057,1.52,5
winter_wheat,RO,RO214,2015,3.97,21464.0,85202.0,46.99883,26.67449,522.081,6.155912328767123,15.540958904109589,10.68733698630137,12976910.788356164,2.4709342465753426,11.24847397260274,-1.0405753424657533,0.48475,0.645,37.36244444444444,58.763,wheat,14.057,1.52,5
winter_wheat,RO,RO214,2016,4.507,22116.0,99680.0,46.99883,26.67449,840.282,5.851325136612022,14.890803278688523,10.224040983606557,12682889.281079235,2.3570956284153004,10.037986338797813,-0.06124316939890705,0.5121777777777777,0.725,44.03413888888889,71.797,wheat,14.057,1.52,5
winter_wheat,RO,RO214,2017,4.886,19486.0,95202.0,46.99883,26.67449,609.074,5.488509589041096,15.013726027397261,10.077312328767123,13090980.450684931,2.4439726027397257,10.6246,-0.7752767123287672,0.5538888888888889,0.742,44.17136111111111,74.553,wheat,14.057,1.52,5
winter_wheat,RO,RO214,2018,4.601,21344.0,98213.0,46.99883,26.67449,661.862,5.674142465753424,14.84085479452055,10.08550410958904,13066257.11541096,2.3866794520547945,10.269043835616438,-0.5733589041095891,0.5512307692307693,0.764,42.02213888888889,74.655,wheat,14.057,1.52,5
winter_wheat,RO,RO214,2019,4.383,21912.0,96044.0,46.99883,26.67449,594.369,6.082312328767123,15.619498630136986,10.644345205479452,13156929.413013699,2.3878602739726027,10.379871232876713,-0.7594520547945205,0.5213255813953489,0.762,40.76586111111111,78.013,wheat,14.057,1.52,5
winter_wheat,RO,RO214,2020,2.826,20180.0,57029.0,46.99883,26.67449,612.707,6.2186830601092895,15.951997267759563,10.900379781420765,13134923.571207652,2.518912568306011,11.179467213114753,-0.8448497267759563,0.5188695652173912,0.744,45.93047222222222,74.864,wheat,14.057,1.52,5
winter_wheat,RO,RO215,2010,2.497,18540.0,46294.38,47.72929,26.13086,944.697,4.398438356164384,12.845978082191781,8.42123287671233,12121716.147260275,2.047158904109589,7.82253698630137,0.5410520547945206,0.6171,0.778,42.63005555555556,74.048,wheat,14.332,1.547,5
winter_wheat,RO,RO221,2001,2.696,95149.0,256521.704,45.13397,27.64027,479.962,7.66661095890411,16.91779726027397,11.993876712328769,13986876.929452054,2.8052027397260275,12.247038356164383,-1.4902383561643835,0.4085714285714286,0.57,34.50305555555556,53.279,wheat,14.747,1.41,5
winter_wheat,RO,RO221,2008,3.951,68656.0,271259.856,45.13397,27.64027,379.622,8.19807650273224,17.822289617486337,12.695841530054645,14209031.914959017,2.923464480874317,13.586281420765026,-1.8862459016393442,0.4325333333333333,0.65,37.34461111111111,65.741,wheat,14.747,1.41,5
winter_wheat,RO,RO221,2009,2.612,78656.0,205449.472,45.13397,27.64027,489.233,7.9176383561643835,17.47666575342466,12.424268493150686,14309410.06130137,2.844682191780822,12.909049315068494,-1.5043178082191782,0.45,0.592,39.63097222222222,59.644,wheat,14.747,1.41,5
winter_wheat,RO,RO221,2010,3.113,88266.0,274772.058,45.13397,27.64027,651.029,7.785441095890412,16.791109589041096,11.960158904109589,13645092.258561645,2.637030136986301,11.396008219178082,-0.8533890410958904,0.48145,0.676,39.22661111111111,63.924,wheat,14.747,1.41,5
winter_wheat,RO,RO221,2011,3.807,71173.0,270968.0,45.13397,27.64027,444.358,6.7837863013698625,16.35830684931507,11.238936986301372,14081383.893493151,2.7158712328767125,12.199961643835616,-1.4984520547945204,0.4173809523809524,0.652,34.42711111111111,65.188,wheat,14.747,1.41,5
winter_wheat,RO,RO221,2012,3.356,67847.0,227683.0,45.13397,27.64027,670.277,7.616155737704918,17.57335519125683,12.31498087431694,14659351.223019125,2.9432896174863385,14.044491803278687,-1.111931693989071,0.4272682926829268,0.673,33.69872222222222,66.502,wheat,14.747,1.41,5
winter_wheat,RO,RO221,2013,4.409,77070.0,339781.0,45.13397,27.64027,594.493,8.144432876712328,17.255265753424656,12.416849315068491,14021762.798457535,2.768945205479452,11.966920547945206,-1.1401972602739725,0.47315909090909086,0.646,42.56144444444445,63.648,wheat,14.747,1.41,5
winter_wheat,RO,RO221,2016,4.981,72414.0,360690.0,45.13397,27.64027,652.129,7.835185792349726,17.249144808743168,12.265393442622951,13622338.273051914,2.7006147540983605,12.130560109289616,-0.9188415300546448,0.48741860465116277,0.655,43.91616666666667,65.306,wheat,14.747,1.41,5
winter_wheat,RO,RO221,2017,5.247,70327.0,368992.0,45.13397,27.64027,653.536,7.463049315068493,17.13644109589041,12.003687671232875,14026924.487328768,2.7662,12.223112328767122,-0.9756904109589042,0.4716585365853659,0.655,40.10958333333333,65.797,wheat,14.747,1.41,5
winter_wheat,RO,RO221,2018,5.287,72430.0,382956.0,45.13397,27.64027,539.565,7.9852630136986305,17.34152876712329,12.276846575342466,13964993.201369863,2.7692794520547945,12.327805479452056,-1.2910191780821918,0.4282272727272727,0.656,38.07977777777778,59.842,wheat,14.747,1.41,5
winter_wheat,RO,RO221,2019,5.118,65711.0,336322.0,45.13397,27.64027,436.846,8.502030136986301,18.287312328767122,13.041180821917807,13868538.164383562,2.8130876712328767,12.878079452054793,-1.6162493150684933,0.44865853658536586,0.718,37.43516666666667,69.152,wheat,14.747,1.41,5
winter_wheat,RO,RO221,2020,2.091,64800.0,135470.0,45.13397,27.64027,451.942,8.531964480874317,18.7028825136612,13.351631147540983,14283691.05601093,3.0414699453551917,14.14744262295082,-1.806655737704918,0.4371590909090909,0.613,37.162305555555555,55.093,wheat,14.747,1.41,5
winter_wheat,RO,RO222,2004,2.851,44779.0,127664.929,45.13908,26.93741,669.746,6.909530054644809,15.873841530054644,11.083937158469945,13721013.69330601,2.599554644808743,10.802071038251366,-0.7696475409836064,0.457452380952381,0.685,34.74991666666667,66.779,wheat,14.71,1.428,5
winter_wheat,RO,RO222,2008,3.191,91471.0,291883.961,45.13908,26.93741,434.942,7.8788825136612015,17.35365573770492,12.32871038251366,14184147.777663935,2.9141639344262296,13.363909836065574,-1.7257978142076504,0.4240434782608696,0.631,33.93094444444445,62.465,wheat,14.71,1.428,5
winter_wheat,RO,RO222,2009,2.582,77892.0,201117.144,45.13908,26.93741,562.135,7.58947397260274,16.904605479452055,11.975043835616438,14144478.62671233,2.7918794520547943,12.247504109589041,-1.2517835616438358,0.4483636363636364,0.616,36.23177777777778,60.292,wheat,14.71,1.428,5
winter_wheat,RO,RO222,2010,3.131,81536.0,255289.216,45.13908,26.93741,741.277,7.362484931506849,16.04531506849315,11.37490410958904,13491923.530479452,2.5400575342465754,10.51925205479452,-0.5091616438356165,0.47300000000000003,0.677,36.01155555555555,65.268,wheat,14.71,1.428,5
winter_wheat,RO,RO222,2011,3.345,54566.0,182519.0,45.13908,26.93741,454.291,6.68887397260274,16.059216438356163,11.023882191780823,14069646.496232877,2.7063452054794523,11.885860273972602,-1.4617123287671232,0.4240227272727273,0.672,34.44705555555556,66.751,wheat,14.71,1.428,5
winter_wheat,RO,RO222,2012,1.979,57035.0,112889.0,45.13908,26.93741,708.136,7.116090163934427,16.881863387978143,11.750352459016392,14637239.106385246,2.86301912568306,13.223844262295081,-0.9282213114754098,0.4384615384615385,0.67,31.458305555555555,65.435,wheat,14.71,1.428,5
winter_wheat,RO,RO222,2013,3.133,92998.0,291373.0,45.13908,26.93741,676.994,7.634967123287671,16.603210958904107,11.81315616438356,14012373.884416439,2.687928767123288,11.337827397260273,-0.8331506849315069,0.4853953488372093,0.668,40.83094444444444,65.092,wheat,14.71,1.428,5
winter_wheat,RO,RO222,2014,3.364,100316.0,337497.0,45.13908,26.93741,822.381,7.444750684931506,15.818235616438356,11.322339726027398,13150459.26609589,2.5270931506849315,10.121095890410958,-0.2739945205479452,0.5031578947368421,0.651,39.82991666666666,64.232,wheat,14.71,1.428,5
winter_wheat,RO,RO222,2016,4.408,51999.0,229214.0,45.13908,26.93741,698.63,7.619346994535519,16.9313825136612,12.007756830601092,13452861.901980875,2.689065573770492,12.009754098360656,-0.7802404371584699,0.5061363636363636,0.674,45.16463888888889,67.792,wheat,14.71,1.428,5
winter_wheat,RO,RO222,2017,5.186,54236.0,281275.0,45.13908,26.93741,718.457,7.330838356164383,17.019906849315067,11.892419178082193,13971579.025515068,2.79506301369863,12.38445205479452,-0.8266876712328767,0.5038181818181818,0.727,42.39536111111111,71.042,wheat,14.71,1.428,5
winter_wheat,RO,RO222,2018,5.156,56322.0,290396.0,45.13908,26.93741,539.654,7.854928767123288,17.06518356164384,12.109991780821918,13866590.146232877,2.7996794520547947,12.289257534246575,-1.3211753424657533,0.45795454545454545,0.7,40.14041666666667,64.404,wheat,14.71,1.428,5
winter_wheat,RO,RO222,2019,5.235,56015.0,293264.0,45.13908,26.93741,534.459,8.162893150684932,17.87747123287671,12.666249315068493,13776278.342635617,2.7849945205479454,12.528205479452055,-1.320723287671233,0.4668139534883721,0.784,37.67597222222222,75.527,wheat,14.71,1.428,5
winter_wheat,RO,RO222,2020,1.593,63358.0,100942.0,45.13908,26.93741,484.35,8.273415300546448,18.49511475409836,13.135893442622951,14207873.80942623,3.085030054644809,14.366688524590163,-1.7616693989071037,0.47332608695652173,0.701,38.86986111111111,58.972,wheat,14.71,1.428,5
winter_wheat,RO,RO223,2001,1.744,177348.0,309294.912,44.27769,28.23398,475.21,8.255953424657534,17.066161643835617,12.364969863013698,14414000.206164384,2.917197260273973,11.781389041095892,-1.6152520547945206,0.3677560975609756,0.554,28.62211111111111,52.667,wheat,14.44,1.43,5
winter_wheat,RO,RO223,2002,1.832,140804.0,257952.928,44.27769,28.23398,552.197,8.489095890410958,17.150298630136987,12.508169863013698,14271544.7,2.876646575342466,11.45913698630137,-1.3637780821917809,0.3968048780487805,0.551,31.782555555555557,53.002,wheat,14.44,1.43,5
winter_wheat,RO,RO223,2004,3.205,86427.0,276998.535,44.27769,28.23398,654.062,7.779180327868852,16.258680327868852,11.709193989071037,14272889.225068307,2.643666666666667,9.874666666666666,-0.8566120218579234,0.4786279069767442,0.675,38.468555555555554,64.464,wheat,14.44,1.43,5
winter_wheat,RO,RO223,2006,3.534,88135.0,311469.09,44.27769,28.23398,528.007,7.717780821917808,16.291909589041094,11.71666301369863,14427917.202054795,2.722476712328767,10.544032876712329,-1.2758821917808219,0.4359782608695652,0.648,35.644444444444446,61.517,wheat,14.44,1.43,5
winter_wheat,RO,RO223,2008,3.922,177750.0,697135.5,44.27769,28.23398,438.465,8.52031693989071,17.32463387978142,12.660396174863388,14639821.792691257,2.869530054644809,11.560360655737703,-1.6715382513661203,0.4378409090909091,0.689,36.62113888888889,71.311,wheat,14.44,1.43,5
winter_wheat,RO,RO223,2009,2.184,169894.0,371048.496,44.27769,28.23398,475.96,8.508630136986302,17.327758904109587,12.672430136986302,14708066.221063012,2.8527972602739724,11.561849315068493,-1.5487972602739728,0.4332093023255814,0.618,37.326166666666666,61.623,wheat,14.44,1.43,5
winter_wheat,RO,RO223,2010,2.626,180123.0,473002.998,44.27769,28.23398,645.347,8.554649315068493,16.851545205479454,12.432583561643836,14048970.598630138,2.6585671232876713,10.342301369863014,-0.8904931506849314,0.4909302325581395,0.708,42.474694444444445,68.281,wheat,14.44,1.43,5
winter_wheat,RO,RO223,2011,4.309,142505.0,614068.0,44.27769,28.23398,486.986,7.438761643835617,16.169860273972603,11.520964383561644,14259236.421232877,2.736769863013699,11.095909589041096,-1.4025616438356165,0.4212045454545455,0.66,34.31288888888889,65.979,wheat,14.44,1.43,5
winter_wheat,RO,RO223,2012,3.041,178690.0,543352.0,44.27769,28.23398,624.006,8.395469945355192,17.529112021857923,12.716734972677596,14912754.712431693,2.9582868852459017,12.409803278688525,-1.2533524590163936,0.39338095238095233,0.7,29.19722222222222,64.327,wheat,14.44,1.43,5
winter_wheat,RO,RO223,2013,2.923,174920.0,511361.0,44.27769,28.23398,543.559,8.815457534246574,17.219764383561643,12.793027397260273,14448742.811986301,2.8448657534246573,11.227301369863014,-1.35566301369863,0.46308695652173915,0.662,40.70102777777778,67.564,wheat,14.44,1.43,5
winter_wheat,RO,RO223,2014,3.28,178124.0,584198.0,44.27769,28.23398,837.65,8.643942465753424,16.71215068493151,12.408868493150685,13648421.735446574,2.596972602739726,9.899482191780823,-0.30204109589041095,0.521157894736842,0.719,47.33125,75.8,wheat,14.44,1.43,5
winter_wheat,RO,RO223,2015,3.788,176707.0,669403.0,44.27769,28.23398,616.443,8.711063013698631,17.06669315068493,12.56881917808219,14094501.110616438,2.737331506849315,10.782408219178082,-1.0484465753424657,0.4776888888888889,0.681,42.222638888888895,70.725,wheat,14.44,1.43,5
winter_wheat,RO,RO223,2016,4.008,185474.0,743364.0,44.27769,28.23398,592.178,8.274765027322404,16.975743169398907,12.361568306010929,14053566.395150274,2.7382213114754097,10.91374863387978,-1.1202486338797815,0.4961162790697674,0.741,45.39066666666667,74.929,wheat,14.44,1.43,5
winter_wheat,RO,RO223,2017,5.413,175956.0,952417.0,44.27769,28.23398,556.715,7.931158904109589,16.705531506849315,12.005342465753424,14466611.619863013,2.7656712328767123,10.77112602739726,-1.2404246575342466,0.4962093023255814,0.737,43.18119444444444,74.094,wheat,14.44,1.43,5
winter_wheat,RO,RO223,2018,5.677,179309.0,1017944.0,44.27769,28.23398,626.939,8.459021917808219,16.9302301369863,12.353945205479452,14271019.196232876,2.721868493150685,10.611183561643836,-1.004227397260274,0.4702142857142857,0.702,44.54361111111111,75.853,wheat,14.44,1.43,5
winter_wheat,RO,RO223,2019,4.748,181623.0,862386.0,44.27769,28.23398,399.174,9.238832876712328,18.165468493150684,13.383087671232877,14503548.039041096,2.850709589041096,11.648517808219177,-1.757082191780822,0.45217777777777773,0.732,39.53472222222222,69.429,wheat,14.44,1.43,5
winter_wheat,RO,RO223,2020,1.002,190849.0,191497.0,44.27769,28.23398,466.599,8.953450819672131,18.125562841530055,13.24646174863388,14721520.67793716,2.940628415300546,11.974617486338797,-1.6657677595628417,0.45920000000000005,0.685,40.61208333333334,65.347,wheat,14.44,1.43,5
winter_wheat,RO,RO224,2004,2.912,49703.0,144735.136,45.83331,27.7364,599.808,6.58214480874317,15.412330601092895,10.736344262295082,13491992.525614753,2.5274289617486336,10.49677868852459,-0.8886092896174863,0.4534634146341463,0.685,33.05322222222222,60.345,wheat,14.512,1.424,5
winter_wheat,RO,RO224,2005,2.72,56305.0,153149.6,45.83331,27.7364,657.708,6.687619178082191,15.446405479452055,10.762339726027397,13262826.237671234,2.5130054794520547,10.562224657534246,-0.7110657534246575,0.45142857142857146,0.679,34.51116666666667,64.909,wheat,14.512,1.424,5
winter_wheat,RO,RO224,2006,2.472,45372.0,112159.584,45.83331,27.7364,499.145,6.5357369863013695,15.737717808219177,10.878460273972603,13763614.577569863,2.625408219178082,11.368156164383564,-1.2578876712328768,0.4317073170731707,0.644,32.34063888888889,60.934,wheat,14.512,1.424,5
winter_wheat,RO,RO224,2009,1.803,69972.0,126159.516,45.83331,27.7364,470.454,7.225230136986301,16.56149589041096,11.675602739726028,13913269.19469315,2.722,12.264983561643836,-1.4330849315068495,0.4382682926829269,0.597,33.21625,54.686,wheat,14.512,1.424,5
winter_wheat,RO,RO224,2010,2.454,71619.0,175753.026,45.83331,27.7364,684.527,7.003263013698629,15.756487671232877,11.083950684931507,13292727.235273972,2.494583561643836,10.526550684931506,-0.6191671232876712,0.4883846153846154,0.677,36.30611111111111,64.444,wheat,14.512,1.424,5
winter_wheat,RO,RO224,2011,3.152,64477.0,203258.0,45.83331,27.7364,444.428,6.064493150684932,15.5888,10.513205479452056,13857962.640753424,2.6045835616438358,11.473123287671232,-1.386972602739726,0.42757142857142855,0.668,32.65183333333333,65.008,wheat,14.512,1.424,5
winter_wheat,RO,RO224,2012,1.142,47621.0,54369.0,45.83331,27.7364,615.989,6.74466393442623,16.743131147540982,11.529784153005464,14387439.453893442,2.840286885245902,13.54701912568306,-1.1572568306010929,0.3972702702702703,0.654,26.45202777777778,60.566,wheat,14.512,1.424,5
winter_wheat,RO,RO224,2013,3.097,50927.0,157722.0,45.83331,27.7364,631.2909999999999,7.26911506849315,16.19378630136986,11.489898630136986,13585127.070035616,2.579953424657534,10.803528767123288,-0.8503890410958904,0.4902682926829268,0.686,37.40847222222222,66.209,wheat,14.512,1.424,5
winter_wheat,RO,RO224,2014,3.632,54700.0,198672.0,45.83331,27.7364,663.1800000000001,7.084594520547945,15.849687671232875,11.205416438356163,13114949.249657534,2.52013698630137,10.742605479452054,-0.7032054794520548,0.4929142857142857,0.674,36.52302777777778,67.321,wheat,14.512,1.424,5
winter_wheat,RO,RO224,2015,3.062,53714.0,164464.0,45.83331,27.7364,542.727,7.751164383561644,16.926961643835618,12.092723287671234,13597566.788013699,2.7664520547945206,12.730684931506849,-1.2795287671232878,0.4439302325581395,0.607,34.00088888888889,57.888,wheat,14.512,1.424,5
winter_wheat,RO,RO224,2016,4.206,55888.0,235052.0,45.83331,27.7364,695.072,7.3467158469945355,16.49795901639344,11.714830601092896,13352987.014002733,2.6290109289617485,11.655142076502733,-0.7299071038251367,0.4855813953488372,0.715,40.099694444444445,69.956,wheat,14.512,1.424,5
winter_wheat,RO,RO224,2017,4.194,44317.0,185883.0,45.83331,27.7364,630.805,7.026356164383562,16.40872602739726,11.45315890410959,13736000.668835616,2.6683643835616437,11.749605479452054,-0.940131506849315,0.48409756097560974,0.689,37.40472222222222,66.904,wheat,14.512,1.424,5
winter_wheat,RO,RO224,2018,3.737,47527.0,177630.0,45.83331,27.7364,521.055,7.328498630136987,16.417542465753424,11.562323287671232,13714461.124315068,2.662682191780822,11.68496712328767,-1.2351342465753425,0.44884090909090907,0.686,36.74052777777777,60.247,wheat,14.512,1.424,5
winter_wheat,RO,RO224,2019,4.09,43873.0,179454.0,45.83331,27.7364,465.447,7.962169863013699,17.406646575342467,12.396413698630136,13615667.20479452,2.7125616438356164,12.26384109589041,-1.4373643835616439,0.45716666666666667,0.745,35.83269444444444,72.374,wheat,14.512,1.424,5
winter_wheat,RO,RO224,2020,1.597,44908.0,71715.0,45.83331,27.7364,474.602,7.961262295081967,17.80131967213115,12.680898907103824,13984526.331625683,2.8987021857923496,13.304612021857924,-1.6019754098360655,0.4540454545454546,0.631,36.381083333333336,47.166,wheat,14.512,1.424,5
winter_wheat,RO,RO225,2001,1.919,81582.0,156555.858,45.05127,28.54243,499.636,7.919183561643836,16.204495890410957,11.760279452054796,14268134.172945205,2.7697287671232877,10.798487671232877,-1.4008630136986302,0.3975454545454546,0.538,31.289111111111108,49.539,wheat,14.945,1.378,5
winter_wheat,RO,RO225,2006,2.606,46348.0,120782.888,45.05127,28.54243,499.404,7.571780821917808,15.817098630136986,11.412731506849315,14272620.642123288,2.6889890410958905,10.422717808219177,-1.320758904109589,0.4077777777777778,0.586,31.700722222222225,54.647,wheat,14.945,1.378,5
winter_wheat,RO,RO225,2008,3.03,84199.0,255122.97,45.05127,28.54243,417.477,8.445833333333335,17.003120218579234,12.459316939890709,14385135.363387978,2.8413251366120216,11.659262295081968,-1.7006775956284153,0.4547391304347826,0.691,37.981138888888886,65.932,wheat,14.945,1.378,5
winter_wheat,RO,RO225,2009,1.351,76272.0,103043.472,45.05127,28.54243,449.135,8.313339726027397,16.831564383561645,12.34035890410959,14569255.155821918,2.8161479452054796,11.475980821917808,-1.585641095890411,0.4365,0.585,36.57855555555555,56.233,wheat,14.945,1.378,5
winter_wheat,RO,RO225,2010,2.428,72619.0,176318.932,45.05127,28.54243,612.901,8.302613698630138,16.360380821917808,12.071613698630138,13921890.228082191,2.608241095890411,10.208276712328768,-0.9290602739726028,0.47022727272727277,0.69,38.53852777777777,61.273,wheat,14.945,1.378,5
winter_wheat,RO,RO225,2011,3.404,62530.0,212862.0,45.05127,28.54243,429.152,7.298967123287671,15.815046575342466,11.2686,14193636.754452055,2.730591780821918,11.143454794520547,-1.5548328767123287,0.41300000000000003,0.64,33.53036111111111,61.434,wheat,14.945,1.378,5
winter_wheat,RO,RO225,2012,1.226,90180.0,110599.0,45.05127,28.54243,645.77,8.186852459016393,17.110355191256833,12.402311475409837,14770696.967896175,2.939412568306011,12.568688524590165,-1.1750136612021858,0.39239534883720933,0.595,28.88297222222222,55.057,wheat,14.945,1.378,5
winter_wheat,RO,RO225,2013,2.967,87536.0,259734.0,45.05127,28.54243,573.63,8.593057534246576,16.53337808219178,12.350780821917807,14120872.372260274,2.7291890410958906,10.562153424657534,-1.1576,0.45488888888888884,0.599,38.117444444444445,58.688,wheat,14.945,1.378,5
winter_wheat,RO,RO225,2014,3.658,80875.0,295881.0,45.05127,28.54243,719.205,8.314186301369862,16.182884931506848,11.999260273972602,13672555.434931507,2.6070849315068494,10.154290410958904,-0.6366602739726027,0.4968947368421053,0.69,41.7905,68.878,wheat,14.945,1.378,5
winter_wheat,RO,RO225,2015,3.72,78869.0,293416.0,45.05127,28.54243,582.73,8.509824657534246,16.60678082191781,12.287849315068492,14019288.55,2.750701369863014,11.039,-1.1541808219178082,0.4629772727272727,0.652,38.83352777777778,61.86,wheat,14.945,1.378,5
winter_wheat,RO,RO225,2016,4.098,84719.0,347203.0,45.05127,28.54243,624.904,8.103418032786886,16.367811475409834,11.99755737704918,13887330.344603825,2.6651994535519123,10.599707650273224,-0.9578114754098361,0.48773333333333335,0.707,42.95677777777777,69.042,wheat,14.945,1.378,5
winter_wheat,RO,RO225,2017,4.706,83957.0,395125.0,45.05127,28.54243,569.65,7.919383561643835,16.26344383561644,11.792665753424659,14244611.146917809,2.7225013698630134,10.686917808219178,-1.1618164383561644,0.48306666666666664,0.678,41.28872222222222,68.352,wheat,14.945,1.378,5
winter_wheat,RO,RO225,2018,4.597,83984.0,386108.0,45.05127,28.54243,557.437,8.161334246575343,16.386942465753425,11.956624657534245,14232923.66369863,2.6973561643835615,10.684454794520548,-1.170131506849315,0.45622727272727276,0.668,39.88313888888889,65.653,wheat,14.945,1.378,5
winter_wheat,RO,RO225,2019,3.778,85717.0,323796.0,45.05127,28.54243,363.455,9.037454794520547,17.603783561643837,13.031271232876712,14198085.80239726,2.810369863013699,11.572816438356165,-1.8146027397260276,0.4357555555555556,0.624,36.11741666666667,57.367,wheat,14.945,1.378,5
winter_wheat,RO,RO225,2020,1.586,84694.0,134323.0,45.05127,28.54243,464.747,8.755199453551912,17.666573770491805,12.959065573770491,14599441.722677596,2.9059863387978138,11.926841530054645,-1.6361857923497265,0.4526,0.546,38.51061111111111,52.198,wheat,14.945,1.378,5
winter_wheat,RO,RO226,2006,2.534,20095.0,50920.73,45.70215,27.21513,528.99,6.55752602739726,16.066739726027397,11.023298630136987,13712144.489726027,2.648060273972603,11.861109589041096,-1.198772602739726,0.4333571428571429,0.663,34.26519444444445,66.244,wheat,14.688,1.44,5
winter_wheat,RO,RO226,2009,2.493,21671.0,54025.803,45.70215,27.21513,537.095,7.1352,16.65281095890411,11.639306849315068,13894297.396063013,2.7108465753424658,12.316873972602739,-1.2393534246575342,0.4277560975609756,0.63,33.08191666666667,61.274,wheat,14.688,1.44,5
winter_wheat,RO,RO226,2010,2.519,30912.0,77867.328,45.70215,27.21513,746.832,6.910819178082192,15.803652054794519,11.049487671232876,13274415.983049314,2.4817013698630137,10.569095890410958,-0.43558630136986304,0.49368421052631584,0.683,36.8295,65.855,wheat,14.688,1.44,5
winter_wheat,RO,RO226,2013,3.21,28763.0,92331.0,45.70215,27.21513,696.341,7.076813698630136,16.254684931506848,11.398890410958904,13690661.902569862,2.580545205479452,11.036482191780822,-0.6727616438356164,0.5008,0.682,38.51394444444444,66.613,wheat,14.688,1.44,5
winter_wheat,RO,RO226,2014,3.069,26105.0,80112.0,45.70215,27.21513,788.033,6.991912328767123,15.763750684931507,11.086731506849315,13043825.991438355,2.4724986301369865,10.39125205479452,-0.3135041095890411,0.5005,0.702,37.41327777777778,64.609,wheat,14.688,1.44,5
winter_wheat,RO,RO226,2015,3.017,26671.0,80469.0,45.70215,27.21513,613.886,7.666024657534247,17.130780821917806,12.13217808219178,13514932.467465753,2.7398027397260276,12.789,-1.0579232876712328,0.4404,0.595,35.51777777777778,57.886,wheat,14.688,1.44,5
winter_wheat,RO,RO226,2016,3.44,24856.0,85497.0,45.70215,27.21513,725.742,7.3726557377049176,16.80330054644809,11.860000000000001,13288049.270150274,2.633120218579235,12.00437431693989,-0.6502185792349726,0.49420454545454545,0.661,42.74027777777778,67.54,wheat,14.688,1.44,5
winter_wheat,RO,RO311,2003,1.11,40445.0,44893.95,44.62764,24.90689,616.231,6.755487671232877,15.818252054794522,11.058419178082191,14299504.67448767,2.7064602739726027,12.35001095890411,-1.0181561643835617,0.47248648648648645,0.733,29.81938888888889,55.038,wheat,14.534,1.58,4
winter_wheat,RO,RO311,2006,2.746,40131.0,110199.726,44.62764,24.90689,721.078,6.8003698630136995,15.777964383561645,10.995920547945206,14212148.885273973,2.503575342465753,10.200838356164384,-0.5280191780821918,0.4826585365853659,0.657,35.488055555555555,60.012,wheat,14.534,1.58,4
winter_wheat,RO,RO311,2013,3.142,46318.0,145529.0,44.62764,24.90689,714.579,7.367408219178082,16.466183561643835,11.652383561643836,14256898.471232876,2.603219178082192,11.20942191780822,-0.645468493150685,0.4812093023255814,0.667,40.21208333333333,61.479,wheat,14.534,1.58,4
winter_wheat,RO,RO311,2016,2.873,47413.0,136221.0,44.62764,24.90689,768.101,7.10451912568306,16.278483606557376,11.439953551912568,13718776.595969945,2.541346994535519,11.012568306010929,-0.4427103825136611,0.4759111111111111,0.683,37.945194444444446,60.795,wheat,14.534,1.58,4
winter_wheat,RO,RO311,2017,4.22,44721.0,188726.0,44.62764,24.90689,844.774,6.772224657534247,16.711827397260272,11.491709589041097,14287426.855821919,2.712095890410959,12.212356164383563,-0.3976465753424657,0.4964130434782609,0.707,40.030944444444444,68.082,wheat,14.534,1.58,4
winter_wheat,RO,RO311,2018,3.536,42367.0,149807.0,44.62764,24.90689,805.5120000000001,7.278920547945206,16.613465753424656,11.620772602739727,14196119.960616438,2.624591780821918,11.349753424657534,-0.4177095890410959,0.4733809523809524,0.684,39.48286111111111,63.181,wheat,14.534,1.58,4
winter_wheat,RO,RO311,2019,4.2,48828.0,205061.0,44.62764,24.90689,677.169,7.736147945205479,17.76842739726027,12.440589041095889,14224343.729109589,2.7225917808219178,12.593413698630139,-0.8673342465753424,0.4620232558139535,0.759,35.34561111111111,71.474,wheat,14.534,1.58,4
winter_wheat,RO,RO311,2020,3.005,48442.0,145592.0,44.62764,24.90689,714.89,7.713811475409837,17.703308743169398,12.401592896174863,14249527.696721312,2.845494535519126,12.955748633879782,-0.892243169398907,0.47954347826086957,0.691,41.881972222222224,63.964,wheat,14.534,1.58,4
winter_wheat,RO,RO312,2002,1.751,154095.0,269820.345,44.37003,26.98763,697.481,8.015767123287672,17.094627397260272,12.249950684931507,14075965.451027397,2.792619178082192,11.886254794520548,-0.8817123287671232,0.4334615384615385,0.695,34.50125,63.089,wheat,14.655,1.444,5
winter_wheat,RO,RO312,2003,0.403,84960.0,34238.88,44.37003,26.98763,572.724,7.177238356164383,16.205342465753425,11.448898630136986,14295098.123972602,2.7578794520547945,12.350465753424658,-1.188772602739726,0.4280857142857143,0.625,28.766805555555557,60.508,wheat,14.655,1.444,5
winter_wheat,RO,RO312,2004,4.139,112876.0,467193.764,44.37003,26.98763,654.025,7.559166666666667,16.640819672131148,11.771071038251367,14186327.486338798,2.6324590163934425,10.900478142076503,-0.8455054644808743,0.4784523809523809,0.679,37.49736111111111,67.373,wheat,14.655,1.444,5
winter_wheat,RO,RO312,2005,3.225,154444.0,498081.9,44.37003,26.98763,964.582,7.466717808219178,16.051871232876714,11.416230136986302,13816636.894863013,2.480367123287671,9.94605205479452,0.16232328767123289,0.48483333333333334,0.677,38.19361111111111,64.093,wheat,14.655,1.444,5
winter_wheat,RO,RO312,2006,3.21,118255.0,379598.55,44.37003,26.98763,557.328,7.661109589041096,16.84454794520548,11.926136986301369,14290843.810958903,2.7152986301369864,11.678246575342467,-1.188372602739726,0.4521428571428571,0.654,35.78769444444444,60.81,wheat,14.655,1.444,5
winter_wheat,RO,RO312,2008,3.883,161213.0,625990.079,44.37003,26.98763,410.218,8.351857923497269,17.868071038251365,12.82868306010929,14604864.009221312,2.908614754098361,13.342019125683061,-1.7878005464480875,0.4597727272727273,0.706,38.277361111111105,73.076,wheat,14.655,1.444,5
winter_wheat,RO,RO312,2009,2.128,159689.0,339818.192,44.37003,26.98763,489.395,8.349073972602739,17.85144383561644,12.825605479452054,14542731.70239726,2.8597013698630134,13.090956164383561,-1.5188931506849315,0.48050000000000004,0.668,42.47505555555556,66.845,wheat,14.655,1.444,5
winter_wheat,RO,RO312,2010,2.497,145722.0,363867.834,44.37003,26.98763,650.528,8.0904,16.99363287671233,12.22206301369863,13810393.54520548,2.6442164383561644,11.435186301369862,-0.8619479452054795,0.5014615384615384,0.705,41.41952777777778,68.643,wheat,14.655,1.444,5
winter_wheat,RO,RO312,2011,4.057,134635.0,546274.0,44.37003,26.98763,505.625,7.132205479452055,16.488608219178083,11.46867123287671,14243876.790753424,2.6795534246575343,11.848369863013698,-1.2942794520547944,0.4499767441860465,0.707,37.053666666666665,71.202,wheat,14.655,1.444,5
winter_wheat,RO,RO312,2012,2.879,137175.0,394982.0,44.37003,26.98763,687.0360000000001,7.837866120218579,17.63608743169399,12.477081967213115,14842577.517076503,2.904844262295082,13.6465,-1.0276967213114754,0.4581538461538462,0.712,36.71586111111111,68.666,wheat,14.655,1.444,5
winter_wheat,RO,RO312,2013,4.592,120915.0,555238.0,44.37003,26.98763,599.451,8.526567123287672,17.68969315068493,12.82482191780822,14387615.282876713,2.812909589041096,12.312660273972604,-1.1705780821917808,0.522139534883721,0.661,49.74333333333333,72.41,wheat,14.655,1.444,5
winter_wheat,RO,RO312,2014,4.237,118903.0,503818.0,44.37003,26.98763,859.969,8.121591780821918,16.631139726027396,12.05317808219178,13322638.614038356,2.531775342465753,10.418986301369863,-0.17569589041095887,0.531942857142857,0.713,46.440444444444445,74.155,wheat,14.655,1.444,5
winter_wheat,RO,RO312,2015,5.119,120793.0,618336.0,44.37003,26.98763,642.554,8.453641095890411,17.62218630136986,12.717610958904109,13935628.500854796,2.7272684931506848,12.211978082191782,-0.9668465753424658,0.5144888888888889,0.677,46.562777777777775,67.283,wheat,14.655,1.444,5
winter_wheat,RO,RO312,2016,5.049,121494.0,613427.0,44.37003,26.98763,674.384,8.026360655737705,17.32448360655738,12.36881967213115,13802594.429644808,2.6686803278688522,11.88167213114754,-0.8261010928961748,0.5336511627906977,0.719,50.020694444444445,71.796,wheat,14.655,1.444,5
winter_wheat,RO,RO312,2017,5.55,128251.0,711731.0,44.37003,26.98763,665.388,7.571364383561643,17.330761643835615,12.149309589041096,14235641.118150685,2.7646849315068494,12.269942465753426,-0.941704109589041,0.5369761904761905,0.734,48.037083333333335,75.507,wheat,14.655,1.444,5
winter_wheat,RO,RO312,2018,5.654,127146.0,718918.0,44.37003,26.98763,611.897,8.137745205479453,17.565860273972604,12.465868493150685,14231934.848287672,2.7599972602739724,12.251282191780822,-1.0835671232876714,0.49004761904761907,0.671,44.601444444444446,69.273,wheat,14.655,1.444,5
winter_wheat,RO,RO312,2019,5.795,122376.0,709190.0,44.37003,26.98763,473.974,8.787882191780822,18.75284383561644,13.38355616438356,14163250.940068493,2.8438246575342467,13.25108219178082,-1.5452657534246577,0.4781395348837209,0.767,40.97094444444444,72.636,wheat,14.655,1.444,5
winter_wheat,RO,RO312,2020,1.809,128908.0,233158.0,44.37003,26.98763,505.168,8.754784153005465,18.997814207650272,13.56950819672131,14510988.044229507,3.053489071038251,14.382948087431693,-1.6732486338797814,0.5299772727272727,0.673,47.69566666666667,58.725,wheat,14.655,1.444,5
winter_wheat,RO,RO313,2016,3.071,32420.0,99573.0,44.72313,25.5337,768.84,6.99608743169399,16.41739344262295,11.446013661202185,13525198.38456284,2.465453551912568,11.059013661202187,-0.36479781420765023,0.4995813953488372,0.666,40.47880555555556,62.415,wheat,13.0,1.503,4
winter_wheat,RO,RO313,2017,3.905,35256.0,137668.0,44.72313,25.5337,890.35,6.546427397260274,16.5498602739726,11.289616438356164,14112676.146575343,2.549109589041096,11.40127397260274,-0.10979452054794521,0.5182954545454546,0.709,40.32833333333333,66.286,wheat,13.0,1.503,4
winter_wheat,RO,RO313,2018,3.318,35302.0,117118.0,44.72313,25.5337,739.23,7.309761643835617,16.731690410958905,11.69261095890411,13997528.385616438,2.544339726027397,11.268035616438356,-0.5190520547945205,0.46520930232558144,0.733,38.92294444444445,66.489,wheat,13.0,1.503,4
winter_wheat,RO,RO313,2019,4.201,30709.0,128999.0,44.72313,25.5337,685.157,7.5826164383561645,17.648389041095893,12.281794520547944,13983302.75410959,2.575186301369863,11.898720547945207,-0.6980438356164383,0.4709772727272727,0.756,36.0165,69.209,wheat,13.0,1.503,4
winter_wheat,RO,RO313,2020,3.245,33145.0,107571.0,44.72313,25.5337,680.236,7.600046448087432,17.79086612021858,12.402524590163933,14213204.741289617,2.7642896174863387,12.838215846994537,-0.9057213114754098,0.47115217391304354,0.72,40.261944444444445,67.39,wheat,13.0,1.503,4
winter_wheat,RO,RO314,2001,3.152,85776.0,270365.952,44.167,25.81568,602.93,8.115202739726028,17.35866301369863,12.494950684931506,14280806.053424658,2.822460273972603,12.66557808219178,-1.1705972602739725,0.47627499999999995,0.694,37.73936111111111,66.556,wheat,14.105,1.507,5
winter_wheat,RO,RO314,2002,1.607,82113.0,131955.59,44.167,25.81568,806.582,7.882032876712329,16.91230684931507,12.142509589041095,14114072.393150685,2.7190657534246574,11.626553424657533,-0.5092520547945206,0.4662564102564103,0.714,35.76822222222222,64.857,wheat,14.105,1.507,5
winter_wheat,RO,RO314,2008,3.354,83046.0,278536.284,44.167,25.81568,466.439,8.174281420765027,17.544139344262295,12.629494535519127,14687605.179644808,2.832770491803279,13.005781420765027,-1.5583469945355193,0.4903571428571428,0.739,38.43733333333333,71.972,wheat,14.105,1.507,5
winter_wheat,RO,RO314,2009,2.522,89260.0,225113.72,44.167,25.81568,601.451,8.195805479452055,17.52833698630137,12.641545205479451,14502510.953082193,2.7367534246575342,12.366942465753425,-1.0889424657534246,0.5159024390243903,0.666,43.787166666666664,66.392,wheat,14.105,1.507,5
winter_wheat,RO,RO314,2010,2.88,90422.0,260415.36,44.167,25.81568,717.421,7.854260273972602,16.524098630136987,11.9284,13801835.201369863,2.5235589041095894,10.61338904109589,-0.5580219178082192,0.511725,0.711,40.08091666666667,69.433,wheat,14.105,1.507,5
winter_wheat,RO,RO314,2011,3.615,79949.0,289042.0,44.167,25.81568,513.913,7.177235616438356,16.525309589041097,11.579063013698631,14343900.244863013,2.645868493150685,11.751095890410959,-1.2378876712328768,0.47383333333333333,0.726,37.28638888888889,69.6,wheat,14.105,1.507,5
winter_wheat,RO,RO314,2012,2.824,79554.0,224661.0,44.167,25.81568,635.644,7.781396174863388,17.57618032786885,12.483071038251367,15000596.823770491,2.8947404371584695,13.815270491803279,-1.1580081967213116,0.45197368421052636,0.748,32.89516666666667,68.233,wheat,14.105,1.507,5
winter_wheat,RO,RO314,2014,3.715,88954.0,330506.0,44.167,25.81568,929.083,8.087375342465753,16.47544383561644,11.986098630136988,13419914.991265753,2.4616054794520545,10.002550684931506,0.08382739726027395,0.5437297297297297,0.734,44.522,71.594,wheat,14.105,1.507,5
winter_wheat,RO,RO314,2016,3.466,83583.0,289733.0,44.167,25.81568,680.773,7.914281420765027,17.25462568306011,12.3172131147541,13876527.448770491,2.6482021857923495,11.992661202185793,-0.7881666666666667,0.5425348837209303,0.72,48.50177777777778,71.674,wheat,14.105,1.507,5
winter_wheat,RO,RO315,2001,2.645,129619.0,342842.255,44.67001,27.24406,480.887,7.858230136986301,17.196652054794523,12.222076712328768,14149153.29109589,2.855520547945206,12.555950684931506,-1.5380219178082193,0.39823255813953484,0.587,32.49622222222222,57.401,wheat,14.669,1.415,5
winter_wheat,RO,RO315,2002,1.363,111831.0,152425.653,44.67001,27.24406,664.53,7.8814821917808215,17.062717808219176,12.177490410958903,14013462.480136987,2.83465205479452,12.068942465753423,-1.0140219178082193,0.41226315789473683,0.704,31.964194444444445,63.615,wheat,14.669,1.415,5
winter_wheat,RO,RO315,2004,3.132,75742.0,237223.944,44.67001,27.24406,675.38,7.25593169398907,16.41322950819672,11.499724043715847,14071087.857240437,2.6163306010928964,10.801606557377049,-0.7710300546448088,0.4652857142857143,0.703,36.93522222222222,71.6,wheat,14.669,1.415,5
winter_wheat,RO,RO315,2005,2.894,104370.0,302046.78,44.67001,27.24406,866.752,7.286797260273973,16.021942465753426,11.300578082191782,13766655.477739725,2.5206109589041095,10.217610958904109,-0.14594794520547946,0.47451219512195125,0.673,37.513555555555556,66.381,wheat,14.669,1.415,5
winter_wheat,RO,RO315,2006,2.478,83273.0,206350.494,44.67001,27.24406,537.563,7.4267452054794525,16.746109589041097,11.742408219178083,14221780.540241094,2.731964383561644,11.757526027397262,-1.2591890410958904,0.4137333333333333,0.633,33.17777777777778,59.823,wheat,14.669,1.415,5
winter_wheat,RO,RO315,2008,3.726,106118.0,395395.668,44.67001,27.24406,399.547,8.172139344262295,17.822144808743168,12.710229508196722,14473452.456967212,2.92070218579235,13.404991803278689,-1.8290437158469943,0.444,0.663,36.8755,68.099,wheat,14.669,1.415,5
winter_wheat,RO,RO315,2009,2.107,108637.0,228898.159,44.67001,27.24406,512.323,8.034715068493151,17.610698630136987,12.54864109589041,14462356.098630138,2.848232876712329,12.844599999999998,-1.4446082191780822,0.45445454545454544,0.603,39.16886111111111,59.078,wheat,14.669,1.415,5
winter_wheat,RO,RO315,2010,2.884,102293.0,295013.012,44.67001,27.24406,666.452,7.876876712328767,16.885334246575344,12.048778082191781,13768905.93561644,2.641024657534247,11.343742465753426,-0.8151287671232876,0.489475,0.698,39.612027777777776,66.145,wheat,14.669,1.415,5
winter_wheat,RO,RO315,2011,4.176,100033.0,417705.0,44.67001,27.24406,468.69,6.915879452054794,16.42278904109589,11.333873972602738,14219240.337671233,2.713591780821918,12.040961643835617,-1.4295095890410958,0.4392857142857143,0.703,35.37627777777778,69.784,wheat,14.669,1.415,5
winter_wheat,RO,RO315,2016,5.21,103576.0,539668.0,44.67001,27.24406,675.308,7.804450819672131,17.208139344262296,12.200789617486338,13738549.594603825,2.6753688524590165,11.88696174863388,-0.8302650273224044,0.523,0.693,49.54852777777778,69.981,wheat,14.669,1.415,5
winter_wheat,RO,RO315,2017,5.993,99938.0,598976.0,44.67001,27.24406,676.793,7.450216438356165,17.220112328767126,12.032745205479452,14179257.673972603,2.7685369863013696,12.164641095890412,-0.9143095890410959,0.516,0.712,45.60530555555555,73.81,wheat,14.669,1.415,5
winter_wheat,RO,RO315,2018,5.848,99048.0,579210.0,44.67001,27.24406,589.674,8.064553424657534,17.467909589041096,12.372284931506849,14129662.008219179,2.7839753424657534,12.319904109589041,-1.1684301369863013,0.4657727272727273,0.649,42.53138888888889,67.615,wheat,14.669,1.415,5
winter_wheat,RO,RO315,2019,5.313,104948.0,557566.0,44.67001,27.24406,468.759,8.559956164383562,18.484509589041096,13.14409589041096,14057801.95239726,2.833958904109589,12.989186301369863,-1.5496876712328767,0.4573953488372093,0.758,38.30247222222223,72.34,wheat,14.669,1.415,5
winter_wheat,RO,RO315,2020,1.431,94905.0,135832.0,44.67001,27.24406,473.572,8.595286885245901,18.881524590163934,13.450836065573771,14430683.795423497,3.067355191256831,14.330502732240436,-1.7734426229508198,0.4766818181818182,0.629,40.91975,52.818,wheat,14.669,1.415,5
winter_wheat,RO,RO316,2003,0.715,21224.0,15175.16,44.95197,26.15582,596.073,6.203032876712329,15.281742465753425,10.520501369863014,13950537.186816437,2.4975753424657534,11.079358904109588,-0.8644986301369864,0.4585945945945946,0.825,28.040166666666668,55.375,wheat,13.635,1.459,5
winter_wheat,RO,RO316,2005,2.708,35601.0,96407.508,44.95197,26.15582,990.188,6.302183561643836,15.052249315068494,10.382939726027397,13486183.416780822,2.281290410958904,9.149835616438356,0.4315534246575342,0.4812619047619048,0.7,35.772999999999996,62.478,wheat,13.635,1.459,5
winter_wheat,RO,RO316,2009,2.82,36896.0,104046.72,44.95197,26.15582,687.613,7.0887452054794515,16.372638356164384,11.52217808219178,13944079.81849315,2.4967698630136987,10.865742465753424,-0.6128986301369863,0.5005454545454545,0.701,38.63333333333333,59.557,wheat,13.635,1.459,5
winter_wheat,RO,RO316,2013,3.584,36637.0,131310.0,44.95197,26.15582,664.939,7.151657534246575,16.26955890410959,11.47089589041096,13954704.391268492,2.4674794520547945,10.67298904109589,-0.6457287671232876,0.49773809523809526,0.674,40.87416666666667,61.145,wheat,13.635,1.459,5
winter_wheat,RO,RO316,2016,4.091,38479.0,157431.0,44.95197,26.15582,791.342,6.98377868852459,16.431833333333334,11.458131147540985,13371023.488046449,2.4363415300546447,10.955158469945356,-0.2742049180327869,0.5177727272727273,0.68,43.58541666666667,65.37,wheat,13.635,1.459,5
winter_wheat,RO,RO316,2017,4.59,33061.0,151757.0,44.95197,26.15582,799.211,6.6779534246575345,16.639594520547945,11.436249315068492,13965351.571232876,2.544832876712329,11.513449315068492,-0.35521369863013696,0.5244186046511629,0.729,42.98777777777778,68.874,wheat,13.635,1.459,5
winter_wheat,RO,RO316,2018,3.589,35688.0,128080.0,44.95197,26.15582,629.003,7.5353808219178084,16.895120547945204,11.922082191780824,13791913.407876713,2.5828712328767125,11.795328767123287,-0.8595753424657534,0.4750681818181818,0.693,40.478,60.301,wheat,13.635,1.459,5
winter_wheat,RO,RO316,2019,5.058,36114.0,182654.0,44.95197,26.15582,622.332,7.6321671232876716,17.630997260273972,12.345079452054794,13756682.05599452,2.5656657534246574,12.04363287671233,-0.8606465753424658,0.47431818181818186,0.769,37.216277777777776,71.024,wheat,13.635,1.459,5
winter_wheat,RO,RO316,2020,2.28,40907.0,93281.0,44.95197,26.15582,570.471,7.692530054644808,17.903926229508194,12.562997267759561,14153043.834868854,2.769896174863388,13.146945355191257,-1.2112322404371585,0.5013695652173913,0.704,42.76233333333333,62.487,wheat,13.635,1.459,5
winter_wheat,RO,RO317,2001,3.51,198490.0,696699.9,44.08765,25.14372,616.414,8.340419178082191,17.63108493150685,12.733126027397262,14355505.984246576,2.9374301369863014,13.34692602739726,-1.2486246575342466,0.47383333333333333,0.726,39.29697222222222,69.235,wheat,14.363,1.5,5
winter_wheat,RO,RO317,2005,2.603,221039.0,575364.517,44.08765,25.14372,1157.497,7.4972301369863015,15.986912328767124,11.428953424657534,13827805.432534246,2.4429397260273973,9.770734246575342,0.7282849315068494,0.49609756097560975,0.719,37.3485,65.498,wheat,14.363,1.5,5
winter_wheat,RO,RO317,2006,2.754,189078.0,520720.812,44.08765,25.14372,612.469,7.683838356164384,16.823813698630136,11.981665753424657,14404091.204109589,2.6770356164383564,11.552169863013699,-0.9990383561643835,0.4573809523809524,0.637,33.86541666666667,60.35,wheat,14.363,1.5,5
winter_wheat,RO,RO317,2009,2.281,174284.0,397541.804,44.08765,25.14372,619.905,8.379942465753425,17.65184109589041,12.79589589041096,14580180.03390411,2.796986301369863,12.695558904109589,-1.0986164383561643,0.48195238095238097,0.657,40.74938888888889,65.861,wheat,14.363,1.5,5
winter_wheat,RO,RO317,2010,2.648,152969.0,405061.912,44.08765,25.14372,736.764,8.002575342465754,16.58864383561644,12.035528767123287,13913892.969520548,2.5866054794520545,10.870402739726028,-0.5680739726027397,0.5112564102564102,0.701,39.69866666666667,68.337,wheat,14.363,1.5,5
winter_wheat,RO,RO317,2011,3.798,158863.0,603337.0,44.08765,25.14372,509.796,7.391597260273973,16.830405479452054,11.82630410958904,14498908.496575342,2.7541424657534246,12.36728493150685,-1.357441095890411,0.4820238095238095,0.726,38.96141666666667,70.771,wheat,14.363,1.5,5
winter_wheat,RO,RO317,2012,2.419,178427.0,431704.0,44.08765,25.14372,595.321,8.123068306010929,18.090543715846994,12.924254098360656,15115445.75239071,3.0752131147540984,15.33153825136612,-1.4486530054644808,0.42887179487179483,0.736,31.166249999999998,68.327,wheat,14.363,1.5,5
winter_wheat,RO,RO317,2013,3.113,168390.0,524233.0,44.08765,25.14372,660.372,8.275120547945205,17.5703698630137,12.656846575342465,14585332.676027397,2.7839150684931506,12.32009589041096,-0.9746767123287672,0.5024186046511627,0.678,42.46597222222223,71.204,wheat,14.363,1.5,5
winter_wheat,RO,RO317,2014,3.388,159776.0,541374.0,44.08765,25.14372,904.567,8.285501369863013,16.699745205479452,12.195830136986302,13627864.46250137,2.5524931506849313,10.476435616438355,-0.07422739726027397,0.5458918918918919,0.737,45.40102777777778,72.543,wheat,14.363,1.5,5
winter_wheat,RO,RO317,2015,3.46,150601.0,521040.0,44.08765,25.14372,589.875,8.519397260273973,17.939120547945205,12.981186301369862,14164304.26541096,2.7906191780821916,13.219649315068493,-1.174523287671233,0.5095333333333333,0.696,44.374249999999996,64.991,wheat,14.363,1.5,5
winter_wheat,RO,RO317,2016,3.607,160712.0,579685.0,44.08765,25.14372,685.388,7.965043715846995,17.351352459016393,12.40364480874317,14022811.459016394,2.7234726775956286,12.373945355191255,-0.8508278688524589,0.5269767441860466,0.733,46.05891666666667,71.814,wheat,14.363,1.5,5
winter_wheat,RO,RO317,2017,5.109,157611.0,805275.0,44.08765,25.14372,801.307,7.375906849315069,17.417334246575344,12.116027397260275,14470612.698972603,2.810353424657534,12.910339726027399,-0.6149917808219179,0.529325,0.779,44.22836111111111,76.92,wheat,14.363,1.5,5
winter_wheat,RO,RO317,2018,4.797,162768.0,780868.0,44.08765,25.14372,714.37,8.085594520547946,17.579473972602738,12.492802739726026,14468867.577054795,2.768512328767123,12.45006301369863,-0.8113342465753425,0.4724285714285714,0.672,40.58716666666666,66.378,wheat,14.363,1.5,5
winter_wheat,RO,RO317,2019,5.029,163751.0,823461.0,44.08765,25.14372,573.506,8.52374794520548,18.77010684931507,13.330824657534247,14382516.635616438,2.849904109589041,13.73904109589041,-1.278654794520548,0.4623488372093023,0.796,36.97441666666666,75.543,wheat,14.363,1.5,5
winter_wheat,RO,RO317,2020,4.206,169255.0,711835.0,44.08765,25.14372,609.526,8.40024043715847,18.613500000000002,13.220778688524591,14431028.128928961,2.9784945355191255,14.12975956284153,-1.3131229508196722,0.526888888888889,0.736,44.52283333333333,69.047,wheat,14.363,1.5,5
winter_wheat,RO,RO321,2010,4.5,18.0,81.0,44.43482,26.06325,743.602,7.6602,16.30389315068493,11.711520547945206,13693771.46609589,2.506583561643836,10.417558904109589,-0.4693178082191781,0.4184473684210526,0.585,27.566555555555553,47.787,wheat,14.479,1.578,5
winter_wheat,RO,RO322,2001,3.07,32358.0,99339.06,44.5626,26.1178,584.071,7.603654794520548,16.787797260273972,11.94601917808219,14087841.203767123,2.6791452054794522,11.752660273972602,-1.078950684931507,0.455,0.651,36.61322222222222,63.423,wheat,13.758,1.513,5
winter_wheat,RO,RO322,2006,3.191,18515.0,59081.365,44.5626,26.1178,594.318,7.177969863013698,16.320632876712327,11.477972602739726,14187513.393493151,2.5519178082191782,10.86262191780822,-0.9236493150684931,0.4638372093023256,0.672,35.48736111111111,62.001,wheat,13.758,1.513,5
winter_wheat,RO,RO322,2008,3.366,15125.0,50910.75,44.5626,26.1178,473.255,7.786456284153005,17.354043715846995,12.34338524590164,14560027.12773224,2.7713524590163936,12.88257923497268,-1.4783060109289616,0.4788139534883721,0.708,38.11219444444444,71.171,wheat,13.758,1.513,5
winter_wheat,RO,RO322,2010,3.053,16554.0,50539.362,44.5626,26.1178,777.23,7.402520547945206,16.194767123287672,11.529646575342465,13639269.40479452,2.4530876712328764,10.253375342465754,-0.3236904109589041,0.5092564102564102,0.73,38.403555555555556,67.955,wheat,13.758,1.513,5
winter_wheat,RO,RO322,2011,3.791,15058.0,57085.0,44.5626,26.1178,509.858,6.742052054794521,16.224578082191783,11.20484109589041,14270184.157191781,2.599095890410959,11.550526027397261,-1.2022246575342466,0.470609756097561,0.702,36.72452777777778,70.289,wheat,13.758,1.513,5
winter_wheat,RO,RO322,2012,2.845,18011.0,51235.0,44.5626,26.1178,715.727,7.160521857923498,16.991500000000002,11.894270491803278,14865223.847677596,2.7374508196721314,12.69472950819672,-0.781912568306011,0.49037142857142857,0.695,35.812472222222226,67.566,wheat,13.758,1.513,5
winter_wheat,RO,RO322,2013,4.175,19306.0,80597.0,44.5626,26.1178,664.909,7.760098630136986,16.89546575342466,12.067342465753425,14296972.624657534,2.6072301369863013,11.2826,-0.7855616438356164,0.521925,0.673,44.577888888888886,69.225,wheat,13.758,1.513,5
winter_wheat,RO,RO411,2003,1.435,188835.0,270978.225,44.18834,23.52653,621.761,7.654550684931507,16.476183561643836,11.819627397260273,14461245.58869863,2.729890410958904,12.186594520547946,-1.0264356164383561,0.47069444444444447,0.714,32.03091666666667,65.371,wheat,13.841,1.486,5
winter_wheat,RO,RO411,2004,3.186,234615.0,747483.39,44.18834,23.52653,578.843,7.915915300546448,16.621554644808743,12.030199453551912,14302296.114412569,2.7044699453551915,11.501270491803279,-1.122931693989071,0.49647619047619046,0.723,37.32183333333333,62.618,wheat,13.841,1.486,5
winter_wheat,RO,RO411,2006,2.495,229175.0,571791.625,44.18834,23.52653,607.213,7.825438356164383,16.76977808219178,12.026575342465753,14370621.197260274,2.6912164383561645,11.599668493150684,-1.0276191780821917,0.47526829268292686,0.646,35.10319444444444,59.21,wheat,13.841,1.486,5
winter_wheat,RO,RO411,2008,2.958,175849.0,520161.342,44.18834,23.52653,524.149,8.454494535519125,17.595161202185793,12.817051912568306,14726946.342554646,2.9501120218579233,13.415125683060108,-1.5180109289617485,0.4901395348837209,0.699,38.724833333333336,65.825,wheat,13.841,1.486,5
winter_wheat,RO,RO411,2009,2.583,164552.0,425037.816,44.18834,23.52653,691.608,8.496309589041095,17.331402739726027,12.69432602739726,14470431.815410959,2.747282191780822,12.142186301369863,-0.8524657534246575,0.48557142857142854,0.657,39.16180555555556,65.104,wheat,13.841,1.486,5
winter_wheat,RO,RO411,2010,2.619,183503.0,480594.357,44.18834,23.52653,798.076,8.073120547945205,16.272320547945206,11.906495890410959,13857934.93150685,2.563813698630137,10.377416438356164,-0.37730410958904104,0.5124761904761905,0.738,39.32613888888889,69.472,wheat,13.841,1.486,5
winter_wheat,RO,RO411,2011,3.056,176453.0,539286.0,44.18834,23.52653,442.953,7.462624657534247,16.8826,11.904632876712329,14724210.847945206,2.8127178082191784,12.569175342465753,-1.5991479452054793,0.46471428571428575,0.678,36.42075,65.226,wheat,13.841,1.486,5
winter_wheat,RO,RO411,2012,2.326,163315.0,379947.0,44.18834,23.52653,587.373,8.284013661202186,18.098956284153005,13.030166666666668,15203627.081967212,3.1160901639344263,15.583281420765026,-1.5112459016393442,0.432,0.772,31.565833333333337,70.102,wheat,13.841,1.486,5
winter_wheat,RO,RO411,2013,2.83,175008.0,495330.0,44.18834,23.52653,656.038,8.44572602739726,17.35874794520548,12.66028493150685,14316441.717123287,2.784235616438356,12.388419178082192,-0.9868712328767124,0.4855555555555556,0.668,40.00391666666667,66.985,wheat,13.841,1.486,5
winter_wheat,RO,RO411,2014,3.128,176580.0,552348.0,44.18834,23.52653,994.539,8.491394520547946,16.574934246575342,12.226561643835616,13358660.097263014,2.4887561643835614,9.916109589041096,0.2360082191780822,0.5559000000000001,0.721,46.880694444444444,69.021,wheat,13.841,1.486,5
winter_wheat,RO,RO411,2015,3.319,171508.0,569262.0,44.18834,23.52653,659.975,8.608569863013699,17.822224657534246,13.008978082191781,14106445.423972603,2.793369863013699,12.919638356164382,-0.9852191780821918,0.5041162790697674,0.662,42.69847222222222,63.677,wheat,13.841,1.486,5
winter_wheat,RO,RO411,2016,3.356,197678.0,663457.0,44.18834,23.52653,764.999,8.162193989071039,17.34996994535519,12.514803278688523,14141754.946038252,2.757953551912568,12.281,-0.6677923497267759,0.5256511627906977,0.768,44.08525,70.315,wheat,13.841,1.486,5
winter_wheat,RO,RO411,2017,4.51,198221.0,893942.0,44.18834,23.52653,673.014,7.941153424657535,17.981972602739727,12.738512328767122,14534128.537328767,3.042816438356164,14.632205479452056,-1.1989424657534247,0.5018536585365854,0.75,41.41283333333334,71.185,wheat,13.841,1.486,5
winter_wheat,RO,RO411,2018,4.522,200164.0,905233.0,44.18834,23.52653,733.88,8.43353698630137,17.687613698630138,12.752079452054794,14276025.659931507,2.826895890410959,12.757008219178083,-0.8162657534246576,0.498829268292683,0.728,43.70586111111111,72.886,wheat,13.841,1.486,5
winter_wheat,RO,RO411,2019,4.491,199068.0,894083.0,44.18834,23.52653,589.129,8.809917808219177,18.907731506849316,13.613156164383561,14390624.184246575,2.960109589041096,14.459372602739727,-1.3460575342465753,0.47011363636363634,0.757,37.32011111111111,74.748,wheat,13.841,1.486,5
winter_wheat,RO,RO411,2020,3.948,215100.0,849137.0,44.18834,23.52653,606.819,8.707448087431693,18.4335218579235,13.28641530054645,14251831.828893442,2.9698306010928963,13.807054644808742,-1.3118551912568306,0.5432888888888889,0.72,46.32519444444444,67.228,wheat,13.841,1.486,5
winter_wheat,RO,RO413,2009,2.689,50661.0,136227.429,44.40561,22.87465,753.83,8.415104109589041,16.894520547945206,12.496287671232876,14293573.092465753,2.648019178082192,11.429605479452054,-0.5827315068493151,0.5020731707317073,0.661,39.961527777777775,63.451,wheat,13.154,1.51,5
winter_wheat,RO,RO413,2013,2.899,41871.0,121367.0,44.40561,22.87465,708.671,8.339756164383562,16.842898630136986,12.433399999999999,14069288.544178082,2.671542465753425,11.748194520547946,-0.7299780821917808,0.4917045454545455,0.686,39.83441666666667,65.872,wheat,13.154,1.51,5
winter_wheat,RO,RO413,2016,3.661,43985.0,161045.0,44.40561,22.87465,787.443,8.124688524590164,17.002207650273224,12.344407103825136,14060368.855532788,2.6720273224043716,11.54873224043716,-0.5205437158469945,0.5232790697674419,0.801,44.30052777777777,75.07,wheat,13.154,1.51,5
winter_wheat,RO,RO413,2017,4.901,44591.0,218561.0,44.40561,22.87465,651.723,7.934043835616438,17.663463013698628,12.615613698630137,14521766.258219179,2.941,13.949939726027397,-1.1554575342465754,0.4966190476190476,0.753,40.147999999999996,70.261,wheat,13.154,1.51,5
winter_wheat,RO,RO413,2018,4.954,44732.0,221606.0,44.40561,22.87465,782.97,8.476835616438356,17.39865479452055,12.679594520547944,14030236.48390411,2.7308712328767126,12.163747945205479,-0.5857479452054795,0.51655,0.769,44.93263888888889,75.305,wheat,13.154,1.51,5
winter_wheat,RO,RO413,2019,4.662,44191.0,206034.0,44.40561,22.87465,663.578,8.746778082191781,18.36015890410959,13.363808219178082,14311168.589383561,2.8379999999999996,13.405800000000001,-1.0199780821917808,0.4908292682926829,0.759,37.88088888888889,74.129,wheat,13.154,1.51,5
winter_wheat,RO,RO413,2020,3.361,45749.0,153741.0,44.40561,22.87465,605.272,8.54649180327869,17.753437158469946,12.922172131147542,14197613.783469945,2.8071065573770495,12.466581967213115,-1.1533579234972677,0.5384565217391304,0.717,46.93691666666667,67.631,wheat,13.154,1.51,5
winter_wheat,RO,RO414,2006,2.088,146839.0,306599.832,44.27202,24.41736,604.59,7.643884931506849,16.68006301369863,11.90075616438356,14379247.516780822,2.6801315068493152,11.527476712328768,-1.0237205479452056,0.459046511627907,0.639,33.945277777777775,59.856,wheat,14.308,1.528,5
winter_wheat,RO,RO414,2008,3.113,136872.0,426082.536,44.27202,24.41736,529.7,8.254877049180328,17.624928961748633,12.72824043715847,14745761.049180327,2.9548196721311473,13.713177595628416,-1.5075519125683061,0.472093023255814,0.708,36.727805555555555,65.774,wheat,14.308,1.528,5
winter_wheat,RO,RO414,2010,2.142,141244.0,302544.648,44.27202,24.41736,815.196,7.928180821917809,16.36470684931507,11.891471232876711,13871232.024657534,2.5675945205479453,10.600578082191781,-0.33418082191780824,0.5011951219512195,0.704,38.52327777777778,66.644,wheat,14.308,1.528,5
winter_wheat,RO,RO414,2011,3.37,102191.0,344406.0,44.27202,24.41736,499.729,7.299419178082192,16.797980821917808,11.763953424657533,14605341.571917808,2.7755287671232876,12.4780301369863,-1.4064082191780825,0.4728292682926829,0.693,36.80016666666667,66.784,wheat,14.308,1.528,5
winter_wheat,RO,RO414,2013,2.765,150001.0,414729.0,44.27202,24.41736,683.4399999999999,8.173383561643835,17.305150684931508,12.468479452054794,14484358.02328767,2.760350684931507,12.226528767123288,-0.8879123287671233,0.48513636363636364,0.649,40.00152777777778,65.606,wheat,14.308,1.528,5
winter_wheat,RO,RO414,2015,3.433,132365.0,454400.0,44.27202,24.41736,645.882,8.35793698630137,17.622961643835616,12.742178082191781,14121209.87910959,2.7507452054794523,12.709002739726028,-0.9812054794520547,0.491,0.641,41.16136111111111,59.774,wheat,14.308,1.528,5
winter_wheat,RO,RO414,2016,3.169,138810.0,439925.0,44.27202,24.41736,731.19,7.799437158469946,16.98622131147541,12.155740437158471,14011751.647540983,2.6817650273224043,11.833737704918033,-0.6839781420765028,0.5042954545454545,0.732,40.69408333333334,66.384,wheat,14.308,1.528,5
winter_wheat,RO,RO414,2017,5.073,141764.0,719172.0,44.27202,24.41736,724.316,7.530813698630136,17.532301369863013,12.269293150684932,14448017.731849315,2.9045917808219177,13.623424657534247,-0.9201643835616439,0.4995609756097561,0.764,40.76463888888889,71.45,wheat,14.308,1.528,5
winter_wheat,RO,RO414,2018,4.993,146877.0,733341.0,44.27202,24.41736,724.427,8.052183561643835,17.34344109589041,12.358156164383562,14395188.684931507,2.7567013698630136,12.21737808219178,-0.7719698630136986,0.4887073170731707,0.695,41.86161111111111,68.223,wheat,14.308,1.528,5
winter_wheat,RO,RO414,2019,5.192,144936.0,752537.0,44.27202,24.41736,575.04,8.489654794520549,18.56563287671233,13.229161643835617,14387284.598972602,2.8709068493150687,13.730295890410959,-1.295454794520548,0.45845454545454545,0.765,36.69530555555556,73.72,wheat,14.308,1.528,5
winter_wheat,RO,RO414,2020,3.859,149596.0,577310.0,44.27202,24.41736,611.547,8.37416393442623,18.28838524590164,13.024396174863389,14322125.011953551,2.936808743169399,13.611863387978142,-1.265915300546448,0.5134782608695653,0.719,43.76175,67.648,wheat,14.308,1.528,5
winter_wheat,RO,RO415,2008,3.182,8062.0,25653.284,44.73652,24.00633,698.009,7.1109371584699455,16.442983606557377,11.593245901639344,14439794.216530055,2.597415300546448,11.50758469945355,-0.6902868852459016,0.5328409090909091,0.724,40.8175,65.902,wheat,14.209,1.541,4
winter_wheat,RO,RO415,2011,3.606,11209.0,40425.0,44.73652,24.00633,563.376,6.282435616438356,15.842657534246575,10.792090410958904,14434150.032876713,2.5060082191780824,11.009545205479451,-0.9625123287671233,0.5425813953488372,0.755,40.01475,68.14,wheat,14.209,1.541,4
winter_wheat,RO,RO415,2012,2.472,10211.0,25238.0,44.73652,24.00633,722.157,7.024038251366121,17.093081967213116,11.908584699453552,14926902.657103825,2.7704699453551913,13.48733606557377,-0.797363387978142,0.514375,0.769,35.706694444444445,67.31,wheat,14.209,1.541,4
winter_wheat,RO,RO415,2013,3.234,11581.0,37451.0,44.73652,24.00633,866.818,7.193816438356164,16.216038356164383,11.489150684931507,14040221.903082192,2.4636657534246575,10.65185205479452,-0.08882191780821914,0.5393636363636364,0.742,41.66172222222222,67.618,wheat,14.209,1.541,4
winter_wheat,RO,RO415,2014,3.275,12565.0,41152.0,44.73652,24.00633,1111.348,7.418487671232877,15.82649589041096,11.363408219178083,13190309.39280822,2.325627397260274,9.341821917808218,0.7191616438356165,0.6032682926829268,0.762,44.62361111111111,67.332,wheat,14.209,1.541,4
winter_wheat,RO,RO415,2015,3.302,9128.0,30138.0,44.73652,24.00633,802.511,7.490767123287672,16.686046575342466,11.891873972602738,13776985.817123288,2.4859945205479455,11.168139726027398,-0.28733424657534246,0.5461111111111111,0.753,42.63691666666667,65.594,wheat,14.209,1.541,4
winter_wheat,RO,RO415,2016,3.117,9654.0,30087.0,44.73652,24.00633,914.584,6.945606557377049,16.02171857923497,11.265024590163934,13656593.721994536,2.421101092896175,10.294177595628415,0.0777622950819672,0.564547619047619,0.785,42.83980555555556,69.205,wheat,14.209,1.541,4
winter_wheat,RO,RO415,2017,4.03,10218.0,41180.0,44.73652,24.00633,816.643,6.934917808219177,16.818986301369865,11.649476712328768,14220254.4119863,2.6559835616438354,12.305208219178082,-0.4186054794520548,0.5633953488372093,0.785,42.390055555555556,68.068,wheat,14.209,1.541,4
winter_wheat,RO,RO415,2018,3.79,10259.0,38885.0,44.73652,24.00633,857.308,7.233594520547945,16.474197260273975,11.57015890410959,13951098.323972603,2.5030465753424656,10.930419178082191,-0.15425753424657535,0.5728,0.775,43.86438888888889,69.192,wheat,14.209,1.541,4
winter_wheat,RO,RO415,2019,4.794,9961.0,47750.0,44.73652,24.00633,762.705,7.432556164383561,17.33127397260274,12.136871232876711,14137970.94058356,2.556331506849315,11.714619178082192,-0.46672876712328765,0.5569268292682926,0.787,39.74933333333333,73.103,wheat,14.209,1.541,4
winter_wheat,RO,RO415,2020,3.593,9108.0,32721.0,44.73652,24.00633,757.628,7.542573770491803,17.012524590163935,11.99664480874317,14022384.779713115,2.5781557377049182,11.408382513661202,-0.5081338797814208,0.5471304347826087,0.784,44.93933333333334,72.241,wheat,14.209,1.541,4
winter_wheat,RO,RO421,2003,2.697,69230.0,186713.31,46.31454,21.31287,578.762,6.244531506849315,16.199112328767125,11.161194520547944,13988638.836986301,2.6050575342465754,12.119539726027396,-1.0194082191780822,0.445875,0.618,30.565749999999998,57.81,wheat,14.534,1.448,5
winter_wheat,RO,RO421,2004,3.388,118455.0,401325.54,46.31454,21.31287,852.981,6.937363387978142,15.690991803278688,11.168953551912569,12972929.449281422,2.377756830601093,10.10801912568306,-0.04720765027322405,0.5067111111111111,0.686,40.819722222222225,63.634,wheat,14.534,1.448,5
winter_wheat,RO,RO421,2005,3.025,93017.0,281376.425,46.31454,21.31287,941.493,6.15021095890411,15.254632876712328,10.529956164383561,13069172.87328767,2.269290410958904,9.510734246575343,0.31014246575342463,0.4936666666666667,0.686,39.07030555555556,62.623,wheat,14.534,1.448,5
winter_wheat,RO,RO421,2011,3.925,60592.0,237849.0,46.31454,21.31287,479.968,6.703586301369864,16.636008219178084,11.55815890410959,13888506.927054795,2.5773589041095892,12.152594520547945,-1.2623780821917807,0.4674651162790697,0.681,39.56902777777778,63.74,wheat,14.534,1.448,5
winter_wheat,RO,RO421,2012,3.752,58091.0,217963.0,46.31454,21.31287,642.404,7.099387978142077,17.1661174863388,12.124306010928962,13946455.858606558,2.676016393442623,13.046491803278688,-0.9208142076502731,0.45439534883720933,0.719,36.494194444444446,69.531,wheat,14.534,1.448,5
winter_wheat,RO,RO421,2013,4.473,62476.0,279429.0,46.31454,21.31287,835.188,7.7141095890410964,16.900353424657535,12.207063013698631,13160729.73458904,2.483830136986301,11.343120547945205,-0.19564383561643833,0.5312,0.697,45.95816666666666,66.173,wheat,14.534,1.448,5
winter_wheat,RO,RO421,2014,4.153,73330.0,304534.0,46.31454,21.31287,829.409,8.388493150684932,17.47846301369863,12.816712328767125,12986058.60171233,2.409550684931507,10.528208219178081,-0.1371972602739726,0.5505227272727272,0.681,49.00252777777777,67.153,wheat,14.534,1.448,5
winter_wheat,RO,RO421,2016,4.931,82680.0,407658.0,46.31454,21.31287,921.7330000000001,7.3592650273224045,16.478101092896175,11.822245901639345,13104623.711065574,2.4084945355191256,10.355150273224044,0.10990163934426228,0.5335813953488372,0.714,46.656527777777775,71.59,wheat,14.534,1.448,5
winter_wheat,RO,RO421,2017,5.315,64058.0,340468.0,46.31454,21.31287,601.931,7.163876712328768,16.985068493150685,12.003786301369862,13580575.181849316,2.6607287671232878,12.31949315068493,-1.0116027397260274,0.494,0.697,42.319472222222224,69.494,wheat,14.534,1.448,5
winter_wheat,RO,RO421,2018,5.379,72688.0,390956.0,46.31454,21.31287,697.489,8.336287671232876,17.604597260273973,12.860884931506849,13267242.607364383,2.541271232876712,11.71616712328767,-0.6303424657534247,0.5085681818181818,0.694,46.16441666666667,72.637,wheat,14.534,1.448,5
winter_wheat,RO,RO421,2019,5.184,132341.0,686119.0,46.31454,21.31287,721.891,8.2466,17.963778082191784,12.963983561643836,13508020.467808219,2.624490410958904,12.047394520547945,-0.6467068493150685,0.5061363636363636,0.787,42.581944444444446,73.723,wheat,14.534,1.448,5
winter_wheat,RO,RO421,2020,3.722,70660.0,262976.0,46.31454,21.31287,757.355,7.671065573770492,17.04748087431694,12.2118087431694,13324257.980874317,2.5290081967213114,11.018193989071039,-0.4597322404371585,0.5535434782608696,0.685,49.32930555555556,66.409,wheat,14.534,1.448,5
winter_wheat,RO,RO422,2009,2.854,15418.0,44002.972,45.15757,21.53257,983.891,7.8935150684931505,16.493972602739728,12.178997260273972,13631526.205309588,2.537509589041096,10.687358904109589,0.15808219178082192,0.5163409090909091,0.786,42.24202777777778,66.056,wheat,14.689,1.562,4
winter_wheat,RO,RO422,2010,2.724,13930.0,37945.32,45.15757,21.53257,1028.469,7.977556164383562,15.765690410958904,11.830413698630137,12631232.2869863,2.405315068493151,9.292468493150686,0.4124082191780822,0.5283181818181818,0.748,43.272,68.421,wheat,14.689,1.562,4
winter_wheat,RO,RO422,2015,2.805,12997.0,36458.0,45.15757,21.53257,714.592,8.186578082191781,16.964446575342468,12.552186301369863,13425029.564041097,2.5670712328767125,11.538150684931507,-0.6092849315068494,0.5058666666666667,0.707,42.480472222222225,68.026,wheat,14.689,1.562,4
winter_wheat,RO,RO422,2017,4.688,14621.0,68539.0,45.15757,21.53257,647.58,7.431871232876712,16.83746301369863,12.138443835616439,13909089.742465753,2.725909589041096,12.15107397260274,-0.9517178082191781,0.5170888888888888,0.748,44.474444444444444,74.779,wheat,14.689,1.562,4
winter_wheat,RO,RO422,2018,4.236,18168.0,76965.0,45.15757,21.53257,865.993,8.718893150684933,17.122742465753426,12.800890410958903,13441338.620717809,2.6345671232876713,11.01830410958904,-0.2619835616438356,0.511090909090909,0.72,44.51086111111111,69.035,wheat,14.689,1.562,4
winter_wheat,RO,RO422,2019,4.356,18466.0,80439.0,45.15757,21.53257,744.374,8.504531506849315,17.606920547945204,12.964454794520547,13747782.966780823,2.6717205479452053,11.737216438356164,-0.6323397260273973,0.49227272727272725,0.751,39.82325,74.25,wheat,14.689,1.562,4
winter_wheat,RO,RO423,2016,3.749,8342.0,31272.0,45.81421,22.9762,1237.799,5.81698087431694,14.647215846994536,9.985270491803279,13119846.479166666,2.1169344262295082,8.69294262295082,1.2650300546448088,0.5835555555555556,0.765,45.79897222222222,66.295,wheat,14.522,1.548,3
winter_wheat,RO,RO423,2017,4.093,8084.0,33087.0,45.81421,22.9762,879.573,5.558778082191781,15.230849315068493,10.207076712328767,13677471.047945205,2.2831534246575345,10.373783561643835,0.12663561643835614,0.5368809523809523,0.747,39.29077777777778,67.443,wheat,14.522,1.548,3
winter_wheat,RO,RO423,2018,4.172,7922.0,33053.0,45.81421,22.9762,958.159,6.646019178082192,15.795698630136988,10.964449315068492,13336963.555479452,2.2380657534246575,9.967084931506848,0.3870273972602739,0.5570952380952381,0.758,43.626583333333336,67.501,wheat,14.522,1.548,3
winter_wheat,RO,RO423,2019,4.155,7525.0,31264.0,45.81421,22.9762,880.843,6.58601095890411,16.293312328767122,11.230397260273973,13539254.084246576,2.3027835616438357,11.064216438356164,0.11048493150684931,0.5480697674418604,0.777,41.590555555555554,69.56,wheat,14.522,1.548,3
winter_wheat,RO,RO423,2020,3.898,8676.0,33817.0,45.81421,22.9762,1053.845,6.355404371584699,15.464879781420764,10.690521857923496,13377177.354166666,2.2076639344262294,9.687677595628415,0.6716939890710383,0.5693695652173912,0.783,46.00055555555556,72.093,wheat,14.522,1.548,3
winter_wheat,RO,RO424,2001,3.737,131514.0,491467.818,45.81765,21.00005,873.341,7.299682191780822,16.373424657534247,11.713854794520547,13107078.467808219,2.4935890410958903,10.693865753424657,-0.10087397260273975,0.49233333333333335,0.688,41.59569444444444,67.99,wheat,14.582,1.483,5
winter_wheat,RO,RO424,2002,3.207,126514.0,405730.398,45.81765,21.00005,642.352,8.08835890410959,17.3822602739726,12.658827397260273,13529686.81061644,2.69213698630137,11.855093150684933,-0.9322684931506849,0.4743777777777778,0.678,38.14486111111111,58.191,wheat,14.582,1.483,5
winter_wheat,RO,RO424,2003,3.323,130106.0,432342.238,45.81765,21.00005,547.441,6.641715068493151,16.632495890410958,11.582219178082193,14076285.195890412,2.6936739726027397,12.744849315068493,-1.1938356164383561,0.4635238095238095,0.659,33.82852777777778,61.114,wheat,14.582,1.483,5
winter_wheat,RO,RO424,2004,4.633,140822.0,652428.326,45.81765,21.00005,827.22,7.175948087431694,15.977846994535518,11.424650273224042,13103969.087773224,2.4404808743169397,10.383306010928962,-0.1803169398907104,0.5114444444444445,0.728,42.24744444444444,70.178,wheat,14.582,1.483,5
winter_wheat,RO,RO424,2005,3.533,130950.0,462646.35,45.81765,21.00005,963.989,6.295835616438357,15.421378082191781,10.699205479452054,13224018.714383561,2.3230219178082194,9.675824657534246,0.31804383561643834,0.5132439024390244,0.681,41.53294444444444,63.837,wheat,14.582,1.483,5
winter_wheat,RO,RO424,2006,3.095,125640.0,388855.8,45.81765,21.00005,701.722,7.221427397260274,16.357967123287672,11.612720547945205,13323953.83390411,2.4477835616438357,10.694397260273972,-0.5252575342465753,0.4893181818181818,0.684,39.601055555555554,65.192,wheat,14.582,1.483,5
winter_wheat,RO,RO424,2007,2.924,138203.0,404105.572,45.81765,21.00005,748.62,7.801586301369864,17.529419178082193,12.619983561643835,13823880.143835617,2.707904109589041,12.500641095890412,-0.6568904109589041,0.4991136363636363,0.661,41.22816666666667,63.468,wheat,14.582,1.483,5
winter_wheat,RO,RO424,2008,3.554,119398.0,424340.492,45.81765,21.00005,626.587,7.87289344262295,17.542896174863387,12.630868852459017,13792198.466188524,2.6913688524590165,12.222811475409836,-0.9793825136612022,0.49522222222222223,0.705,41.742333333333335,69.527,wheat,14.582,1.483,5
winter_wheat,RO,RO424,2009,3.015,126445.0,381231.675,45.81765,21.00005,780.949,7.91318904109589,17.331279452054794,12.581446575342467,13841005.985958904,2.6654602739726028,12.019698630136984,-0.5258739726027398,0.47686666666666666,0.647,39.27741666666667,64.883,wheat,14.582,1.483,5
winter_wheat,RO,RO424,2010,2.919,126753.0,369992.007,45.81765,21.00005,967.025,7.703221917808219,16.335279452054795,11.88898904109589,12766097.649315068,2.386690410958904,9.86103287671233,0.26269315068493154,0.5324285714285715,0.698,44.174055555555555,67.693,wheat,14.582,1.483,5
winter_wheat,RO,RO424,2011,4.182,124477.0,520559.0,45.81765,21.00005,474.804,6.962180821917808,16.851052054794522,11.789780821917809,14022402.402054794,2.6529890410958905,12.351583561643837,-1.3521561643835616,0.46745238095238095,0.667,39.492444444444445,66.238,wheat,14.582,1.483,5
winter_wheat,RO,RO424,2012,4.123,109282.0,450536.0,45.81765,21.00005,618.332,7.233352459016394,17.435800546448085,12.352890710382514,14193698.533128416,2.7606092896174865,13.426021857923498,-1.0711775956284153,0.458,0.725,37.259138888888884,71.249,wheat,14.582,1.483,5
winter_wheat,RO,RO424,2013,4.45,140983.0,627426.0,45.81765,21.00005,792.919,7.912756164383562,17.156449315068492,12.451893150684931,13327069.776369862,2.56227397260274,11.698098630136986,-0.3898931506849315,0.5308181818181819,0.688,46.509388888888886,68.282,wheat,14.582,1.483,5
winter_wheat,RO,RO424,2014,3.972,146535.0,581999.0,45.81765,21.00005,901.668,8.614178082191781,17.576619178082193,12.97524109589041,13121695.032534247,2.4633123287671235,10.52964109589041,0.00701095890410959,0.5556,0.701,50.172222222222224,70.781,wheat,14.582,1.483,5
winter_wheat,RO,RO424,2015,4.735,138820.0,657287.0,45.81765,21.00005,607.898,8.264802739726028,17.653479452054796,12.889608219178083,13497537.207876712,2.640054794520548,12.483945205479452,-0.9745808219178081,0.5152444444444444,0.676,43.80738888888889,65.539,wheat,14.582,1.483,5
winter_wheat,RO,RO424,2016,4.625,142528.0,659128.0,45.81765,21.00005,877.498,7.547284153005465,16.884775956284155,12.130136612021857,13262119.657103825,2.478387978142077,10.796516393442623,-0.08085245901639344,0.5440666666666667,0.727,48.486555555555555,73.41,wheat,14.582,1.483,5
winter_wheat,RO,RO424,2017,5.403,125192.0,676422.0,45.81765,21.00005,538.8,7.431295890410959,17.444183561643836,12.369254794520549,13873681.014726028,2.772657534246575,12.999038356164384,-1.2964931506849315,0.48832608695652174,0.697,42.498999999999995,70.543,wheat,14.582,1.483,5
winter_wheat,RO,RO424,2018,5.129,135543.0,695186.0,45.81765,21.00005,693.49,8.550586301369863,17.87626301369863,13.091802739726027,13504202.757534247,2.641953424657534,12.070180821917809,-0.7419808219178081,0.5061777777777778,0.684,46.83372222222222,73.915,wheat,14.582,1.483,5
winter_wheat,RO,RO424,2019,5.511,132604.0,730718.0,45.81765,21.00005,663.9399999999999,8.392364383561643,18.262290410958904,13.189701369863014,13712865.922772603,2.7072931506849316,12.464758904109589,-0.8882794520547944,0.48663043478260876,0.76,41.85166666666667,75.074,wheat,14.582,1.483,5
winter_wheat,RO,RO424,2020,4.678,106812.0,499693.0,45.81765,21.00005,733.883,7.8336912568306,17.368967213114754,12.460890710382513,13603937.06010929,2.61601912568306,11.441079234972678,-0.6108743169398907,0.5521521739130435,0.653,47.99908333333334,63.697,wheat,14.582,1.483,5
winter_wheat,AT,AT11,2001,4.34,40624.0,176321.0,47.7167,16.5866,616.129,6.341364383561643,14.535539726027396,10.312482191780822,11977907.321917808,2.3506301369863016,9.185150684931507,-0.6626054794520548,0.5458666666666667,0.698,47.904777777777774,67.987,wheat,13.76,1.464,5
winter_wheat,AT,AT11,2002,4.16,40575.0,168792.0,47.7167,16.5866,776.2,7.015038356164384,15.186172602739727,11.029794520547945,12138969.161813699,2.3745342465753425,9.232328767123288,-0.24795890410958904,0.5283777777777778,0.713,44.07608333333334,68.042,wheat,13.76,1.464,5
winter_wheat,AT,AT11,2003,3.64,39929.91,145344.87,47.7167,16.5866,503.105,6.137704109589041,15.350449315068493,10.670786301369864,13150925.126027398,2.5648054794520547,11.007895890410959,-1.1864356164383563,0.4796,0.697,39.45619444444444,66.896,wheat,13.76,1.464,5
winter_wheat,AT,AT11,2004,5.25,40646.01,213391.56,47.7167,16.5866,732.769,6.048953551912568,14.0589043715847,9.923997267759562,11778409.116461748,2.221265027322404,8.569658469945354,-0.2191639344262295,0.5272888888888889,0.736,42.69225,72.628,wheat,13.76,1.464,5
winter_wheat,AT,AT11,2005,4.12,42484.22,175034.99,47.7167,16.5866,808.935,5.771235616438357,14.13173698630137,9.782230136986302,12466497.552224658,2.3015972602739727,8.900350684931507,-0.08533698630136988,0.5431428571428571,0.704,43.62669444444444,68.775,wheat,13.76,1.464,5
winter_wheat,AT,AT11,2006,4.35,40017.34,174075.43,47.7167,16.5866,717.472,6.373353424657534,14.87002191780822,10.46389589041096,12515746.487671234,2.3663945205479453,9.621884931506848,-0.4007178082191781,0.5330238095238096,0.744,43.00011111111111,70.662,wheat,13.76,1.464,5
winter_wheat,AT,AT11,2007,4.3,42639.62,183350.37,47.7167,16.5866,778.774,7.090583561643836,15.784383561643835,11.35786301369863,12675887.486643836,2.5539835616438356,10.536649315068493,-0.42035616438356166,0.5496976744186046,0.698,46.67533333333333,67.748,wheat,13.76,1.464,5
winter_wheat,AT,AT11,2008,5.09,41247.69,209950.74,47.7167,16.5866,738.996,7.004185792349727,15.391513661202186,11.12622950819672,12342084.198770491,2.359920765027322,9.218562841530055,-0.34080601092896173,0.5431086956521739,0.736,45.97655555555556,69.176,wheat,13.76,1.464,5
winter_wheat,AT,AT11,2009,4.04,43501.31,175745.29,47.7167,16.5866,872.554,6.875972602739726,15.003427397260275,10.814649315068493,12387138.184589041,2.3751808219178083,9.28669315068493,0.015378082191780825,0.5426444444444445,0.687,45.57863888888889,65.433,wheat,13.76,1.464,5
winter_wheat,AT,AT11,2010,4.6,43315.87,199253.0,47.7167,16.5866,941.35,6.1432164383561645,13.837860273972604,9.849202739726026,11846705.770547945,2.255386301369863,8.429175342465753,0.32365479452054796,0.565925,0.742,45.88275,69.379,wheat,13.76,1.464,5
winter_wheat,AT,AT11,2011,4.22,41926.03,176927.85,47.7167,16.5866,568.597,6.4945150684931505,15.162780821917808,10.662594520547946,12906760.910273973,2.445586301369863,9.740893150684931,-0.8877863013698629,0.5338478260869565,0.72,44.45655555555555,69.227,wheat,13.76,1.464,5
winter_wheat,AT,AT11,2012,3.92,45760.64,179381.71,47.7167,16.5866,640.522,6.725325136612022,15.59974863387978,11.0835,12799680.68323224,2.573243169398907,10.648838797814207,-0.8231830601092895,0.5321086956521739,0.715,44.244499999999995,64.858,wheat,13.76,1.464,5
winter_wheat,AT,AT11,2013,4.0,43113.71,172454.84,47.7167,16.5866,828.098,6.8439726027397265,14.594194520547946,10.63541095890411,12064806.286473973,2.3662657534246576,9.358819178082191,-0.09750410958904111,0.5598571428571428,0.721,45.42675,67.177,wheat,13.76,1.464,5
winter_wheat,AT,AT11,2014,4.81,43518.39,209323.46,47.7167,16.5866,953.801,7.840986301369863,15.60433698630137,11.603079452054795,12044098.504106848,2.2980657534246576,8.716695890410959,0.3150876712328767,0.5858863636363636,0.737,49.952861111111105,67.452,wheat,13.76,1.464,5
winter_wheat,AT,AT11,2015,4.74,39832.09,188804.07,47.7167,16.5866,639.128,7.330791780821918,16.063723287671234,11.643400000000002,12354082.89520548,2.5379068493150685,10.86321095890411,-0.7868712328767125,0.5558260869565218,0.705,46.241027777777774,65.505,wheat,13.76,1.464,5
winter_wheat,AT,AT11,2016,5.66,41629.5,235626.56,47.7167,16.5866,799.373,6.921825136612021,15.315330601092896,11.030554644808744,12337803.379098361,2.367368852459016,9.36557650273224,-0.18328961748633882,0.5672727272727273,0.728,47.141555555555556,67.739,wheat,13.76,1.464,5
winter_wheat,AT,AT11,2017,4.31,38085.44,164148.27,47.7167,16.5866,651.764,6.784013698630137,15.611884931506848,11.129624657534247,12745841.230479453,2.6110931506849315,10.775561643835616,-0.8254383561643837,0.5464888888888889,0.696,45.77627777777778,65.765,wheat,13.76,1.464,5
winter_wheat,AT,AT11,2018,4.13,39189.95,161854.49,47.7167,16.5866,750.28,7.753227397260273,16.10149589041096,11.854638356164385,12661456.261816438,2.5498,10.506843835616438,-0.49423835616438355,0.5709090909090909,0.706,47.297916666666666,66.371,wheat,13.76,1.464,5
winter_wheat,AT,AT11,2019,5.19,38372.0,199150.68,47.7167,16.5866,738.137,7.604920547945205,16.412950684931506,12.006079452054795,12438511.89280822,2.5599698630136984,10.684282191780822,-0.5376767123287671,0.5631304347826087,0.694,48.317277777777775,62.895,wheat,13.76,1.464,5
winter_wheat,AT,AT11,2020,5.327,37340.26,198902.6,47.7167,16.5866,754.458,7.0071830601092895,15.793587431693988,11.35956557377049,12519208.06403552,2.487674863387978,10.208415300546449,-0.4263142076502732,0.5809555555555556,0.742,48.64736111111111,58.707,wheat,13.76,1.464,5
winter_wheat,AT,AT12,2001,5.292,173724.0,919432.0,48.49137,15.94744,751.643,5.415813698630137,13.339830136986302,9.234090410958904,11479312.761986302,2.1080438356164386,7.899356164383561,-0.04874794520547945,0.5483181818181818,0.728,46.49794444444444,69.425,wheat,13.146,1.449,5
winter_wheat,AT,AT12,2002,4.84,173312.0,838834.0,48.49137,15.94744,888.036,6.028564383561644,14.21644383561644,10.064843835616438,11629536.930479452,2.1914383561643835,8.334931506849315,0.24153698630136983,0.5392222222222223,0.746,45.26427777777778,72.75,wheat,13.146,1.449,5
winter_wheat,AT,AT12,2003,4.25,159972.18,679881.76,48.49137,15.94744,580.532,5.157638356164384,14.423558904109589,9.740323287671233,12870839.262328766,2.413572602739726,10.089967123287671,-0.8230739726027398,0.4648888888888889,0.729,38.3095,72.191,wheat,13.146,1.449,5
winter_wheat,AT,AT12,2004,6.01,172344.73,1035791.83,48.49137,15.94744,757.979,5.236718579234973,13.412863387978142,9.251333333333333,11787143.191598361,2.1583278688524588,8.230464480874316,-0.08734699453551911,0.5169111111111111,0.758,41.861694444444446,74.754,wheat,13.146,1.449,5
winter_wheat,AT,AT12,2005,5.02,170581.47,856318.98,48.49137,15.94744,869.499,4.937895890410959,13.306997260273972,8.986506849315068,12145087.633904109,2.165186301369863,8.241572602739726,0.2170027397260274,0.5485128205128205,0.749,43.13527777777777,72.764,wheat,13.146,1.449,5
winter_wheat,AT,AT12,2006,4.87,167839.43,817378.02,48.49137,15.94744,793.881,5.332358904109589,13.851043835616439,9.449049315068493,12353335.491780821,2.204208219178082,8.66195890410959,-0.029191780821917812,0.5257073170731706,0.746,41.378416666666666,74.392,wheat,13.146,1.449,5
winter_wheat,AT,AT12,2007,4.5,172034.98,774157.41,48.49137,15.94744,827.571,6.152158904109589,14.806468493150685,10.420106849315069,12275919.795547945,2.3771780821917807,9.501082191780823,-0.10986027397260273,0.5463720930232558,0.722,46.720666666666666,69.903,wheat,13.146,1.449,5
winter_wheat,AT,AT12,2008,5.72,171501.44,980988.23,48.49137,15.94744,744.352,6.061489071038252,14.368696721311476,10.168371584699454,11909993.346480874,2.206674863387978,8.479696721311475,-0.17292622950819672,0.534804347826087,0.768,45.52525,73.197,wheat,13.146,1.449,5
winter_wheat,AT,AT12,2009,5.03,178159.67,896143.14,48.49137,15.94744,901.056,5.902334246575342,13.978775342465752,9.820619178082191,12007094.509931507,2.2008027397260275,8.451167123287672,0.2678438356164384,0.5354888888888889,0.737,44.47413888888889,69.093,wheat,13.146,1.449,5
winter_wheat,AT,AT12,2010,4.95,176303.11,872700.4,48.49137,15.94744,902.591,4.89801095890411,12.714265753424659,8.682890410958905,11550053.95890411,2.078980821917808,7.709460273972603,0.3938712328767123,0.5517560975609757,0.743,43.10955555555555,71.37,wheat,13.146,1.449,5
winter_wheat,AT,AT12,2011,5.96,179356.34,1068963.78,48.49137,15.94744,608.527,5.66691506849315,14.385528767123287,9.890750684931506,12405801.331164384,2.279687671232877,9.06087397260274,-0.6124904109589041,0.5342888888888889,0.763,45.55127777777778,74.306,wheat,13.146,1.449,5
winter_wheat,AT,AT12,2012,3.62,180036.82,651733.29,48.49137,15.94744,694.289,5.6926092896174865,14.456724043715846,9.977647540983606,12308199.205090163,2.334103825136612,9.449456284153007,-0.43713934426229506,0.5294347826086956,0.744,45.77288888888889,66.392,wheat,13.146,1.449,5
winter_wheat,AT,AT12,2013,5.57,174417.68,971506.48,48.49137,15.94744,836.239,5.709238356164383,13.627164383561643,9.588783561643835,11692914.783734247,2.163495890410959,8.447583561643835,0.12756986301369863,0.5552558139534884,0.737,46.39830555555555,72.73,wheat,13.146,1.449,5
winter_wheat,AT,AT12,2014,5.76,173854.74,1001403.3,48.49137,15.94744,906.288,6.844632876712329,14.850624657534247,10.723252054794521,11818567.565926027,2.170032876712329,8.333438356164383,0.31294794520547947,0.5724130434782608,0.724,50.09952777777778,68.934,wheat,13.146,1.449,5
winter_wheat,AT,AT12,2015,5.78,165362.0,955792.37,48.49137,15.94744,648.651,6.532991780821917,15.246695890410958,10.852180821917807,12049502.083219178,2.4043698630136987,10.268317808219178,-0.6272438356164384,0.5459130434782609,0.713,47.14363888888889,69.277,wheat,13.146,1.449,5
winter_wheat,AT,AT12,2016,6.55,167331.03,1096006.49,48.49137,15.94744,828.015,6.019710382513661,14.335464480874316,10.094374316939891,11934122.513147542,2.207396174863388,8.690016393442622,0.054939890710382515,0.5765454545454545,0.764,48.84297222222222,72.735,wheat,13.146,1.449,5
winter_wheat,AT,AT12,2017,4.44,159714.14,709130.77,48.49137,15.94744,658.736,5.947906849315068,14.614076712328767,10.219750684931507,12285199.413013699,2.443808219178082,9.953550684931507,-0.6390520547945205,0.5236521739130435,0.704,44.79127777777778,68.436,wheat,13.146,1.449,5
winter_wheat,AT,AT12,2018,4.48,157414.41,705216.55,48.49137,15.94744,684.746,6.870671232876712,15.38551506849315,11.080931506849314,12441576.883561645,2.4659342465753427,10.264027397260273,-0.589917808219178,0.5480227272727273,0.719,47.06747222222222,67.486,wheat,13.146,1.449,5
winter_wheat,AT,AT12,2019,5.66,152093.63,860849.95,48.49137,15.94744,721.023,6.625504109589041,15.449065753424657,11.009106849315069,12189482.357876712,2.3991342465753425,9.918158904109589,-0.42372876712328766,0.5500217391304347,0.706,48.00436111111111,67.441,wheat,13.146,1.449,5
winter_wheat,AT,AT12,2020,5.948,150934.57,897707.51,48.49137,15.94744,836.8,6.162005464480874,14.88572950819672,10.473013661202186,12181122.047642076,2.295237704918033,9.278079234972678,-0.008898907103825099,0.5797173913043477,0.772,49.961888888888886,64.859,wheat,13.146,1.449,5
winter_wheat,AT,AT13,2001,4.719,2008.0,9475.0,48.26564,16.42479,658.832,6.4559561643835615,14.454890410958903,10.301353424657535,11632177.701369863,2.3195835616438356,8.780090410958904,-0.5145643835616438,0.47907500000000003,0.72,29.814555555555557,44.576,wheat,12.582,1.413,5
winter_wheat,AT,AT13,2002,3.837,1870.0,7176.0,48.26564,16.42479,799.837,7.0063808219178085,15.216139726027397,11.070350684931507,11811799.799827399,2.3790794520547944,9.071350684931508,-0.18774520547945206,0.45726315789473687,0.644,28.252305555555555,44.834,wheat,12.582,1.413,5
winter_wheat,AT,AT13,2003,4.301,1664.06,7157.09,48.26564,16.42479,495.559,6.071339726027398,15.398487671232878,10.707145205479453,12933806.28869863,2.590232876712329,10.856805479452055,-1.2325369863013698,0.4033414634146341,0.631,23.855027777777778,44.5,wheat,12.582,1.413,5
winter_wheat,AT,AT13,2004,5.88,1797.95,10571.22,48.26564,16.42479,702.614,6.199822404371585,14.321426229508196,10.179811475409837,11791883.762295082,2.3090464480874315,8.81755737704918,-0.38933606557377054,0.448875,0.679,25.811305555555556,46.284,wheat,12.582,1.413,5
winter_wheat,AT,AT13,2005,3.752,1384.76,5195.22,48.26564,16.42479,789.902,5.887460273972602,14.278575342465754,9.946364383561644,12341021.553594522,2.3385342465753425,8.926819178082193,-0.17441917808219176,0.46377777777777784,0.646,26.396611111111113,42.919,wheat,12.582,1.413,5
winter_wheat,AT,AT13,2006,4.407,1423.45,6273.76,48.26564,16.42479,721.713,6.299747945205479,14.931142465753425,10.472950684931506,12497441.710958904,2.3943013698630136,9.516468493150684,-0.4170054794520548,0.45499999999999996,0.671,26.482138888888887,46.577,wheat,12.582,1.413,5
winter_wheat,AT,AT13,2007,3.939,1397.77,5506.13,48.26564,16.42479,756.157,7.18153698630137,15.904328767123287,11.485673972602738,12471491.750172602,2.5910246575342466,10.500432876712328,-0.5193616438356164,0.46668421052631576,0.615,29.084083333333336,45.502,wheat,12.582,1.413,5
winter_wheat,AT,AT13,2008,5.13,1336.4,6855.73,48.26564,16.42479,707.529,7.027090163934426,15.463918032786886,11.198065573770492,12097493.485144809,2.383308743169399,9.177688524590165,-0.45016939890710383,0.461625,0.673,28.558777777777777,46.123,wheat,12.582,1.413,5
winter_wheat,AT,AT13,2009,4.29,1344.25,5766.83,48.26564,16.42479,866.953,6.86754794520548,14.99668219178082,10.815104109589042,12187791.110446574,2.3640301369863015,9.063002739726027,0.011183561643835632,0.479175,0.618,28.46586111111111,43.464,wheat,12.582,1.413,5
winter_wheat,AT,AT13,2010,4.17,1322.49,5514.78,48.26564,16.42479,870.158,6.013471232876712,13.764523287671233,9.755813698630137,11662048.537671233,2.253298630136986,8.399542465753425,0.13069589041095891,0.48027777777777775,0.702,28.331694444444445,46.995,wheat,12.582,1.413,5
winter_wheat,AT,AT13,2011,5.41,1298.98,7027.48,48.26564,16.42479,545.607,6.530912328767123,15.336208219178083,10.814364383561644,12610743.28322192,2.4750246575342465,9.81033698630137,-0.9802109589041096,0.4446190476190476,0.617,27.623277777777776,46.34,wheat,12.582,1.413,5
winter_wheat,AT,AT13,2012,2.75,1444.71,3972.95,48.26564,16.42479,610.368,6.677543715846994,15.577032786885248,11.033207650273225,12502748.778005464,2.5575081967213116,10.453967213114755,-0.8898360655737705,0.44647499999999996,0.586,27.17302777777778,40.041,wheat,12.582,1.413,5
winter_wheat,AT,AT13,2013,5.3,1248.56,6617.37,48.26564,16.42479,772.304,6.7781095890410965,14.675564383561644,10.654375342465753,11830416.828252055,2.3678849315068495,9.339312328767123,-0.2519835616438356,0.4817368421052632,0.658,28.906888888888886,45.555,wheat,12.582,1.413,5
winter_wheat,AT,AT13,2014,4.83,1209.51,5841.93,48.26564,16.42479,869.657,7.824071232876713,15.847567123287671,11.718504109589041,11916253.957194522,2.343704109589041,9.03727397260274,0.03891780821917806,0.5026666666666666,0.689,31.63411111111111,45.607,wheat,12.582,1.413,5
winter_wheat,AT,AT13,2015,5.54,1189.41,6589.28,48.26564,16.42479,601.115,7.458841095890411,16.283824657534247,11.851024657534246,12153601.660786303,2.61953698630137,11.23284109589041,-0.9726465753424658,0.46941860465116275,0.642,28.54061111111111,43.612,wheat,12.582,1.413,5
winter_wheat,AT,AT13,2016,6.51,1207.23,7859.2,48.26564,16.42479,738.952,7.0278497267759565,15.485827868852459,11.184453551912569,12139580.217554646,2.411685792349727,9.654322404371584,-0.3926912568306011,0.49952500000000005,0.738,29.489805555555556,46.182,wheat,12.582,1.413,5
winter_wheat,AT,AT13,2017,3.86,1126.73,4349.21,48.26564,16.42479,596.7090000000001,7.019306849315068,15.763887671232878,11.342476712328766,12417846.322945205,2.685621917808219,11.031901369863014,-1.0508027397260273,0.4520952380952381,0.651,27.579972222222224,45.973,wheat,12.582,1.413,5
winter_wheat,AT,AT13,2018,4.48,1168.04,5232.82,48.26564,16.42479,633.608,7.92057808219178,16.45839178082192,12.15136712328767,12499991.405652054,2.670528767123288,11.152342465753424,-0.9346164383561644,0.47855,0.611,28.681361111111112,42.388,wheat,12.582,1.413,5
winter_wheat,AT,AT13,2019,5.38,1012.58,5447.68,48.26564,16.42479,659.88,7.678750684931507,16.570860273972603,12.103463013698631,12294114.428082192,2.617082191780822,10.911079452054794,-0.8091917808219179,0.4832619047619048,0.855,29.227638888888887,43.591,wheat,12.582,1.413,5
winter_wheat,AT,AT13,2020,5.693,969.13,5517.69,48.26564,16.42479,757.923,7.112838797814208,15.978754098360657,11.513131147540982,12294924.86697541,2.515275956284153,10.303300546448087,-0.444448087431694,0.47345,0.616,29.527444444444445,37.644,wheat,12.582,1.413,5
winter_wheat,AT,AT21,2007,4.63,2656.03,12297.42,46.75835,14.3193,1092.609,4.266454794520548,13.340117808219178,8.700767123287672,12809610.88630137,1.9247698630136987,8.115282191780821,1.0686794520547944,0.6316304347826087,0.774,55.75083333333333,75.807,wheat,13.544,1.476,5
winter_wheat,AT,AT21,2008,4.64,2683.3,12450.52,46.75835,14.3193,1227.992,4.338718579234973,12.858573770491804,8.470874316939891,12276860.609631147,1.8352267759562841,7.336743169398908,1.5199426229508197,0.638,0.793,54.148694444444445,78.51,wheat,13.544,1.476,5
winter_wheat,AT,AT21,2009,4.83,2748.62,13275.84,46.75835,14.3193,1210.878,3.9537972602739724,12.649106849315068,8.21330684931507,12667027.628767123,1.8798493150684932,7.487849315068494,1.4376246575342468,0.6546829268292682,0.804,51.524027777777775,78.498,wheat,13.544,1.476,5
winter_wheat,AT,AT21,2010,5.13,2605.1,13364.17,46.75835,14.3193,1265.571,3.4996986301369866,11.66879178082192,7.497602739726028,12027196.45650685,1.8229616438356164,7.078419178082192,1.6443561643835618,0.6538108108108108,0.787,49.57544444444445,75.991,wheat,13.544,1.476,5
winter_wheat,AT,AT21,2011,5.45,2659.74,14495.58,46.75835,14.3193,920.203,3.847764383561644,13.380671232876711,8.444331506849315,13283878.43869863,1.9455698630136988,8.311991780821918,0.5755342465753425,0.6433111111111112,0.786,52.107499999999995,76.807,wheat,13.544,1.476,5
winter_wheat,AT,AT21,2012,5.01,2632.42,13188.42,46.75835,14.3193,1171.771,4.04481693989071,13.14738524590164,8.488647540983607,12824836.386953551,1.9327021857923499,8.066551912568306,1.2688579234972677,0.6511463414634147,0.778,54.377944444444445,77.843,wheat,13.544,1.476,5
winter_wheat,AT,AT21,2013,5.59,2908.07,16256.11,46.75835,14.3193,1220.978,4.305038356164383,12.530704109589042,8.36996712328767,12257949.901539726,1.8816520547945206,7.887506849315069,1.4634931506849314,0.6553947368421053,0.777,49.22386111111111,73.515,wheat,13.544,1.476,5
winter_wheat,AT,AT21,2014,5.45,3364.91,18338.76,46.75835,14.3193,1386.505,5.234950684931507,13.293095890410958,9.225438356164384,12145558.47260274,1.8377506849315068,7.147531506849315,1.9608931506849314,0.6582727272727272,0.778,55.922888888888885,75.66,wheat,13.544,1.476,5
winter_wheat,AT,AT21,2015,6.07,3448.69,20933.55,46.75835,14.3193,980.495,4.6856,13.750271232876713,9.073657534246575,12682780.865068493,1.938,8.503761643835617,0.7482876712328768,0.6504666666666666,0.786,56.74283333333333,77.215,wheat,13.544,1.476,5
winter_wheat,AT,AT21,2016,6.1,3568.8,21769.36,46.75835,14.3193,1272.189,4.475032786885246,13.167005464480873,8.670267759562842,12443023.56181694,1.865603825136612,7.579685792349727,1.610322404371585,0.6522954545454546,0.785,56.56286111111111,78.349,wheat,13.544,1.476,5
winter_wheat,AT,AT21,2017,7.08,3073.19,21758.17,46.75835,14.3193,1173.609,3.659893150684931,13.38929315068493,8.378504109589041,13037073.144520547,1.9837671232876715,8.649394520547945,1.2316,0.6477954545454545,0.789,54.33380555555556,76.987,wheat,13.544,1.476,5
winter_wheat,AT,AT21,2018,6.13,2968.02,18193.98,46.75835,14.3193,1238.111,4.704273972602739,13.438205479452053,8.988038356164383,12731528.61369863,1.9253561643835617,7.975882191780822,1.4667287671232876,0.6757435897435897,0.793,54.65094444444444,76.884,wheat,13.544,1.476,5
winter_wheat,AT,AT21,2019,6.63,2923.93,19385.66,46.75835,14.3193,1243.826,4.495745205479452,13.67364109589041,9.013991780821918,12503176.231676713,1.9074794520547946,8.116660273972602,1.5002630136986301,0.6707674418604651,0.815,57.89366666666667,77.635,wheat,13.544,1.476,5
winter_wheat,AT,AT21,2020,6.529,2946.83,19239.44,46.75835,14.3193,1233.601,4.240188524590164,13.486857923497267,8.757325136612023,12857169.017418033,1.905169398907104,8.126322404371585,1.4653251366120217,0.6497045454545455,0.792,57.07491666666667,80.253,wheat,13.544,1.476,5
winter_wheat,AT,AT22,2001,6.295,7669.0,48276.0,47.16451,15.52906,781.162,4.180460273972603,13.324386301369863,8.668783561643837,12366940.965753425,1.9992876712328767,8.278498630136987,0.14088219178082192,0.6322444444444445,0.771,55.52802777777778,74.635,wheat,13.855,1.479,3
winter_wheat,AT,AT22,2002,5.829,8396.0,48937.0,47.16451,15.52906,983.772,4.93225205479452,13.936372602739725,9.342139726027398,12331111.72089041,2.0042493150684932,8.265191780821919,0.6910164383561644,0.6312826086956522,0.78,53.99913888888889,78.409,wheat,13.855,1.479,3
winter_wheat,AT,AT22,2005,5.99,5892.06,35293.44,47.16451,15.52906,998.021,3.369054794520548,12.661687671232876,7.854413698630137,12423103.214726027,1.9243260273972602,7.770427397260274,0.8099780821917808,0.629,0.813,51.714666666666666,79.781,wheat,13.855,1.479,3
winter_wheat,AT,AT22,2006,5.5,6046.91,33258.01,47.16451,15.52906,884.206,3.7989424657534245,13.304660273972603,8.36574520547945,12586644.75,1.9499808219178083,8.176915068493152,0.47250136986301366,0.6438048780487805,0.8,50.29308333333333,78.345,wheat,13.855,1.479,3
winter_wheat,AT,AT22,2007,4.99,6216.48,31020.23,47.16451,15.52906,979.797,4.614172602739726,14.221487671232877,9.277786301369863,12679558.457534246,2.065287671232877,8.812630136986302,0.6190876712328767,0.6402608695652174,0.791,56.659416666666665,77.583,wheat,13.855,1.479,3
winter_wheat,AT,AT22,2008,5.18,5755.9,29815.56,47.16451,15.52906,951.368,4.760513661202186,13.949076502732241,9.240814207650272,12355672.725751366,1.984571038251366,8.162915300546448,0.6147950819672131,0.6410454545454546,0.808,54.94280555555556,79.803,wheat,13.855,1.479,3
winter_wheat,AT,AT22,2009,5.68,5790.33,32889.08,47.16451,15.52906,1125.348,4.568328767123288,13.61992876712329,8.943358904109589,12410897.245205479,1.9889369863013697,8.123095890410958,1.0942082191780822,0.6304888888888889,0.817,53.995,78.678,wheat,13.855,1.479,3
winter_wheat,AT,AT22,2010,5.51,5101.68,28110.25,47.16451,15.52906,1062.424,3.784202739726027,12.55830684931507,8.069780821917808,11955671.286643835,1.9340109589041095,7.641632876712329,0.9767397260273972,0.6548,0.878,51.92525,78.557,wheat,13.855,1.479,3
winter_wheat,AT,AT22,2011,6.96,4913.98,34201.3,47.16451,15.52906,754.165,4.300523287671233,13.970761643835617,8.912550684931507,12996611.649657534,2.038517808219178,8.717383561643835,0.027687671232876722,0.6273913043478261,0.795,54.575472222222224,79.101,wheat,13.855,1.479,3
winter_wheat,AT,AT22,2012,6.37,5318.76,33880.5,47.16451,15.52906,943.034,4.409090163934427,14.073896174863389,9.132909836065574,12806708.87141257,2.082546448087432,8.87579781420765,0.4940491803278689,0.6367391304347826,0.79,55.74191666666667,79.349,wheat,13.855,1.479,3
winter_wheat,AT,AT22,2013,5.27,5746.73,30285.27,47.16451,15.52906,1070.258,4.700827397260274,13.350863013698628,8.947846575342465,12128575.817123288,1.9990602739726029,8.38514794520548,0.9331534246575343,0.6387906976744187,0.782,52.183416666666666,75.078,wheat,13.855,1.479,3
winter_wheat,AT,AT22,2014,7.33,8228.61,60315.72,47.16451,15.52906,1192.581,5.671799999999999,14.195701369863013,9.837194520547945,12027690.647945205,1.9384,7.641698630136986,1.328945205479452,0.6702888888888889,0.797,58.56327777777777,76.652,wheat,13.855,1.479,3
winter_wheat,AT,AT22,2015,6.63,10055.32,66666.75,47.16451,15.52906,866.808,5.164556164383562,14.591402739726028,9.729465753424657,12453199.790068492,2.0692520547945206,9.147134246575343,0.30556438356164384,0.6609555555555555,0.797,57.62380555555555,76.713,wheat,13.855,1.479,3
winter_wheat,AT,AT22,2016,7.518,10109.56,76007.22,47.16451,15.52906,1062.312,4.877909836065574,14.021456284153006,9.314521857923497,12327248.009904372,1.9999016393442623,8.250734972677595,0.9025901639344263,0.6553777777777778,0.793,57.44291666666667,78.234,wheat,13.855,1.479,3
winter_wheat,AT,AT22,2017,6.95,8459.33,58792.33,47.16451,15.52906,889.533,4.481523287671233,14.287312328767122,9.244380821917808,12960301.935273973,2.146227397260274,9.351876712328767,0.29084931506849315,0.6422608695652174,0.795,56.108694444444446,77.276,wheat,13.855,1.479,3
winter_wheat,AT,AT22,2018,5.36,8747.69,46887.64,47.16451,15.52906,1086.258,5.434290410958904,14.389298630136986,9.790731506849315,12587042.97020548,2.038591780821918,8.491342465753425,0.9374575342465753,0.6662857142857144,0.797,55.51888888888889,77.8,wheat,13.855,1.479,3
winter_wheat,AT,AT22,2019,6.95,7418.57,51559.11,47.16451,15.52906,973.636,5.363854794520548,14.833361643835616,10.02421095890411,12512899.052224658,2.0865671232876712,9.128482191780822,0.5809287671232877,0.6588478260869566,0.797,58.37030555555556,77.024,wheat,13.855,1.479,3
winter_wheat,AT,AT22,2020,6.872,6380.56,43844.06,47.16451,15.52906,987.75,4.7671120218579235,14.317830601092897,9.408825136612021,12772676.370901639,2.037051912568306,8.703248633879781,0.6617185792349727,0.6477777777777778,0.802,58.01455555555555,80.281,wheat,13.855,1.479,3
winter_wheat,AT,AT31,2001,6.01,48644.0,292364.0,48.26089,13.84037,1185.375,4.815495890410959,12.719134246575344,8.608986301369864,11473818.570378082,1.903531506849315,7.158619178082192,1.3440712328767124,0.6383,0.783,53.27483333333333,70.236,wheat,14.446,1.508,3
winter_wheat,AT,AT31,2002,6.246,48685.0,304091.0,48.26089,13.84037,1386.09,5.501978082191781,13.810252054794521,9.560953424657534,11623450.98390411,1.9993013698630138,7.684665753424657,1.7982054794520548,0.6187954545454546,0.744,54.40025,72.155,wheat,14.446,1.508,3
winter_wheat,AT,AT31,2003,5.61,42392.93,237824.33,48.26089,13.84037,805.27,4.753712328767123,14.083819178082193,9.270846575342466,13105002.220547944,2.254794520547945,9.529304109589042,-0.04857534246575342,0.5938717948717949,0.75,47.39841666666667,72.878,wheat,14.446,1.508,3
winter_wheat,AT,AT31,2004,7.11,42545.88,302501.21,48.26089,13.84037,1075.756,4.649469945355191,12.823079234972678,8.616306010928962,11959844.790300546,1.9797295081967214,7.378967213114755,0.9594945355191257,0.63055,0.76,53.22530555555556,73.146,wheat,14.446,1.508,3
winter_wheat,AT,AT31,2005,6.5,44538.18,289498.17,48.26089,13.84037,1218.472,4.431342465753425,12.668268493150684,8.381375342465754,11916250.296917807,1.9589945205479453,7.335901369863013,1.3792849315068492,0.6334166666666667,0.761,49.64633333333333,74.479,wheat,14.446,1.508,3
winter_wheat,AT,AT31,2006,5.78,44644.84,258047.18,48.26089,13.84037,1082.712,4.727290410958904,13.259684931506849,8.803208219178082,12330450.077227397,2.0102301369863014,7.836712328767123,0.9561041095890411,0.6434444444444445,0.771,48.116166666666665,73.662,wheat,14.446,1.508,3
winter_wheat,AT,AT31,2007,6.99,46068.78,322020.77,48.26089,13.84037,1137.009,5.698397260273972,14.141394520547946,9.79710684931507,12187056.96010411,2.1540520547945206,8.403282191780821,0.9610410958904109,0.6343636363636364,0.791,57.09558333333333,69.72,wheat,14.446,1.508,3
winter_wheat,AT,AT31,2008,6.85,49124.63,336503.72,48.26089,13.84037,1045.603,5.4929562841530055,13.64241256830601,9.422587431693989,11769652.82547541,1.998896174863388,7.679587431693989,0.8579426229508197,0.6178444444444444,0.751,54.21161111111111,71.844,wheat,14.446,1.508,3
winter_wheat,AT,AT31,2009,6.04,50652.67,305942.13,48.26089,13.84037,1265.732,5.353575342465754,13.33851506849315,9.164221917808218,11872449.27979452,1.9857041095890413,7.500764383561644,1.482054794520548,0.6158837209302326,0.765,52.77233333333333,73.1,wheat,14.446,1.508,3
winter_wheat,AT,AT31,2010,6.21,47274.9,293577.13,48.26089,13.84037,1094.819,4.3977232876712335,12.226767123287672,8.138372602739725,11608789.447945205,1.924939726027397,7.160641095890411,1.0745643835616439,0.6446470588235294,0.734,49.32941666666667,71.708,wheat,14.446,1.508,3
winter_wheat,AT,AT31,2011,7.54,49587.66,373890.95,48.26089,13.84037,895.321,5.270402739726027,14.044720547945206,9.435953424657534,12357019.340068493,2.066586301369863,8.378827397260274,0.38634794520547944,0.6116363636363636,0.785,54.091388888888886,74.009,wheat,14.446,1.508,3
winter_wheat,AT,AT31,2012,6.57,49380.37,324429.03,48.26089,13.84037,1132.51,5.151311475409837,13.563109289617486,9.194475409836064,11873577.270833334,1.9971147540983605,7.912713114754098,1.097174863387978,0.6215238095238095,0.777,53.24236111111111,73.281,wheat,14.446,1.508,3
winter_wheat,AT,AT31,2013,6.41,48890.15,313385.86,48.26089,13.84037,1204.038,5.221186301369863,13.086920547945205,8.989172602739725,11634200.134073973,1.9594164383561645,7.660441095890412,1.3393178082191781,0.6389268292682927,0.778,53.78636111111111,71.197,wheat,14.446,1.508,3
winter_wheat,AT,AT31,2014,8.14,50039.55,407321.94,48.26089,13.84037,1100.141,6.21347397260274,14.334769863013697,10.114150684931507,11868663.952739727,1.9461835616438354,7.520961643835616,1.0679013698630138,0.6533555555555556,0.739,58.15588888888889,70.579,wheat,14.446,1.508,3
winter_wheat,AT,AT31,2015,7.06,49814.52,351690.53,48.26089,13.84037,902.135,5.981482191780822,14.577197260273971,10.148380821917808,11993783.479282191,2.135890410958904,9.166167123287671,0.33571232876712326,0.6295348837209302,0.738,54.71172222222222,70.395,wheat,14.446,1.508,3
winter_wheat,AT,AT31,2016,6.97,50462.02,351714.24,48.26089,13.84037,1231.593,5.5949426229508195,13.630486338797814,9.458322404371584,11760793.336920764,1.9562295081967214,7.4453688524590165,1.4087786885245903,0.6531818181818182,0.727,58.729000000000006,70.061,wheat,14.446,1.508,3
winter_wheat,AT,AT31,2017,7.27,48082.55,349560.16,48.26089,13.84037,1092.749,5.472717808219178,13.81565205479452,9.495657534246575,12152625.571917808,2.14033698630137,8.533931506849314,0.853495890410959,0.652860465116279,0.826,54.17133333333334,69.878,wheat,14.446,1.508,3
winter_wheat,AT,AT31,2018,6.25,48410.23,302563.98,48.26089,13.84037,988.879,6.463073972602739,14.894180821917809,10.563665753424656,12489348.715410959,2.2409095890410957,9.437263013698631,0.46834794520547945,0.621840909090909,0.722,56.78630555555556,68.312,wheat,14.446,1.508,3
winter_wheat,AT,AT31,2019,7.49,46085.75,345182.3,48.26089,13.84037,1051.766,5.875057534246576,14.655405479452055,10.160487671232877,12231121.525854796,2.1676246575342466,9.061712328767124,0.7139260273972602,0.637,0.745,58.141027777777786,69.802,wheat,14.446,1.508,3
winter_wheat,AT,AT31,2020,7.6,47239.76,359007.03,48.26089,13.84037,1142.675,5.631513661202185,14.191084699453551,9.775472677595628,12230877.707308743,2.0418032786885245,8.18003825136612,1.0802595628415301,0.6556304347826086,0.8,59.71788888888889,71.338,wheat,14.446,1.508,3
winter_wheat,AT,AT32,2008,6.7,216.52,1450.68,47.88361,13.02405,1381.538,4.16907650273224,12.98669398907104,8.411603825136611,11822456.367827868,1.8423579234972678,7.275581967213114,1.9323360655737705,0.6748666666666666,0.806,59.50522222222222,73.198,wheat,14.862,1.396,5
winter_wheat,AT,AT32,2009,3.6,243.08,875.09,47.88361,13.02405,1623.853,4.0048301369863015,12.716542465753424,8.181687671232876,11928764.9368137,1.842605479452055,7.144720547945205,2.6063068493150685,0.6867027027027027,0.786,56.39063888888889,72.92,wheat,14.862,1.396,5
winter_wheat,AT,AT32,2013,5.01,222.21,1113.27,47.88361,13.02405,1573.904,3.867772602739726,12.504865753424657,8.037123287671234,11660571.634761645,1.8169945205479452,7.3220465753424655,2.4950712328767124,0.7092972972972973,0.81,58.387499999999996,72.956,wheat,14.862,1.396,5
winter_wheat,AT,AT32,2014,5.61,225.15,1263.09,47.88361,13.02405,1442.655,5.020994520547945,13.801536986301368,9.234331506849315,11848253.63458904,1.8236986301369862,7.278128767123287,2.1287808219178084,0.7038222222222222,0.794,63.16483333333334,73.226,wheat,14.862,1.396,5
winter_wheat,AT,AT32,2015,6.31,226.16,1427.07,47.88361,13.02405,1213.498,4.534523287671234,13.96402191780822,9.059153424657534,12024939.899657534,1.9443917808219178,8.513616438356165,1.3802602739726029,0.7030952380952381,0.81,60.61013888888889,72.555,wheat,14.862,1.396,5
winter_wheat,AT,AT32,2016,5.804,261.95,1520.33,47.88361,13.02405,1561.067,4.3003661202185794,13.14472131147541,8.56177868852459,11714773.925546449,1.8158415300546447,7.172404371584699,2.4493688524590165,0.7126363636363636,0.79,63.275055555555554,73.851,wheat,14.862,1.396,5
winter_wheat,AT,AT32,2017,4.17,242.99,1013.29,47.88361,13.02405,1541.721,3.9741479452054795,13.14311506849315,8.366953424657535,12162326.919863014,1.9517205479452056,7.909616438356165,2.272172602739726,0.713390243902439,0.807,60.57483333333333,73.439,wheat,14.862,1.396,5
winter_wheat,AT,AT32,2018,6.31,247.62,1562.54,47.88361,13.02405,1281.471,5.080545205479452,14.195761643835617,9.486317808219178,12485071.517978083,2.0432109589041096,8.69475890410959,1.4676684931506847,0.7062195121951219,0.782,60.96283333333333,73.602,wheat,14.862,1.396,5
winter_wheat,AT,AT32,2019,5.91,234.26,1384.43,47.88361,13.02405,1507.461,4.547230136986301,13.915457534246574,9.085358904109588,12180036.426882192,1.9793315068493151,8.393482191780823,2.1506986301369864,0.701825,0.798,59.119277777777775,73.835,wheat,14.862,1.396,5
winter_wheat,AT,AT32,2020,6.361,244.3,1554.04,47.88361,13.02405,1515.656,4.346803278688525,13.707062841530055,8.847396174863388,12164941.176229509,1.9008715846994537,7.8994426229508194,2.2402650273224043,0.717906976744186,0.793,62.76438888888889,74.101,wheat,14.862,1.396,5
winter_wheat,AT,AT33,2007,3.6,139.62,502.63,47.26014,11.47684,1681.098,-0.13793972602739726,9.903901369863014,4.816923287671233,12928815.257191781,1.6983424657534245,6.639027397260274,2.9074054794520547,0.6522272727272728,0.814,58.373694444444446,74.114,wheat,13.989,1.445,5
winter_wheat,AT,AT33,2008,4.81,122.91,591.2,47.26014,11.47684,1759.617,0.06678961748633881,9.498871584699453,4.7065191256830605,12443713.453551913,1.6117213114754099,6.201989071038251,3.1959754098360658,0.6471666666666667,0.768,56.778055555555554,75.129,wheat,13.989,1.445,5
winter_wheat,AT,AT33,2009,5.23,144.42,755.32,47.26014,11.47684,1740.081,-0.13735890410958904,9.27504109589041,4.465712328767123,12867120.776027398,1.6623424657534247,6.180309589041096,3.1050027397260274,0.6770526315789475,0.814,53.34425,76.59,wheat,13.989,1.445,5
winter_wheat,AT,AT33,2010,5.65,122.61,692.75,47.26014,11.47684,1835.442,-0.7035753424657535,8.412608219178082,3.819608219178082,12296093.42260274,1.5877917808219177,5.804334246575342,3.440816438356164,0.6574324324324324,0.775,54.27180555555556,75.407,wheat,13.989,1.445,5
winter_wheat,AT,AT33,2011,5.4,98.23,530.45,47.26014,11.47684,1453.056,0.18240821917808217,10.687484931506848,5.277931506849315,13172853.159589041,1.6920849315068494,7.018956164383561,2.288890410958904,0.6575,0.817,56.13188888888889,75.019,wheat,13.989,1.445,5
winter_wheat,AT,AT33,2012,5.95,83.95,499.5,47.26014,11.47684,1860.22,-0.133051912568306,9.557524590163935,4.62646174863388,12798246.526639344,1.6668661202185793,6.442043715846995,3.4157021857923495,0.6603589743589744,0.905,52.05575,76.339,wheat,13.989,1.445,5
winter_wheat,AT,AT33,2013,5.74,97.33,558.68,47.26014,11.47684,1782.01,-0.05209315068493153,9.059654794520547,4.438024657534246,12632310.430821918,1.6330356164383562,6.12174794520548,3.249183561643836,0.6825128205128205,0.783,54.16777777777778,74.668,wheat,13.989,1.445,5
winter_wheat,AT,AT33,2014,4.97,110.87,551.02,47.26014,11.47684,1769.136,0.9027041095890411,10.241265753424658,5.553471232876713,12485407.214726027,1.6258657534246577,6.1103726027397265,3.221082191780822,0.6793636363636364,0.777,59.07819444444445,74.62,wheat,13.989,1.445,5
winter_wheat,AT,AT33,2015,4.56,77.1,351.54,47.26014,11.47684,1480.177,0.5463013698630137,10.607180821917808,5.404134246575342,12753655.360273972,1.6809972602739724,7.081558904109588,2.374282191780822,0.6626363636363636,0.787,58.945194444444446,75.031,wheat,13.989,1.445,5
winter_wheat,AT,AT33,2016,3.757,82.69,310.69,47.26014,11.47684,1764.925,0.2864863387978142,10.003874316939891,5.065614754098361,12363374.729166666,1.6191065573770491,6.426784153005465,3.2030928961748635,0.6712045454545454,0.783,59.56469444444445,75.164,wheat,13.989,1.445,5
winter_wheat,AT,AT33,2017,5.12,104.84,536.81,47.26014,11.47684,1818.277,-0.2149917808219178,9.865627397260274,4.742046575342465,12834115.794520548,1.6928164383561646,6.736482191780821,3.2887643835616442,0.6592619047619047,0.775,56.27272222222222,73.073,wheat,13.989,1.445,5
winter_wheat,AT,AT33,2018,6.261,90.39,565.89,47.26014,11.47684,1516.361,0.9252082191780823,10.49909589041096,5.63118904109589,12987449.291438356,1.7285534246575343,6.789005479452055,2.4258602739726025,0.6912432432432433,0.761,52.208194444444445,72.465,wheat,13.989,1.445,5
winter_wheat,AT,AT33,2019,5.98,82.05,490.66,47.26014,11.47684,1862.196,0.6115534246575343,10.178545205479452,5.284487671232877,12731532.386986302,1.701112328767123,6.808978082191781,3.400794520547945,0.6919487179487179,0.783,56.21361111111111,74.97,wheat,13.989,1.445,5
winter_wheat,AT,AT33,2020,5.276,89.52,472.35,47.26014,11.47684,1781.589,0.21483060109289615,10.42675956284153,5.2156502732240435,12678879.351092895,1.661879781420765,6.7299999999999995,3.205849726775956,0.6367441860465116,0.952,57.99622222222222,75.298,wheat,13.989,1.445,5
winter_wheat,AT,AT34,2008,4.8,7.45,35.76,47.38827,9.6026,1725.341,3.8115601092896174,12.39980601092896,8.044595628415301,12022453.203122951,1.744,6.737844262295082,2.9700464480874316,0.6332558139534884,0.756,59.138444444444445,77.642,wheat,14.869,1.369,4
winter_wheat,AT,AT34,2009,6.0,18.94,113.64,47.38827,9.6026,1586.712,3.8673123287671234,12.628336986301369,8.241413698630137,12296804.169347946,1.8049424657534245,7.008430136986301,2.542213698630137,0.64535,0.756,59.517222222222216,77.159,wheat,14.869,1.369,4
winter_wheat,AT,AT34,2010,4.24,9.26,39.26,47.38827,9.6026,1746.769,2.835164383561644,11.44585205479452,7.15642191780822,11755670.39708767,1.6971698630136987,6.477301369863014,3.088498630136986,0.6544722222222222,0.746,56.82266666666666,75.994,wheat,14.869,1.369,4
winter_wheat,AT,AT34,2011,5.1,14.58,74.36,47.38827,9.6026,1526.619,3.9886082191780825,13.582178082191781,8.73112602739726,12684640.681421917,1.8261369863013697,7.600172602739726,2.356380821917808,0.6375777777777778,0.76,59.74880555555555,77.049,wheat,14.869,1.369,4
winter_wheat,AT,AT34,2013,6.1,11.11,67.77,47.38827,9.6026,1653.228,3.316178082191781,11.88995616438356,7.582468493150685,11841459.152569862,1.7072821917808219,6.601638356164384,2.8221095890410957,0.675027027027027,0.829,56.69997222222222,75.872,wheat,14.869,1.369,4
winter_wheat,AT,AT34,2015,4.499,7.64,34.37,47.38827,9.6026,1516.394,4.185219178082192,13.424912328767123,8.77034794520548,12326796.133219179,1.8154657534246574,7.688024657534246,2.3390383561643837,0.6715,0.752,61.434361111111116,77.044,wheat,14.869,1.369,4
winter_wheat,AT,AT34,2016,5.653,3.0,16.96,47.38827,9.6026,1695.445,3.890196721311475,12.790945355191257,8.305267759562842,11959069.679644808,1.7336830601092896,6.816811475409836,2.898680327868852,0.6732926829268293,0.863,63.681416666666664,77.172,wheat,14.869,1.369,4
winter_wheat,AT,AT34,2017,4.094,0.64,2.62,47.38827,9.6026,1719.832,3.3138410958904108,12.831172602739725,8.058501369863015,12287177.192120546,1.8201780821917808,7.5006082191780825,2.8916904109589043,0.6722619047619047,0.785,61.673500000000004,76.905,wheat,14.869,1.369,4
winter_wheat,AT,AT34,2018,4.747,3.16,15.0,47.38827,9.6026,1292.378,4.592794520547946,13.870005479452054,9.181580821917809,12823986.287328767,1.9169123287671233,8.131090410958905,1.6238493150684932,0.6524883720930232,0.759,61.62352777777778,72.598,wheat,14.869,1.369,4
winter_wheat,AT,AT34,2019,6.022,1.38,8.31,47.38827,9.6026,1719.164,4.069298630136987,13.4108,8.723646575342466,12314816.6631863,1.8389698630136988,7.592654794520548,2.871068493150685,0.6673888888888889,0.755,60.39263888888888,77.282,wheat,14.869,1.369,4
winter_wheat,AT,AT34,2020,5.169,3.38,17.47,47.38827,9.6026,1554.183,4.015601092896175,13.62387431693989,8.827622950819672,12533057.411202187,1.8487868852459015,7.617016393442623,2.3976147540983606,0.6724222222222223,0.87,63.24319444444445,76.27,wheat,14.869,1.369,4
